chrom,gene_chr_start,gene_chr_end,gene_name,gene_standard_name
1,24000,27968,YAL063C,FLO9
1,31567,32940,YAL062W,GDH3
1,33448,34701,YAL061W,BDH2
1,35155,36303,YAL060W,BDH1
1,36496,36918,YAL059C-A,ECM1
1,36509,37147,YAL059W,ECM1
1,37464,38972,YAL058W,CNE1
1,38696,39046,YAL056C-A,CNE1
1,39259,41901,YAL056W,GPB2
1,42177,42719,YAL055W,PEX22
1,42881,45022,YAL054C,ACS1
1,45899,48250,YAL053W,FLC2
1,48564,51707,YAL051W,OAF1
1,51855,52595,YAL049C,AIM2
1,52801,54789,YAL048C,GEM1
1,54584,54913,YAL047W-A,GEM1
1,54989,56857,YAL047C,SPC72
1,57029,57385,YAL046C,BOL3
1,57488,57796,YAL045C,BOL1
1,57950,58462,YAL044C,GCV3
1,58695,61052,YAL043C,PTA1
1,61316,62563,YAL042W,ERV46
1,62840,65404,YAL041W,CDC24
1,65778,67520,YAL040C,CLN3
1,68716,69525,YAL039C,CYC3
1,71786,73288,YAL038W,CDC19
1,74020,74823,YAL037W,YAL037W
1,75043,76152,YAL036C,RBG1
1,76427,79435,YAL035W,FUN12
1,80710,81951,YAL034C,FUN19
1,82706,83227,YAL033W,POP5
1,83335,84474,YAL032C,PRP45
1,84669,84977,YAL031W-A,PRP45
1,84749,87031,YAL031C,GIP4
1,87286,87752,YAL030W,SNC1
1,87855,92270,YAL029C,MYO4
1,92900,94486,YAL028W,FRT2
1,95630,99697,YAL026C,DRS2
1,100225,101145,YAL025C,MAK16
1,106272,108551,YAL023C,PMT2
1,108877,110430,YAL022C,FUN26
1,110846,113359,YAL021C,CCR4
1,114250,114819,YAL019W-A,ATS1
1,114919,118314,YAL019W,FUN30
1,118564,119541,YAL018C,LDS1
1,120225,124295,YAL017W,PSK1
1,126903,128102,YAL015C,NTG1
1,128252,129019,YAL014C,SYN8
1,129270,130487,YAL013W,DEP1
1,130799,131983,YAL012W,CYS3
1,132199,134076,YAL011W,SWC3
1,134184,135665,YAL010C,MDM10
1,135854,136633,YAL009W,SPO7
1,136914,137510,YAL008W,FUN14
1,137698,138345,YAL007C,ERP2
1,139503,141431,YAL005C,SSA1
1,142174,143160,YAL003W,EFB1
1,143707,147531,YAL002W,VPS8
1,147594,151166,YAL001C,TFC3
1,152257,153876,YAR002W,NUP60
1,154065,154724,YAR002C-A,ERP1
1,155005,156285,YAR003W,SWD1
1,156754,158619,YAR007C,RFA1
1,158966,159793,YAR008W,SEN34
1,166742,168871,YAR014C,BUD14
1,169375,170295,YAR015W,ADE1
1,170396,171703,YAR018C,KIN3
1,172211,175135,YAR019C,CDC15
1,174998,175330,YAR019W-A,CDC15
1,176856,177023,YAR020C,PAU7
1,179281,179820,YAR023C,DFP1
1,183770,184477,YAR027W,UIP3
1,184892,185596,YAR028W,KTD1
1,186321,186545,YAR029W,DFP2
1,186512,186853,YAR030C,DFP2
1,186836,187732,YAR031W,PRM9
1,190193,192256,YAR035W,YAT1
1,192337,192417,YAR035C-A,YAR035C-A
1,192619,196185,YAR042W,SWH1
2,9961,10551,YBL107C,MIX23
2,10847,13879,YBL106C,SRO77
2,14241,17696,YBL105C,PKC1
2,18177,21293,YBL104C,SEA4
2,22076,23536,YBL103C,RTG3
2,24098,24745,YBL102W,SFT2
2,24946,28299,YBL101C,ECM21
2,28427,28546,YBL100W-C,YBL100W-C
2,36989,37303,YBL100C,YNCB0002W
2,37053,38690,YBL099W,ATP1
2,39145,40527,YBL098W,BNA4
2,40831,43095,YBL097W,BRN1
2,46565,47180,YBL091C-A,SCS22
2,49574,50953,YBL089W,AVT5
2,51019,59382,YBL088C,TEL1
2,63876,66818,YBL085W,BOI1
2,67169,69445,YBL084C,CDC27
2,69713,70138,YBL083C,ALG3
2,69751,71127,YBL082C,ALG3
2,71866,72972,YBL081W,YBL081W
2,73070,74695,YBL080C,PET112
2,75259,79767,YBL079W,NUP170
2,80378,80731,YBL078C,ATG8
2,81043,84261,YBL076C,ILS1
2,84499,86448,YBL075C,SSA3
2,86722,87789,YBL074C,AAR2
2,87646,87957,YBL073W,SNR56
2,89458,89556,YBL071C-B,YBL071C-B
2,93639,95882,YBL067C,UBP13
2,101886,105221,YBL063W,KIP1
2,105316,107406,YBL061C,SKT5
2,107932,109995,YBL060W,YEL1
2,111437,112708,YBL058W,SHP1
2,113762,115168,YBL056W,PTC3
2,115573,116829,YBL055C,YBL055C
2,117589,119166,YBL054W,TOD6
2,119335,119709,YBL053W,SAS3
2,119379,121874,YBL052C,SAS3
2,122753,124759,YBL051C,PIN4
2,125125,126119,YBL050W,SEC17
2,126828,127244,YBL049W,MOH1
2,127895,132040,YBL047C,EDE1
2,132424,133749,YBL046W,PSY4
2,134143,135516,YBL045C,COR1
2,135998,136366,YBL044W,YBL044W
2,136688,137461,YBL043W,ECM13
2,138341,140260,YBL042C,FUI1
2,141247,141972,YBL041W,PRE7
2,142112,142868,YBL040C,ERD2
2,143393,143572,YBL039W-B,MIN6
2,143989,145728,YBL039C,URA7
2,146187,146885,YBL038W,MRPL16
2,147209,150286,YBL037W,APL3
2,150447,151220,YBL036C,YBL036C
2,151493,153610,YBL035C,POL12
2,153848,158389,YBL034C,STU1
2,158656,159693,YBL033C,RIB1
2,160184,161329,YBL032W,HEK2
2,161699,162715,YBL031W,SHE1
2,163041,163997,YBL030C,PET9
2,164488,164772,YBL029C-A,YBL029C-A
2,166134,167264,YBL029W,YBL029W
2,167518,167838,YBL028C,YBL028C
2,168423,169376,YBL027W,RPL19B
2,170623,171038,YBL026W,LSM2
2,171481,171918,YBL025W,RRN10
2,172534,174588,YBL024W,NCL1
2,174920,177526,YBL023C,MCM2
2,177874,181275,YBL022C,PIM1
2,181660,182094,YBL021C,HAP3
2,182401,184125,YBL020W,RFT1
2,184353,185915,YBL019W,APN2
2,185998,186474,YBL018C,POP8
2,186844,191583,YBL017C,PEP1
2,192451,193512,YBL016W,FUS3
2,194122,195702,YBL015W,ACH1
2,199064,201748,YBL014C,RRN6
2,202056,203261,YBL013W,FMT1
2,203406,203807,YBL012C,FMT1
2,203538,205817,YBL011W,SCT1
2,206107,206949,YBL010C,LAA2
2,207194,209224,YBL009W,ALK2
2,209409,209648,YBL008W-A,YBL008W-A
2,209653,212175,YBL008W,HIR1
2,212632,216366,YBL007C,SLA1
2,216587,217129,YBL006C,LDB7
2,217470,220400,YBL005W,PDR3
2,227636,235117,YBL004W,UTP20
2,235394,235792,YBL003C,HTA2
2,236492,236887,YBL002W,HTB2
2,237153,237467,YBL001C,ECM15
2,238941,241283,YBR001C,NTH2
2,241708,242568,YBR002C,RER2
2,242809,244230,YBR003W,COQ1
2,244366,245667,YBR004C,GPI18
2,245906,246547,YBR005W,RCR1
2,247010,248503,YBR006W,UGA2
2,248806,251016,YBR007C,DSF2
2,252563,254209,YBR008C,FLR1
2,255373,255684,YBR009C,HHF1
2,256331,256741,YBR010W,HHT1
2,257112,257975,YBR011C,IPP1
2,259147,259566,YBR012C,YBR012W-A
2,265492,265881,YBR013C,YBR013C
2,266725,267336,YBR014C,GRX7
2,267710,269503,YBR015C,MNN2
2,274427,275527,YBR018C,GAL7
2,276253,278352,YBR019C,GAL10
2,279021,280607,YBR020W,GAL1
2,281443,283344,YBR021W,FUR4
2,283738,284271,YBR022W,POA1
2,284428,287925,YBR023C,CHS3
2,290681,291865,YBR025C,OLA1
2,292877,294019,YBR026C,ETR1
2,294425,296002,YBR028C,YPK3
2,296369,297742,YBR029C,CDS1
2,298292,299950,YBR030W,RKM3
2,300166,301254,YBR031W,RPL4A
2,301519,301821,YBR032W,YBR032W
2,301944,304703,YBR033W,EDS1
2,309081,310313,YBR036C,CSG2
2,310565,311452,YBR037C,SCO1
2,311898,314789,YBR038W,CHS2
2,315575,316510,YBR039W,ATP3
2,318266,320275,YBR041W,FAT1
2,320416,321609,YBR042C,CST26
2,321876,323945,YBR043C,QDR3
2,324341,326059,YBR044C,TCM62
2,328173,330092,YBR045C,GIP1
2,330507,331511,YBR046C,ZTA1
2,331833,332360,YBR047W,FMP23
2,332831,333812,YBR048W,RPS11B
2,334386,336818,YBR049C,REB1
2,337183,338199,YBR050C,REG2
2,338720,339352,YBR052C,RFS1
2,339675,340751,YBR053C,YBR053C
2,343101,344135,YBR054W,YRO2
2,344602,347301,YBR055C,PRP6
2,347879,349384,YBR056W,MRX18
2,351255,351455,YBR056W-A,MNC1
2,352193,353293,YBR057C,MUM2
2,353672,356017,YBR058C,UBP14
2,356861,360187,YBR059C,AKL1
2,360652,362514,YBR060C,ORC2
2,364787,365719,YBR061C,TRM7
2,365976,366600,YBR062C,YBR062C
2,366970,368184,YBR063C,CNM1
2,367763,368191,YBR064W,CNM1
2,368584,369678,YBR065C,ECM2
2,370037,370699,YBR066C,NRG2
2,372103,372735,YBR067C,TIP1
2,373861,375690,YBR068C,BAP2
2,376574,378433,YBR069C,TAT1
2,379221,379934,YBR070C,ALG14
2,380411,381046,YBR071W,YBR071W
2,382030,382674,YBR072W,HSP26
2,382860,383021,YBR072C-A,YBR072C-A
2,383112,385988,YBR073W,RDH54
2,386286,389216,YBR074W,PFF1
2,390227,391291,YBR076W,ECM8
2,391351,391617,YBR076C-A,SLM4
2,391805,392293,YBR077C,SLM4
2,393123,394742,YBR078W,ECM33
2,395383,398277,YBR079C,RPG1
2,398614,400890,YBR080C,SEC18
2,401253,405251,YBR081C,SPT7
2,406628,407169,YBR082C,UBC4
2,409169,410629,YBR083W,TEC1
2,411054,413981,YBR084W,MIS1
2,414186,415261,YBR084C-A,RPL19A
2,415983,416906,YBR085W,AAC3
2,418907,419164,YBR085C-A,YBR085C-A
2,420201,423041,YBR086C,IST2
2,423765,424829,YBR087W,RFC5
2,424990,425766,YBR088C,POL30
2,426190,426873,YBR089C-A,YBR090C
2,426333,427058,YBR090C,YBR090C
2,427155,427484,YBR091C,TIM12
2,427698,429101,YBR092C,PHO3
2,429548,430951,YBR093C,PHO5
2,432036,434297,YBR094W,PBY1
2,434406,435698,YBR095C,RXT2
2,436021,436713,YBR096W,YBR096W
2,436951,441315,YBR097W,VPS15
2,441515,443590,YBR098W,MMS4
2,445062,447323,YBR102C,EXO84
2,447709,449316,YBR103W,SIF2
2,449320,449463,YBR103C-A,YMC2
2,449667,450656,YBR104W,YMC2
2,450881,451969,YBR105C,VID24
2,452658,453224,YBR106W,SND3
2,453793,454530,YBR107C,IML3
2,454822,457665,YBR108W,AIM3
2,457919,458362,YBR109C,CMD1
2,458608,458832,YBR109W-A,CMD1
2,458872,460221,YBR110W,ALG1
2,461178,461873,YBR111C,YSA1
2,462139,462579,YBR111W-A,SUS1
2,462870,465770,YBR112C,CYC8
2,465566,466048,YBR113W,CYC8
2,467248,469620,YBR114W,RAD16
2,469748,473926,YBR115C,LYS2
2,474199,474726,YBR116C,TKL2
2,474392,476437,YBR117C,TKL2
2,477671,479047,YBR118W,TEF2
2,479338,480323,YBR119W,MUD1
2,480435,480923,YBR120C,CBP6
2,481364,483367,YBR121C,GRS1
2,483970,484503,YBR122C,MRPL36
2,484742,486691,YBR123C,TFC1
2,486507,486866,YBR124W,TFC1
2,487199,488380,YBR125C,PTC4
2,490927,491070,YBR126W-B,MEO1
2,493081,494115,YBR128C,ATG14
2,494353,495339,YBR129C,OPY1
2,495592,496869,YBR130C,SHE3
2,497163,499277,YBR131W,CCZ1
2,499652,501442,YBR132C,AGP2
2,501804,504287,YBR133C,HSL7
2,504243,504644,YBR134W,CKS1
2,504854,505306,YBR135W,CKS1
2,505668,512774,YBR136W,MEC1
2,513044,513583,YBR137W,YBR137W
2,513762,515336,YBR138C,YBR138C
2,515664,517190,YBR139W,ATG42
2,517350,526628,YBR140C,IRA1
2,527025,528038,YBR141C,BMT2
2,528317,530638,YBR142W,MAK5
2,530869,532182,YBR143C,SUP45
2,533235,533549,YBR144C,YBR144C
2,533762,534817,YBR145W,ADH5
2,535260,536096,YBR146W,MRPS9
2,536575,537465,YBR147W,RTC2
2,537876,539705,YBR148W,YSW1
2,539987,541021,YBR149W,ARA1
2,541209,544493,YBR150C,TBS1
2,545028,545978,YBR151W,APD1
2,546376,547251,YBR152W,SPP381
2,547460,548194,YBR153W,RIB7
2,548362,549009,YBR154C,RPB5
2,549771,550928,YBR155W,CNS1
2,551104,553200,YBR156C,SLI15
2,553543,554310,YBR157C,ICS2
2,556549,558198,YBR158W,AMN1
2,558685,559728,YBR159W,IFA38
2,560078,560974,YBR160W,CDC28
2,561634,562764,YBR161W,CSH1
2,563203,564570,YBR162C,TOS1
2,565231,565428,YBR162W-A,YSY6
2,565723,567480,YBR163W,EXO5
2,567875,568426,YBR164C,ARL1
2,568852,569685,YBR165W,UBS1
2,569842,571200,YBR166C,TYR1
2,571468,571890,YBR167C,POP7
2,572371,573612,YBR168W,PEX32
2,573915,575996,YBR169C,SSE2
2,576344,578086,YBR170C,NPL4
2,578364,578984,YBR171W,SEC66
2,579150,581372,YBR172C,SMY2
2,581726,582172,YBR173C,UMP1
2,582338,582652,YBR174C,SWD3
2,582408,583355,YBR175W,SWD3
2,583720,584658,YBR176W,ECM31
2,584807,586162,YBR177C,EHT1
2,586071,586445,YBR178W,EHT1
2,586547,589114,YBR179C,FZO1
2,589741,591459,YBR180W,DTR1
2,591712,592774,YBR181C,RPS6B
2,593506,594864,YBR182C,SMP1
2,595361,595555,YBR182C-A,YBR182C-A
2,596115,597065,YBR183W,YPC1
2,597363,598934,YBR184W,YBR184W
2,599123,599959,YBR185C,MBA1
2,600553,602360,YBR186W,PCH2
2,602634,603476,YBR187W,GDT1
2,603685,604107,YBR188C,NTC20
2,604508,605508,YBR189W,RPS9B
2,605966,606277,YBR190W,RPL21A
2,606270,607140,YBR191W,RPL21A
2,607149,607223,YBR191W-A,RPL21A
2,607652,608785,YBR192W,RIM2
2,609082,609753,YBR193C,MED8
2,610038,610409,YBR194W,AIM4
2,610614,611882,YBR195C,MSI1
2,612236,613900,YBR196C,PGI1
2,614024,614173,YBR196C-A,YBR196C-A
2,614526,614630,YBR196C-B,YBR196C-B
2,615203,615856,YBR197C,YBR197C
2,616127,618523,YBR198C,TAF5
2,618909,620303,YBR199W,KTR4
2,620872,622527,YBR200W,BEM1
2,623576,624211,YBR201W,DER1
2,624493,624696,YBR201C-A,MIN7
2,625772,628309,YBR202W,MCM7
2,629168,631942,YBR203W,COS111
2,632254,633381,YBR204C,LDH1
2,633622,634836,YBR205W,KTR3
2,634601,634924,YBR206W,KTR3
2,635146,636543,YBR207W,FTH1
2,636703,642210,YBR208C,DUR12
2,642583,642900,YBR209W,YBR209W
2,645550,645978,YBR210W,ERV15
2,646158,647132,YBR211C,AME1
2,647886,649904,YBR212W,NGR1
2,650368,651192,YBR213W,MET8
2,651415,652998,YBR214W,SDS24
2,653356,655317,YBR215W,HPC2
2,655576,657600,YBR216C,YBP1
2,657832,658392,YBR217W,ATG12
2,658707,662249,YBR218C,PYC2
2,662499,663303,YBR219C,YBR219C
2,662995,664677,YBR220C,YBR220C
2,665153,666253,YBR221C,PDB1
2,666538,666642,YBR221W-A,YBR221W-A
2,666720,668351,YBR222C,PCS60
2,668663,670297,YBR223C,TDP1
2,670125,670640,YBR224W,TDP1
2,670627,673329,YBR225W,YBR225W
2,673572,675134,YBR227C,MCX1
2,675313,676227,YBR228W,SLX1
2,676357,679221,YBR229C,ROT2
2,679549,680050,YBR230C,OM14
2,680362,680562,YBR230W-A,COQ21
2,682179,683090,YBR231C,SWC5
2,683373,683732,YBR232C,PBP2
2,683428,684669,YBR233W,PBP2
2,685438,686592,YBR234C,ARC40
2,686901,690263,YBR235W,VHC1
2,690383,691693,YBR236C,ABD1
2,691969,694518,YBR237W,PRP5
2,695107,697302,YBR238C,YBR238C
2,700490,701842,YBR240C,THI2
2,702589,704055,YBR241C,VVS1
2,704670,705386,YBR242W,YBR242W
2,705447,706793,YBR243C,ALG7
2,707528,708016,YBR244W,GPX2
2,708150,711539,YBR245C,ISW1
2,711591,712754,YBR246W,RRT2
2,713004,714455,YBR247C,ENP1
2,714807,716465,YBR248C,HIS7
2,716882,717994,YBR249C,ARO4
2,719033,720604,YBR250W,SPO23
2,727386,728102,YBR256C,RIB5
2,729734,730162,YBR258C,SHG1
2,730387,732453,YBR259W,YBR259W
2,732639,734639,YBR260C,RGD1
2,734832,735530,YBR261C,TAE1
2,736264,737736,YBR263W,SHM1
2,737770,738369,YBR264C,YPT10
2,738582,739544,YBR265W,TSC10
2,739841,741022,YBR267W,REI1
2,741299,741616,YBR268W,MRPL37
2,742160,742576,YBR269C,SDH8
2,742761,744398,YBR270C,BIT2
2,744852,746111,YBR271W,EFM2
2,746361,747803,YBR272C,HSM3
2,748061,749371,YBR273C,UBX7
2,749594,751177,YBR274W,CHK1
2,751356,757106,YBR275C,RIF1
2,757620,760043,YBR276C,PPS1
2,760215,760616,YBR277C,DPB3
2,762784,764697,YBR280C,SAF1
2,764970,767606,YBR281C,DUG2
2,768240,768680,YBR282W,MRPL27
2,768943,770415,YBR283C,SSH1
2,771239,773632,YBR284W,YBR284W
2,773922,774356,YBR285W,HAB1
2,774700,776313,YBR286W,APE3
2,778012,779463,YBR288C,APM3
2,779667,782384,YBR289W,SNF5
2,782591,783556,YBR290W,BSD2
2,783673,784572,YBR291C,CTP1
2,784702,785073,YBR292C,YBR292C
2,787006,788430,YBR293W,VBA2
2,789235,791814,YBR294W,SUL1
2,792849,796499,YBR295W,PCA1
3,1392,2135,YCL076W,YCL075W
3,13751,14119,YCL065W,HMLALPHA1
3,17290,18561,YCL063W,VAC17
3,22429,23379,YCL059C,KRR1
3,24768,26906,YCL057W,PRD1
3,27929,28936,YCL055W,KAR4
3,30910,30996,YCL054W-A,RDT1
3,31449,33974,YCL054W,SPB1
3,34143,35393,YCL052C,PBN1
3,35865,37616,YCL051W,LRE1
3,37836,38801,YCL050C,APA1
3,39786,40724,YCL049C,YCL049C
3,41488,41727,YCL048W-A,YCL048W-A
3,42165,43556,YCL048W,SPS22
3,43661,44437,YCL047C,POF1
3,44623,46905,YCL045C,EMC1
3,47111,48364,YCL044C,MGR1
3,48653,50221,YCL043C,PDI1
3,50133,50627,YCL041C,YCL042W
3,50584,50943,YCL042W,YCL042W
3,50838,52340,YCL040W,GLK1
3,52645,54882,YCL039W,GID7
3,54941,56527,YCL038C,ATG22
3,57374,58678,YCL037C,SRO9
3,59026,60726,YCL036W,GFD2
3,60841,61173,YCL035C,GRX1
3,61658,62722,YCL034W,LSB5
3,63441,64481,YCL032W,STE50
3,65934,68333,YCL030C,HIS4
3,68599,69921,YCL029C,BIK1
3,70150,71367,YCL028W,RNQ1
3,71803,73341,YCL027W,FUS1
3,73405,73986,YCL026C-B,HBN1
3,74704,75285,YCL026C-A,FRM2
3,76018,77919,YCL025C,AGP1
3,78949,79296,YCL023C,KCC4
3,79162,82275,YCL024W,KCC4
3,83620,83997,YCL021W-A,YCL021W-A
3,91324,92418,YCL018W,LEU2
3,92777,94270,YCL017C,NFS1
3,94621,95763,YCL016C,DCC1
3,96281,101191,YCL014W,BUD3
3,101317,101788,YCL012C,YCL012C
3,102075,103358,YCL011C,GBP2
3,103571,104350,YCL010C,SGF29
3,106974,107366,YCL007C,VMA9
3,111916,112482,YCL001W,RER1
3,115685,115999,YCR001W,YCR001W
3,117380,118348,YCR002C,CDC10
3,118620,119171,YCR003W,MRPL32
3,119575,120318,YCR004C,YCP4
3,122530,123003,YCR006C,YCR006C
3,126011,126730,YCR007C,DFP3
3,128470,130281,YCR008W,SAT4
3,132273,133124,YCR010C,ADY2
3,141217,142170,YCR015C,CTO1
3,144773,147634,YCR017C,CWH43
3,148238,148903,YCR018C,SRD1
3,151608,151862,YCR018C-A,YNCC0009C
3,152837,153928,YCR019W,MAK32
3,154012,154659,YCR020C,PET18
3,155320,155556,YCR020W-B,HTL1
3,156109,157107,YCR021C,HSP30
3,157421,157765,YCR022C,YCR022C
3,164111,166339,YCR026C,NPP1
3,167370,167999,YCR027C,RHB1
3,170886,172424,YCR028C,FEN2
3,172950,173440,YCR028C-A,RIM1
3,173826,176438,YCR030C,SYP1
3,177500,178220,YCR031C,RPS14A
3,179520,186023,YCR032W,BPH1
3,186489,190169,YCR033W,SNT1
3,190592,191635,YCR034W,ELO2
3,193297,194298,YCR036W,RBK1
3,194414,197185,YCR037C,PHO87
3,197621,199549,YCR038C,BUD5
3,199546,200178,YCR039C,MATALPHA2
3,200911,201243,YCR041W,YCR041W
3,201174,205397,YCR042C,TAF2
3,208135,209610,YCR045C,RRT12
3,211871,212317,YCR049C,ARE1
3,211929,213761,YCR048W,ARE1
3,214071,214739,YCR051W,YCR051W
3,214994,216445,YCR052W,RSC6
3,216697,218241,YCR053W,THR4
3,218376,220067,YCR054C,CTR86
3,220457,223228,YCR057C,PWP2
3,223454,224230,YCR059C,YIH1
3,224399,224734,YCR060W,TAH1
3,225563,227458,YCR061W,TVS1
3,228095,228505,YCR064C,BUD31
3,228318,228791,YCR063W,BUD31
3,229310,231004,YCR065W,HCM1
3,231500,232963,YCR066W,RAD18
3,233125,236322,YCR067C,SED4
3,237214,238776,YCR068W,ATG15
3,239055,240011,YCR069W,CPR4
3,240103,240543,YCR071C,IMG2
3,240805,242352,YCR072C,RSA4
3,242588,246583,YCR073C,SSK22
3,246963,247910,YCR073W-A,SOL2
3,248033,248815,YCR075C,ERS1
3,248975,249202,YCR075W-A,EGO2
3,249293,250045,YCR076C,FUB1
3,250238,252628,YCR077C,PAT1
3,252845,254173,YCR079W,PTC6
3,254371,258654,YCR081W,SRB8
3,260311,262452,YCR084C,TUP1
3,262916,263269,YCR085W,YCR085W
3,263392,263964,YCR086W,CSM1
3,267434,272263,YCR089W,FIG2
3,274404,276566,YCR091W,KIN82
3,280117,286443,YCR093W,CDC39
3,286762,287937,YCR094W,CDC50
3,288170,289258,YCR095C,OCA4
3,289639,289797,YCR095W-A,YCR095W-A
3,293179,293538,YCR096C,HMRA2
4,18959,19312,YDL242W,YDL242W
4,20635,21006,YDL241W,YDL241W
4,22823,25876,YDL240W,LRG1
4,26403,28775,YDL239C,ADY3
4,28985,30454,YDL238C,GUD1
4,30657,31829,YDL237W,AIM6
4,32296,33234,YDL236W,PHO13
4,33415,33918,YDL235C,YPD1
4,34237,36477,YDL234C,GYP7
4,36797,38173,YDL233W,MFG1
4,38867,42244,YDL231C,BRE4
4,42700,43707,YDL230W,PTP1
4,44065,45906,YDL229W,SSB1
4,45277,45918,YDL228C,SSB1
4,51115,52173,YDL226C,GCS1
4,52445,54100,YDL225W,SHS1
4,54397,56346,YDL224C,WHI4
4,57265,60405,YDL223C,HBT1
4,62011,62562,YDL221W,FMP45
4,62244,65018,YDL220C,CDC13
4,65242,65765,YDL219W,DTD1
4,66493,67446,YDL218W,YDL218W
4,67983,68606,YDL217C,TIM22
4,68997,70319,YDL216C,RRI1
4,70640,73918,YDL215C,GDH2
4,74446,76545,YDL214C,PRR2
4,77289,77966,YDL213C,NOP6
4,78426,79058,YDL212W,SHR3
4,79294,80412,YDL211C,YDL211C
4,84270,85985,YDL210W,UGA4
4,86207,87226,YDL209C,CWC2
4,87512,87982,YDL208W,NHP2
4,88248,89864,YDL207W,GLE1
4,90176,92464,YDL206W,YCX1
4,92762,93745,YDL205C,HEM3
4,94605,95786,YDL204W,RTN2
4,96082,97953,YDL203C,ACK1
4,98475,99224,YDL202W,MRPL11
4,99561,100421,YDL201W,TRM8
4,100501,101067,YDL200C,MGT1
4,101290,103353,YDL199C,YDL199C
4,103649,104551,YDL198C,GGC1
4,104917,106494,YDL197C,ASF2
4,106741,107070,YDL196W,ASF2
4,107208,111029,YDL195W,SEC31
4,111580,114234,YDL194W,SNF3
4,114672,115799,YDL193W,NUS1
4,116321,116866,YDL192W,ARF1
4,117664,118517,YDL191W,RPL35A
4,118707,121592,YDL190C,UFD2
4,122078,123589,YDL189W,RBS1
4,123865,124998,YDL188C,PPH22
4,125509,125838,YDL187C,YDL186W
4,126787,130002,YDL185W,VMA1
4,130407,130484,YDL184C,RPL41A
4,130871,131833,YDL183C,MRX19
4,133437,134723,YDL182W,LYS20
4,135179,135436,YDL181W,INH1
4,135896,137539,YDL180W,AIT1
4,138291,139205,YDL179W,PCL9
4,139522,141114,YDL178W,DLD2
4,141209,141721,YDL177C,YDL177C
4,142097,144223,YDL176W,GID12
4,144484,145518,YDL175C,AIR2
4,145826,147589,YDL174C,DLD1
4,148191,149078,YDL173W,PAR32
4,149203,155640,YDL171C,GLT1
4,156318,157904,YDL170W,UGA3
4,158064,158735,YDL169C,UGX2
4,159604,160764,YDL168W,SFA1
4,160995,163154,YDL167C,NRP1
4,163449,164042,YDL166C,FAP7
4,164290,164865,YDL165W,CDC36
4,164987,167254,YDL164C,CDC9
4,166956,167258,YDL163W,CDC9
4,167714,169078,YDL161W,ENT1
4,170410,171930,YDL160C,DHH1
4,172182,172313,YDL159W-A,YDL159W-A
4,172481,174028,YDL159W,STE7
4,173866,174174,YDL158C,DMO2
4,174232,174588,YDL157C,DMO2
4,174918,176486,YDL156W,CMR1
4,176773,178056,YDL155W,CLB3
4,178334,181039,YDL154W,MSH5
4,181186,183018,YDL153C,SAS10
4,183318,183899,YDL151C,RPC53
4,183343,184611,YDL150W,RPC53
4,184925,187918,YDL149W,ATG9
4,188154,190586,YDL148C,NOP14
4,190924,192261,YDL147W,RPN5
4,192750,194225,YDL146W,LDB17
4,194571,198176,YDL145C,COP1
4,198662,199732,YDL144C,YDL144C
4,199996,201582,YDL143W,CCT4
4,201719,202570,YDL142C,CRD1
4,203039,205111,YDL141W,BPL1
4,205360,210561,YDL140C,RPO21
4,211375,212046,YDL139C,SCM3
4,213351,215642,YDL138W,RGT2
4,216158,217074,YDL137W,ARF2
4,217600,218367,YDL136W,RPL35B
4,218680,219288,YDL135C,RDI1
4,219662,220771,YDL134C,PPH21
4,221724,221801,YDL133C-A,RPL41B
4,222427,223740,YDL133W,SRF1
4,224304,226751,YDL132W,CDC53
4,227393,228715,YDL131W,LYS21
4,229171,229431,YDL130W-A,STF1
4,229906,230527,YDL130W,RPP1B
4,231024,231899,YDL129W,YDL129W
4,232652,233887,YDL128W,VCX1
4,234927,235853,YDL127W,PCL2
4,236157,238664,YDL126C,CDC48
4,239019,239606,YDL125C,HNT1
4,240259,241197,YDL124W,YDL124W
4,241418,241840,YDL123W,SNA4
4,242552,244981,YDL122W,UBP1
4,245923,246447,YDL120W,YFH1
4,246689,247612,YDL119C,HEM25
4,247302,247682,YDL118W,HEM25
4,248581,251238,YDL117W,CYK3
4,251566,253746,YDL116W,NUP84
4,253995,255126,YDL115C,IWR1
4,255604,256530,YDL114W,YDL114W
4,256633,258555,YDL113C,ATG20
4,258915,263225,YDL112W,TRM3
4,263313,264110,YDL111C,RRP42
4,264512,264964,YDL110C,TMA17
4,265258,267201,YDL109C,YDL109C
4,267698,268699,YDL108W,KIN28
4,268921,269976,YDL107W,MSS2
4,270222,271901,YDL106C,PHO2
4,272389,273597,YDL105W,NSE4
4,273653,274876,YDL104C,QRI7
4,275148,276581,YDL103C,QRI1
4,276872,280165,YDL102W,POL3
4,280307,281848,YDL101C,DUN1
4,282112,283176,YDL100C,GET3
4,283419,284444,YDL099W,BUG1
4,284581,285165,YDL098C,SNU23
4,285391,286695,YDL097C,RPN6
4,286998,287324,YDL096C,RPN6
4,287059,289512,YDL095W,PMT1
4,289572,290081,YDL094C,PMT5
4,289909,292140,YDL093W,PMT5
4,292781,293221,YDL092W,SRP14
4,293392,294759,YDL091C,UBX3
4,295034,296329,YDL090C,RAM1
4,296820,298274,YDL089W,NUR1
4,298417,300003,YDL088C,ASM4
4,300214,300999,YDL087C,LUC7
4,301413,302234,YDL086W,YDL086W
4,302464,302670,YDL085C-A,YDL085C-A
4,303211,304848,YDL085W,NDE2
4,305237,306577,YDL084W,SUB2
4,306926,307789,YDL083C,RPS16B
4,308424,309388,YDL082W,RPL13A
4,309802,310122,YDL081C,RPP1A
4,310642,312471,YDL080C,THI3
4,312951,314748,YDL079C,MRK1
4,316971,320120,YDL077C,VAM6
4,320668,321552,YDL076C,RXT3
4,324047,326149,YDL074C,BRE1
4,326613,329567,YDL073W,AHK1
4,329836,330447,YDL072C,YET3
4,334217,334396,YDL067C,COX9
4,336249,337277,YDL065C,PEX19
4,338272,340134,YDL063C,SYO1
4,341619,343985,YDL060W,TSR1
4,345665,351037,YDL058W,USO1
4,352877,355378,YDL056W,MBP1
4,355674,356759,YDL055C,PSA1
4,359825,361285,YDL054C,MCH1
4,361699,362256,YDL053C,PBP4
4,362672,363583,YDL052C,SLC1
4,363952,364779,YDL051W,LHP1
4,364446,364817,YDL050C,LHP1
4,366739,368211,YDL048C,STP4
4,369771,370706,YDL047W,SIT4
4,371240,371761,YDL046W,NPC2
4,372248,372535,YDL045W-A,MRP10
4,372688,373608,YDL045C,FAD1
4,373967,375289,YDL044C,MTF2
4,378874,381438,YDL040C,NAT1
4,381985,384081,YDL039C,PRM7
4,384601,385587,YDL037C,BSC1
4,387513,388901,YDL036C,PUS9
4,389172,392057,YDL035C,GPR1
4,391783,392127,YDL034W,SLM3
4,394217,397204,YDL031W,DBP10
4,397537,399129,YDL030W,PRP9
4,399340,400638,YDL029W,ARP2
4,400997,403291,YDL028C,MPS1
4,403695,404957,YDL027C,MRX9
4,405344,407206,YDL025C,RTK1
4,408451,409857,YDL024C,DIA3
4,411825,413000,YDL022W,GPD1
4,413953,414888,YDL021W,GPM2
4,415113,416708,YDL020C,RPN4
4,417663,421514,YDL019C,OSH2
4,424209,425732,YDL017W,CDC7
4,425570,425872,YDL016C,TSC13
4,426002,426934,YDL015C,TSC13
4,427364,428347,YDL014W,NOP1
4,429067,430926,YDL013W,SLX5
4,431108,431517,YDL012C,YDL012C
4,432308,432631,YDL011C,GRX6
4,432925,433248,YDL009C,YDL009C
4,433497,433994,YDL008W,APC11
4,436567,436824,YDL007C-A,YDL007C-A
4,438047,439360,YDL007W,RPT2
4,439909,440754,YDL006W,PTC1
4,441014,442309,YDL005C,MED2
4,443029,443511,YDL004W,ATP16
4,444683,446383,YDL003W,MCD1
4,446967,447578,YDL002C,NHP10
4,447984,449276,YDL001W,RMD1
4,450220,452475,YDR001C,NTH1
4,453045,453650,YDR002W,YRB1
4,454122,454754,YDR003W,RCR2
4,454782,454904,YDR003W-A,YDR003W-A
4,455201,456583,YDR004W,RAD57
4,456836,458103,YDR005C,MAF1
4,458542,461247,YDR006C,SOK1
4,461842,462516,YDR007W,TRP1
4,462252,462602,YDR008C,TRP1
4,463434,464996,YDR009W,GAL3
4,465051,465383,YDR010C,YDR010C
4,465919,470424,YDR011W,SNQ2
4,474046,475989,YDR014W,RAD61
4,477797,478285,YDR014W-A,HED1
4,479115,482267,YDR017C,KCS1
4,482670,483860,YDR018C,MLG1
4,484163,485365,YDR019C,GCV1
4,485746,486444,YDR020C,DAS2
4,486804,488003,YDR021W,FAL1
4,491515,492324,YDR025W,RPS11A
4,492556,494268,YDR026C,NSI1
4,494649,497318,YDR027C,VPS54
4,497835,500879,YDR028C,REG1
4,501753,503273,YDR030C,RAD28
4,504099,504695,YDR032C,PST2
4,508147,509109,YDR033W,MRH1
4,509737,512109,YDR034C,LYS14
4,520516,520692,YDR034C-A,YDR034C-A
4,521314,521469,YDR034W-B,CPP3
4,521816,522928,YDR035W,ARO3
4,523211,524713,YDR036C,EHD3
4,525440,527215,YDR037W,KRS1
4,527422,530697,YDR038C,ENA5
4,535192,538467,YDR040C,ENA1
4,539803,540414,YDR041W,RSM10
4,540601,541203,YDR042C,YDR042C
4,542674,543369,YDR043C,NRG1
4,546642,547628,YDR044W,HEM13
4,548762,550576,YDR046C,BAP3
4,551860,552948,YDR047W,HEM12
4,553254,555152,YDR049W,VMS1
4,555726,556472,YDR050C,TPI1
4,557056,558060,YDR051C,DET1
4,558511,560625,YDR052C,DBF4
4,561440,562327,YDR054C,CDC34
4,563527,564861,YDR055W,PST1
4,565023,565640,YDR056C,EMC10
4,565927,567555,YDR057W,YOS9
4,567723,568703,YDR058C,TGL2
4,569234,569770,YDR059C,UBC5
4,570649,573726,YDR060W,MAK21
4,574164,575783,YDR061W,YDR061W
4,576474,578159,YDR062W,LCB2
4,578663,579112,YDR063W,AIM7
4,579458,580452,YDR064W,RPS13
4,580687,581784,YDR065W,RRG1
4,581908,582498,YDR066C,RTR2
4,582791,583465,YDR067C,OCA6
4,583713,584645,YDR068W,DOS2
4,584939,587719,YDR069C,DOA4
4,588098,588379,YDR070C,FMP16
4,588827,589402,YDR071C,PAA1
4,589761,591344,YDR072C,IPT1
4,592439,592948,YDR073W,SNF11
4,593893,596583,YDR074W,TPS2
4,597156,598082,YDR075W,PPH3
4,598468,599688,YDR076W,RAD55
4,600793,601809,YDR077W,SED1
4,602198,602869,YDR078C,SHU2
4,603064,603399,YDR079W,PET100
4,603593,603811,YDR079C-A,TFB5
4,604008,606986,YDR080W,VPS41
4,607304,610081,YDR081C,PDC2
4,610441,611925,YDR082W,STN1
4,612073,613251,YDR083W,RRP8
4,613405,614004,YDR084C,TVP23
4,614288,616150,YDR085C,AFR1
4,616928,617170,YDR086C,SSS1
4,617470,618306,YDR087C,RRP1
4,618497,619645,YDR088C,SLU7
4,622112,624721,YDR089W,VTC5
4,625066,625998,YDR090C,ILT1
4,626708,628534,YDR091C,RLI1
4,629876,630605,YDR092W,UBC13
4,637139,639823,YDR096W,GIS1
4,640109,643837,YDR097C,MSH6
4,644178,644930,YDR098C,GRX3
4,652781,654428,YDR099W,BMH2
4,655013,655444,YDR100W,TVP15
4,655686,657467,YDR101C,ARX1
4,661173,664910,YDR104C,SPO71
4,671269,673365,YDR108W,TRS85
4,673520,675667,YDR109C,YDR109C
4,678241,679764,YDR111C,ALT2
4,680496,681617,YDR113C,PDS1
4,683946,685643,YDR117C,TMA64
4,685882,687840,YDR118W,APC4
4,688227,690533,YDR119W,VBA4
4,691549,693261,YDR120C,TRM1
4,693585,694175,YDR121W,DPB4
4,694700,697894,YDR122W,KIN1
4,700315,701289,YDR124W,YDR124W
4,703234,704244,YDR126W,SWF1
4,704484,709250,YDR127W,ARO1
4,709549,712995,YDR128W,MTC5
4,713340,715379,YDR129C,SAC6
4,716790,718460,YDR131C,YDR131C
4,718816,720303,YDR132C,MRX16
4,720962,721297,YDR133C,CCW22
4,723004,727551,YDR135C,YCF1
4,727711,728283,YDR136C,RGP1
4,728259,730250,YDR137W,RGP1
4,730578,732836,YDR138W,HPR1
4,733618,733924,YDR139C,RUB1
4,734138,734803,YDR140W,MTQ2
4,734901,739997,YDR141C,DOP1
4,740473,741600,YDR142C,PEX7
4,742042,743874,YDR143C,SAN1
4,744311,746101,YDR144C,MKC7
4,746738,748357,YDR145W,TAF12
4,748613,750742,YDR146C,SWI5
4,751631,753235,YDR147W,EKI1
4,753675,755066,YDR148C,KGD2
4,755555,756262,YDR149C,KGD2
4,755628,763874,YDR150W,NUM1
4,765706,766503,YDR152W,GIR2
4,766736,767971,YDR153C,ENT5
4,769525,769938,YDR156W,RPA14
4,769931,770332,YDR157W,YDR157W
4,770357,771454,YDR158W,HOM2
4,771877,775782,YDR159W,SAC3
4,776163,778721,YDR160W,SSY1
4,780390,781100,YDR162C,NBP2
4,781423,781950,YDR163W,CWC15
4,782041,784215,YDR164C,SEC1
4,784871,786205,YDR165W,TRM82
4,794574,794723,YDR169C-A,YDR169C-A
4,796193,802222,YDR170C,SEC7
4,806621,807748,YDR171W,HSP42
4,808324,810381,YDR172W,SUP35
4,810565,811632,YDR173C,ARG82
4,812110,812850,YDR174W,HMO1
4,813193,814152,YDR175C,RSM24
4,814452,816560,YDR176W,NGG1
4,816878,817525,YDR177W,UBC1
4,817950,818495,YDR178W,SDH4
4,818708,819196,YDR179C,CSN9
4,819433,820824,YDR179W-A,NVJ3
4,821295,825776,YDR180W,SCC2
4,825910,827355,YDR181C,SAS4
4,827582,829057,YDR182W,CDC1
4,829151,829354,YDR182W-A,YDR182W-A
4,829585,830277,YDR183W,PLP1
4,830397,830654,YDR183C-A,ATC1
4,830629,831513,YDR184C,ATC1
4,831934,832473,YDR185C,UPS3
4,832859,835492,YDR186C,SND1
4,836228,836746,YDR187C,CCT6
4,838392,840392,YDR189W,SLY1
4,842337,843449,YDR191W,HST4
4,843569,844861,YDR192C,NUP42
4,844554,844952,YDR193W,NUP42
4,845952,847946,YDR194C,MSS116
4,848071,848223,YDR194W-A,YDR194W-A
4,848599,850200,YDR195W,REF2
4,850274,850999,YDR196C,CAB5
4,851228,852397,YDR197W,CBS2
4,854279,856093,YDR200C,VPS64
4,856317,856814,YDR201W,SPC19
4,856898,857953,YDR202C,RAV2
4,858137,859144,YDR204W,COQ4
4,859346,861520,YDR205W,MSC2
4,862054,864708,YDR206W,EBS1
4,865012,867522,YDR207C,UME6
4,868224,870563,YDR208W,MSS4
4,871036,871449,YDR209C,YDR209C
4,884727,886865,YDR211W,GCD6
4,887232,888911,YDR212W,TCP1
4,889751,892492,YDR213W,UPC2
4,892875,893927,YDR214W,AHA1
4,894089,894502,YDR215C,YDR215C
4,895035,899006,YDR216W,ADR1
4,899551,903480,YDR217C,RAD9
4,905455,906852,YDR219C,MFB1
4,907330,909438,YDR221W,GTB1
4,910054,911301,YDR222W,YDR222W
4,912099,913502,YDR223W,CRF1
4,921926,923806,YDR228C,PCF11
4,926223,926570,YDR230W,COX20
4,926293,926910,YDR231C,COX20
4,927452,929098,YDR232W,HEM1
4,929470,930357,YDR233C,RTN1
4,931129,933210,YDR234W,LYS4
4,933504,935138,YDR235W,PRP42
4,935236,935892,YDR236C,FMN1
4,936615,937493,YDR237W,MRPL7
4,937895,940816,YDR238C,SEC26
4,941057,943420,YDR239C,YDR239C
4,943674,945152,YDR240C,SNU56
4,946807,948456,YDR242W,AMD2
4,948518,950284,YDR243C,PRP28
4,950563,952401,YDR244W,PEX5
4,955133,955333,YDR246W-A,YDR246W-A
4,956013,957398,YDR247W,VHS1
4,958681,959802,YDR249C,YDR249C
4,960614,963106,YDR251W,PAM1
4,963412,963861,YDR252W,BTT1
4,963990,964565,YDR253C,MET32
4,965113,966489,YDR254W,CHL4
4,968133,969680,YDR256C,CTA1
4,971808,974243,YDR258C,HSP78
4,974631,975782,YDR259C,YAP6
4,976717,977229,YDR260C,SWM1
4,977521,979209,YDR261C,EXG2
4,993134,993952,YDR262W,YDR262W
4,996029,998323,YDR264C,AKR1
4,998864,999877,YDR265W,PEX10
4,1004004,1005143,YDR268W,MSW1
4,1005675,1008689,YDR270W,CCC2
4,1008395,1008766,YDR271C,GLO2
4,1011589,1011960,YDR274C,YDR274C
4,1012252,1012959,YDR275W,TLD1
4,1013476,1013643,YDR276C,PMP3
4,1014401,1015702,YDR277C,MTH1
4,1017001,1017318,YDR278C,YNCD0021C
4,1019368,1020420,YDR279W,RNH202
4,1022007,1022321,YDR281C,PHM6
4,1025070,1030049,YDR283C,GCN2
4,1035995,1036873,YDR287W,INM2
4,1037195,1038106,YDR288W,NSE3
4,1038280,1039509,YDR289C,RTT103
4,1039728,1042961,YDR291W,HRQ1
4,1043146,1045011,YDR292C,SRP101
4,1045640,1049392,YDR293C,SSD1
4,1050459,1052228,YDR294C,DPL1
4,1052623,1054647,YDR295C,HDA2
4,1055212,1055892,YDR296W,MHR1
4,1056551,1057600,YDR297W,SUR2
4,1058176,1058814,YDR298C,ATP5
4,1059627,1061231,YDR299W,BFR2
4,1061505,1062791,YDR300C,PRO1
4,1063352,1067425,YDR301W,CFT1
4,1067731,1068390,YDR302W,GPI11
4,1071880,1072557,YDR304C,CPR5
4,1072746,1073488,YDR305C,HNT2
4,1075865,1077853,YDR307W,PMT7
4,1079048,1080199,YDR309C,GIC2
4,1090433,1092511,YDR314C,RAD34
4,1093763,1095178,YDR316W,OMS1
4,1102184,1103428,YDR317W,HIM1
4,1103758,1104947,YDR318W,MCM21
4,1105003,1105827,YDR319C,YFT2
4,1106095,1108101,YDR320C,SWA2
4,1108280,1108498,YDR320C-A,DAD4
4,1108484,1108621,YDR320W-B,DAD4
4,1108702,1109847,YDR321W,ASP1
4,1110589,1111692,YDR322W,MRPL35
4,1112480,1114027,YDR323C,PEP7
4,1114433,1116763,YDR324C,UTP4
4,1120609,1124925,YDR326C,YSP2
4,1126270,1127595,YDR329C,PEX3
4,1127872,1129374,YDR330W,UBX5
4,1129588,1130823,YDR331W,GPI8
4,1133260,1135431,YDR333C,RQC1
4,1135932,1140476,YDR334W,SWR1
4,1141168,1144842,YDR335W,MSN5
4,1147379,1149466,YDR338C,YDR338C
4,1149951,1150520,YDR339C,FCF1
4,1150881,1151183,YDR340W,YNCD0024C
4,1151803,1153626,YDR341C,YDR341C
4,1154216,1155928,YDR342C,HXT7
4,1159608,1161320,YDR343C,HXT6
4,1162006,1162449,YDR344C,YDR344C
4,1170326,1171825,YDR348C,PAL1
4,1172386,1174176,YDR349C,YPS7
4,1176120,1178174,YDR350C,ATP22
4,1178666,1181260,YDR351W,SBE2
4,1181801,1182754,YDR352W,YPQ2
4,1183299,1184258,YDR353W,TRR1
4,1184747,1185889,YDR354W,TRP4
4,1186107,1188941,YDR356W,SPC110
4,1189199,1189567,YDR357C,CNL1
4,1190059,1191732,YDR358W,GGA1
4,1196679,1198697,YDR362C,TFC6
4,1202128,1202397,YDR363W-A,SEM1
4,1212848,1213614,YDR367W,KEI1
4,1215016,1217580,YDR369C,XRS2
4,1219413,1220948,YDR371W,CTS2
4,1221112,1222149,YDR372C,VPS74
4,1223474,1224394,YDR374C,PHO92
4,1225166,1226536,YDR375C,BCS1
4,1226822,1228303,YDR376W,ARH1
4,1229349,1229609,YDR378C,LSM6
4,1234218,1236125,YDR380W,ARO10
4,1238312,1238850,YDR381C-A,COI1
4,1239492,1239824,YDR382W,RPP2B
4,1239960,1240676,YDR383C,NKP1
4,1241204,1242031,YDR384C,ATO3
4,1248154,1249821,YDR387C,CIN10
4,1250186,1251634,YDR388W,RVS167
4,1252537,1254501,YDR389W,SAC7
4,1254937,1256847,YDR390C,UBA2
4,1257358,1258056,YDR391C,YDR391C
4,1258696,1259709,YDR392W,SPT3
4,1259901,1261271,YDR393W,SHE9
4,1263324,1266158,YDR395W,SXM1
4,1266366,1266898,YDR397C,NCB2
4,1267471,1269402,YDR398W,UTP5
4,1270068,1270733,YDR399W,HPT1
4,1271063,1272085,YDR400W,URH1
4,1272223,1272786,YDR401W,DIT2
4,1272234,1273703,YDR402C,DIT2
4,1274602,1276212,YDR403W,DIT1
4,1276654,1277169,YDR404C,RPB7
4,1277646,1278437,YDR405W,MRP20
4,1279210,1283799,YDR406W,PDR15
4,1284069,1287938,YDR407C,TRS120
4,1289406,1292120,YDR409W,SIZ1
4,1292372,1293091,YDR410C,STE14
4,1295598,1296686,YDR414C,ERD1
4,1297037,1298161,YDR415C,YDR415C
4,1301616,1302113,YDR418W,RPL12B
4,1303174,1305072,YDR419W,RAD30
4,1306267,1311675,YDR420W,HKR1
4,1312040,1314892,YDR421W,ARO80
4,1315326,1317773,YDR422C,SIP1
4,1318046,1319275,YDR423C,CAD1
4,1320064,1321941,YDR425W,SNX41
4,1323454,1324239,YDR428C,BNA7
4,1331237,1332841,YDR434W,GPI17
4,1332983,1333969,YDR435C,PPM1
4,1334821,1336953,YDR436W,PPZ2
4,1337352,1337774,YDR437W,GPI19
4,1338274,1339386,YDR438W,THI74
4,1339676,1340719,YDR439W,LRS4
4,1342493,1344241,YDR440W,DOT1
4,1344517,1345062,YDR441C,APT2
4,1345647,1346039,YDR442W,APT2
4,1345676,1349938,YDR443C,SSN2
4,1350290,1352353,YDR444W,YDR444W
4,1352182,1352589,YDR445C,YNCD0029C
4,1353725,1354633,YDR446W,ECM11
4,1356065,1357369,YDR448W,ADA2
4,1357580,1358902,YDR449C,UTP6
4,1359923,1360798,YDR450W,RPS18A
4,1361120,1362181,YDR451C,YHP1
4,1362878,1364902,YDR452W,PPN1
4,1365072,1365662,YDR453C,TSA2
4,1366264,1366827,YDR454C,GUK1
4,1367373,1367681,YDR455C,NHX1
4,1367485,1369386,YDR456W,NHX1
4,1369790,1379596,YDR457W,TOM1
4,1380055,1382046,YDR458C,HEH2
4,1385176,1385286,YDR461W,MFA1
4,1385524,1385766,YDR461C-A,CMI8
4,1386816,1388375,YDR463W,STP1
4,1388872,1393179,YDR464W,SPP41
4,1393336,1394574,YDR465C,RMT2
4,1398026,1398700,YDR468C,TLG1
4,1399015,1399542,YDR469W,SDC1
4,1399706,1401214,YDR470C,UGO1
4,1401770,1402564,YDR471W,RPL27B
4,1403322,1404173,YDR472W,TRS31
4,1404445,1405854,YDR473C,PRP3
4,1407464,1410094,YDR475C,JIP4
4,1410453,1411127,YDR476C,YDR476C
4,1412373,1414274,YDR477W,SNF1
4,1414575,1415171,YDR478W,SNM1
4,1415210,1416874,YDR479C,PEX29
4,1417399,1418370,YDR480W,DIG2
4,1418550,1420250,YDR481C,PHO8
4,1424820,1427207,YDR485C,VPS72
4,1429188,1430789,YDR488C,PAC11
4,1431012,1431896,YDR489W,SLD5
4,1431968,1434268,YDR490C,PKH1
4,1434500,1434991,YDR491C,IZH1
4,1434924,1435874,YDR492W,IZH1
4,1438115,1441150,YDR495C,VPS3
4,1441433,1443403,YDR496C,PUF6
4,1443713,1445467,YDR497C,ITR1
4,1445843,1446994,YDR498C,SEC20
4,1447830,1450073,YDR499W,LCD1
4,1450198,1450853,YDR500C,RPL37B
4,1451353,1452918,YDR501W,PLM2
4,1453310,1454464,YDR502C,SAM2
4,1455042,1455866,YDR503C,LPP1
4,1456311,1456694,YDR504C,SPG3
4,1456695,1459220,YDR505C,PSP1
4,1459728,1461554,YDR506C,GMC1
4,1462358,1465786,YDR507C,GIN4
4,1466453,1468444,YDR508C,GNP1
4,1468226,1468573,YDR509W,GNP1
4,1469400,1469705,YDR510W,SMT3
4,1469695,1469811,YDR510C-A,SMT3
4,1470017,1470418,YDR511W,SDH7
4,1470500,1471063,YDR512C,EMI1
4,1471017,1471448,YDR513W,GRX2
4,1471548,1472999,YDR514C,YDR514C
4,1473429,1474772,YDR515W,SLF1
4,1474974,1476476,YDR516C,EMI2
4,1477239,1478357,YDR517W,GRH1
4,1478608,1480161,YDR518W,EUG1
4,1483141,1483476,YDR521W,URC2
4,1483795,1485303,YDR522C,SPS2
4,1485566,1487038,YDR523C,SPS1
4,1487542,1488990,YDR524C,AGE1
4,1489403,1489492,YDR524W-C,YDR524W-C
4,1489598,1489798,YDR524C-B,YDR524C-B
4,1489905,1490234,YDR525W,API2
4,1490596,1490835,YDR525W-A,SNA2
4,1491075,1491545,YDR526C,RBA50
4,1491094,1492413,YDR527W,RBA50
4,1494586,1495857,YDR528W,HLR1
4,1496165,1496548,YDR529C,QCR7
4,1496791,1497768,YDR530C,APA2
4,1498232,1499335,YDR531W,CAB1
4,1499396,1500553,YDR532C,KRE28
4,1501447,1502160,YDR533C,HSP31
4,1503314,1504900,YDR534C,FIT1
4,1506606,1507362,YDR535C,STL1
4,1508005,1509714,YDR536W,STL1
4,1510856,1511461,YDR537C,PAD1
4,1510902,1511630,YDR538W,PAD1
4,1512094,1513605,YDR539W,FDC1
4,1517136,1517675,YDR540C,IRC4
4,1519664,1520698,YDR541C,YDR541C
4,1523249,1523611,YDR542W,PAU10
5,7230,7553,YEL073C,YEL073C
5,13720,14415,YEL072W,RMD6
5,16355,17845,YEL071W,DLD3
5,21537,23231,YEL069C,HXT13
5,25646,25978,YEL068C,YEL068C
5,26189,26776,YEL067C,YEL067C
5,26721,27206,YEL066W,HPA3
5,27657,29543,YEL065W,SIT1
5,29797,31239,YEL064C,AVT2
5,31694,33466,YEL063C,CAN1
5,34407,36254,YEL062W,NPR2
5,36535,39537,YEL061C,CIN8
5,40046,41953,YEL060C,PRB1
5,42400,42624,YEL059C-A,SOM1
5,42652,42960,YEL059W,HHY1
5,43252,44925,YEL058W,PCM1
5,45020,45721,YEL057C,SDD1
5,47168,48373,YEL056W,HAT2
5,48471,51539,YEL055C,POL5
5,52721,53218,YEL054C,RPL12A
5,52908,53255,YEL053W-A,RPL12A
5,53901,56102,YEL053C,MAK10
5,56571,58100,YEL052W,AFG1
5,58378,59148,YEL051W,VMA8
5,59549,59740,YEL050W-A,RML2
5,59670,60851,YEL050C,RML2
5,63728,64090,YEL049W,PAU2
5,64709,65167,YEL048C,TCA17
5,67629,68792,YEL046C,GLY1
5,69757,70257,YEL044W,IES6
5,70478,73348,YEL043W,GTA1
5,73771,75327,YEL042W,GDA1
5,75944,77431,YEL041W,YEF1
5,78053,79456,YEL040W,UTR2
5,79636,79977,YEL039C,CYC7
5,80462,81145,YEL038W,UTR4
5,81407,82603,YEL037C,RAD23
5,83050,84552,YEL036C,ANP1
5,85613,86215,YEL034C-A,HYP2
5,90258,93905,YEL031W,SPF1
5,94644,96578,YEL030W,ECM10
5,96858,97796,YEL029C,BUD16
5,98668,99129,YEL028W,YEL028W
5,100769,101251,YEL027W,VMA3
5,102581,106147,YEL025C,YEL025C
5,107260,107907,YEL024W,RIP1
5,108504,110552,YEL023C,YEL023C
5,111421,115800,YEL022W,GEA2
5,116167,116970,YEL021W,URA3
5,117183,117380,YEL020C-B,TIM9
5,118617,120299,YEL020C,PXP1
5,123657,124670,YEL017W,GTT3
5,124737,126218,YEL016C,NPP2
5,128825,130561,YEL013W,VAC8
5,131772,132551,YEL012W,UBC8
5,133120,135234,YEL011W,GLC3
5,136371,136778,YEL009C-A,YEL009C-A
5,138918,139763,YEL009C,GCN4
5,140512,140892,YEL008W,YEL008W
5,141892,143892,YEL007W,MIT1
5,144327,145334,YEL006W,YEA6
5,153520,155808,YER001W,MNN1
5,157736,159118,YER003C,PMI40
5,160550,162442,YER005W,YND1
5,162723,164285,YER006W,NUG1
5,164344,164661,YER006C-A,PAC2
5,164527,166083,YER007W,PAC2
5,167808,171818,YER008C,SEC3
5,172115,172492,YER009W,NTF2
5,172634,173338,YER010C,YER010C
5,175248,176012,YER011W,TIR1
5,177835,178431,YER012W,PRE1
5,178841,182278,YER013W,PRP22
5,182600,184219,YER014W,HEM14
5,184541,186775,YER015W,FAA2
5,188277,189311,YER016W,BIM1
5,189503,191788,YER017C,AFG3
5,191959,192624,YER018C,SPC25
5,192797,194230,YER019W,ISC1
5,194273,194539,YER019C-A,SBH2
5,195168,196517,YER020W,GPA2
5,196948,198519,YER021W,RPN3
5,198812,200875,YER022W,SRB4
5,201076,201936,YER023W,PRO3
5,202192,204963,YER024W,YAT2
5,205251,206834,YER025W,GCD11
5,207644,208474,YER026C,CHO1
5,208979,210232,YER027C,GAL83
5,210692,211876,YER028C,MIG3
5,212587,213177,YER029C,SMB1
5,213437,213898,YER030W,CHZ1
5,214076,214747,YER031C,YPT31
5,215063,217693,YER032W,FIR1
5,218057,221287,YER033C,ZRG8
5,221846,222403,YER034W,YER034W
5,222639,223076,YER035W,EDC2
5,223367,225199,YER036C,ARB1
5,225889,226854,YER037W,PHM8
5,226858,228252,YER038C,KRE29
5,228451,228831,YER038W-A,FMP49
5,229263,229481,YER039C-A,YER039C-A
5,229795,231987,YER040W,GLN3
5,232461,234740,YER041W,YEN1
5,235770,237119,YER043C,SAH1
5,237570,238016,YER044C,ERG28
5,238460,239774,YER044C-A,MEI4
5,240032,241501,YER045C,ACA1
5,243180,243611,YER046W,SPO73
5,243810,246503,YER047C,SAP1
5,246982,248157,YER048C,CAJ1
5,250718,251002,YER048W-A,ISD11
5,251728,253662,YER049W,TPA1
5,253971,254387,YER050C,RSM18
5,254656,256134,YER051W,JHD1
5,256375,257958,YER052C,HOM3
5,258737,259639,YER053C,PIC2
5,260933,261046,YER053C-A,YER053C-A
5,262052,263698,YER054C,GIP2
5,264892,265785,YER055C,HIS1
5,266512,268113,YER056C,FCY2
5,269423,270185,YER056C-A,RPL34A
5,270737,271126,YER057C,HMF1
5,271768,272091,YER058W,PET117
5,272624,273886,YER059W,PCL6
5,274567,276153,YER060W,FCY21
5,278298,279626,YER061C,CEM1
5,281710,282366,YER063W,THO1
5,282705,284222,YER064C,VHR2
5,285241,286914,YER065C,ICL1
5,290242,290799,YER066W,RRT13
5,293050,294813,YER068W,MOT2
5,295410,298001,YER069W,ARG56
5,298950,301616,YER070W,RNR1
5,306323,307196,YER074W,RPS24A
5,308413,311199,YER075C,PTP3
5,319902,320240,YER079C-A,AIM9
5,319963,321846,YER080W,AIM9
5,326174,327031,YER083C,GET2
5,327065,327451,YER084W,YER084W
5,330576,332306,YER087W,AIM10
5,332582,332830,YER087C-B,SBH1
5,333176,335188,YER088C,DOT6
5,335946,337340,YER089C,PTC2
5,339864,342167,YER091C,MET6
5,342390,342611,YER091C-A,IES5
5,343320,347612,YER093C,TSC11
5,347912,348400,YER093C-A,AIM11
5,348729,349346,YER094C,PUP3
5,351698,353236,YER096W,SHC1
5,355140,355469,YER097W,YNCE0018W
5,355466,357730,YER098W,UBP9
5,358105,359061,YER099C,PRS2
5,359562,360314,YER100W,UBC6
5,360502,361794,YER101C,AST2
5,362733,363702,YER102W,RPS8B
5,364589,366517,YER103W,SSA4
5,366802,367428,YER104W,RTT105
5,367838,372013,YER105C,NUP157
5,372326,373234,YER106W,MAM1
5,373448,374545,YER107C,GLE2
5,374394,374714,YER107W-A,GLE2
5,378762,382103,YER110C,KAP123
5,382595,385876,YER111C,SWI4
5,387232,387795,YER112W,LSM4
5,387932,390052,YER113C,TMN3
5,390590,393712,YER114C,BOI2
5,394292,394867,YER115C,SPR6
5,396769,397653,YER117W,RPL23B
5,397952,399055,YER118C,SHO1
5,399496,400842,YER119C,AVT6
5,401135,401869,YER120W,SCS2
5,402375,402719,YER121W,YER121W
5,402871,404352,YER122C,GLO3
5,404813,406387,YER123W,YCK3
5,407342,409063,YER124C,DSE1
5,410189,412618,YER125W,RSP5
5,413394,414179,YER126C,NSA2
5,414481,415554,YER127W,LCP5
5,415859,416470,YER128W,VFA1
5,417281,420709,YER129W,SAK1
5,421115,422446,YER130C,COM2
5,423591,424311,YER131W,RPS26B
5,425188,430449,YER132C,PMD1
5,432495,433958,YER133W,GLC7
5,437191,437532,YER133W-A,YER134C
5,437267,437803,YER134C,YER134C
5,437952,438344,YER135C,YER135C
5,439616,440971,YER136W,GDI1
5,441373,441819,YER137C,YER137C
5,449474,449578,YER138W-A,YER138W-A
5,450563,451243,YER139C,RTR1
5,453459,454919,YER141W,COX15
5,456319,457605,YER143W,DDI1
5,457806,460223,YER144C,UBP5
5,460526,461740,YER145C,FTR1
5,462968,464842,YER147C,SCC4
5,466185,466763,YER148W-A,PEA2
5,466208,467470,YER149C,PEA2
5,468370,468816,YER150W,SPI1
5,469686,472424,YER151C,UBP3
5,474041,474805,YER153C,PET122
5,475020,476228,YER154W,OXA1
5,476345,482848,YER155C,BEM2
5,483325,484341,YER156C,MYG1
5,484788,487193,YER157W,COG3
5,488857,490578,YER158C,YER158C
5,491487,491702,YER158W-A,BUR6
5,499347,500348,YER161C,SPT2
5,500630,502894,YER162C,RAD4
5,503084,503782,YER163C,GCG1
5,505392,509798,YER164W,CHD1
5,510373,512106,YER165W,PAB1
5,512744,517459,YER166W,DNF1
5,518216,520771,YER167W,BCK2
5,521029,522669,YER168C,CCA1
5,523369,525759,YER169W,RPH1
5,525974,526651,YER170W,ADK2
5,527082,529418,YER171W,RAD3
5,529530,536021,YER172C,BRR2
5,536275,536655,YER172C-A,RAD24
5,536300,538279,YER173W,RAD24
5,538434,539168,YER174C,GRX4
5,539464,540363,YER175C,TMT1
5,540650,540814,YER175W-A,YER175W-A
5,541690,545055,YER176W,ECM32
5,545611,546414,YER177W,BMH1
5,546817,548079,YER178W,PDA1
5,548421,549517,YER179W,DMC1
5,549724,550527,YER180C,ISC10
5,550865,551122,YER180C-A,SLO1
5,551473,551796,YER181C,YER181C
5,552525,553259,YER182W,FMP10
5,553334,553969,YER183C,FAU1
5,556296,558680,YER184C,TOG1
5,559454,560365,YER185W,PUG1
5,561705,562625,YER186C,YER186C
5,566230,566655,YER187W,YER187W
6,30058,30540,YFL051C,YFL051C
6,33272,35848,YFL050C,ALR2
6,36803,38674,YFL049W,SWP82
6,38843,40180,YFL048C,EMP47
6,40421,42565,YFL047W,RGD2
6,42815,43438,YFL046W,FMP32
6,43628,44392,YFL045C,SEC53
6,44655,45560,YFL044C,OTU1
6,45720,47744,YFL042C,LAM5
6,48734,48925,YFL041W-A,YFL041W-A
6,49139,51007,YFL041W,FET5
6,51350,52972,YFL040W,YFL040W
6,53260,54696,YFL039C,ACT1
6,55366,55986,YFL038C,YPT1
6,56336,57709,YFL037W,TUB2
6,58782,62837,YFL036W,RPO41
6,63016,63993,YFL034C-B,MOB2
6,64243,64932,YFL034C-A,RPL22B
6,65477,68698,YFL034W,MIL1
6,69115,74427,YFL033C,RIM15
6,74872,75192,YFL032W,HAC1
6,75179,76147,YFL031W,HAC1
6,76831,77988,YFL030W,AGX1
6,78055,79161,YFL029C,CAK1
6,79344,80213,YFL028C,CAF16
6,80419,81912,YFL027C,GYP8
6,82580,83875,YFL026W,STE2
6,84145,87234,YFL025C,BST1
6,87847,90345,YFL024C,EPL1
6,90986,93376,YFL023W,BUD27
6,93499,95010,YFL022C,FRS2
6,95761,96615,YFL021C-A,GAT1
6,95966,97498,YFL021W,GAT1
6,99231,99599,YFL020C,PAU5
6,100252,100605,YFL019C,YFL019C
6,101628,103127,YFL018C,LPD1
6,103699,103932,YFL017W-A,SMX2
6,103983,104462,YFL017C,GNA1
6,104701,106236,YFL016C,MDJ1
6,106415,106732,YFL015W-A,YFL015C
6,106469,106963,YFL015C,YFL015C
6,107256,107585,YFL014W,HSP12
6,107799,108602,YFL013W-A,IES1
6,110647,111093,YFL012W,YFL012W
6,114990,115274,YFL010W-A,AUA1
6,115108,115743,YFL010C,WWM1
6,116145,118484,YFL009W,CDC4
6,119429,123106,YFL008W,SMC1
6,123479,129910,YFL007W,BLM10
6,130334,130981,YFL005W,SEC4
6,131810,134296,YFL004W,VTC2
6,134521,137157,YFL003C,MSH4
6,145114,146934,YFL002C,SPB4
6,147131,148459,YFL001W,DEG1
6,149110,149724,YFR001W,LOC1
6,150016,152535,YFR002W,NIC96
6,152657,153124,YFR003C,YPI1
6,153393,154313,YFR004W,RPN11
6,154527,155873,YFR005C,SAD1
6,156145,157752,YFR006W,YFR006W
6,159299,160360,YFR007W,YFH7
6,160535,161200,YFR008W,FAR7
6,162488,164746,YFR009W,GCN20
6,165067,166566,YFR010W,UBP6
6,166746,167258,YFR011C,MIC19
6,167888,168496,YFR012W,DCV1
6,169224,169310,YFR012W-A,YFR012W-A
6,169922,172285,YFR013W,IOC3
6,172537,173877,YFR014C,CMK1
6,174265,176391,YFR015C,GSY1
6,177042,180743,YFR016C,AIP5
6,182274,182861,YFR017C,IGD1
6,183131,184222,YFR018C,YFR018C
6,184502,191338,YFR019W,FAB1
6,192737,193435,YFR020W,CSS2
6,194812,196314,YFR021W,ATG18
6,196833,199034,YFR022W,ROG3
6,199874,201709,YFR023W,PES4
6,201960,203433,YFR024C-A,LSB3
6,203743,204750,YFR025C,HIS2
6,205748,206257,YFR026C,ULI1
6,207452,208297,YFR027W,ECO1
6,208413,210068,YFR028C,CDC14
6,210937,212973,YFR029W,PTR3
6,213312,216419,YFR030W,MET10
6,216594,220106,YFR031C,SMC2
6,220507,221418,YFR031C-A,RPL2A
6,223258,223771,YFR032C-A,RPL29
6,225020,225958,YFR034C,PHO4
6,226022,226309,YFR034W-A,YFR035C
6,226121,226465,YFR035C,YFR035C
6,226963,227337,YFR036W,CDC26
6,227451,228101,YFR036W-A,RSC8
6,227513,229186,YFR037C,RSC8
6,229380,231941,YFR038W,IRC5
6,232012,233544,YFR039C,OSW7
6,234242,237250,YFR040W,SAP155
6,237368,238255,YFR041C,ERJ5
6,238458,239060,YFR042W,KEG1
6,239114,239827,YFR043C,IRC6
6,239992,241437,YFR044C,DUG1
6,241998,242999,YFR045W,MRX20
6,244279,245166,YFR047C,BNA6
6,246146,248134,YFR048W,RMD8
6,248523,248894,YFR049W,KGD4
6,250163,251803,YFR051C,RET2
6,252505,253329,YFR052W,RPN12
6,253429,253734,YFR052C-A,RPN12
6,253592,255049,YFR053C,HXK1
6,258855,259433,YFR054C,YFR054C
6,263957,264325,YFR056C,IRC7
6,264204,265226,YFR055W,IRC7
6,269061,269516,YFR057W,YFR057W
7,2790,3932,YGL263W,COS12
7,5312,5839,YGL262W,YGL262W
7,9162,9395,YGL258W-A,YGL258W-A
7,11110,11730,YGL258W,VEL1
7,12481,14157,YGL257C,MNT2
7,15159,16307,YGL256W,ADH4
7,20978,22108,YGL255W,ZRT1
7,22304,23203,YGL254W,FZF1
7,23935,25395,YGL253W,HXK2
7,25718,27484,YGL252C,RTG2
7,27921,31636,YGL251C,HFM1
7,31910,32635,YGL250W,RMR1
7,33098,35212,YGL249W,ZIP2
7,35653,36762,YGL248W,PDE1
7,36933,37526,YGL247W,BRR6
7,41498,43174,YGL244W,RTF1
7,43307,44509,YGL243W,TAD1
7,44652,45197,YGL242C,ANK1
7,45445,48459,YGL241W,KAP114
7,49552,52434,YGL238W,CSE1
7,52731,53528,YGL237C,HAP2
7,53787,55796,YGL236C,MTO1
7,55279,55815,YGL235W,YGL235W
7,56482,58890,YGL234W,ADE57
7,59122,61854,YGL233W,SEC15
7,64503,66959,YGL229C,SAP4
7,67598,69331,YGL228W,SHE10
7,69671,72547,YGL227W,VID30
7,72749,73158,YGL226C-A,OST5
7,73340,73711,YGL226W,MTC3
7,76894,77907,YGL225W,VRG4
7,78015,78857,YGL224C,SDT1
7,79112,80365,YGL223C,COG1
7,80659,81186,YGL222C,EDC1
7,81426,82292,YGL221C,NIF3
7,82878,84257,YGL219C,MDM34
7,83650,84300,YGL218W,MDM34
7,84839,85180,YGL217C,KIP3
7,84885,87302,YGL216W,KIP3
7,87981,89339,YGL215W,CLG1
7,90010,90495,YGL214W,SKI8
7,90054,91247,YGL213C,SKI8
7,91432,92382,YGL212W,VAM7
7,92512,93591,YGL211W,NCS6
7,93792,94460,YGL210W,YPT32
7,95858,97006,YGL209W,MIG2
7,97338,98585,YGL208W,SIP2
7,98969,102076,YGL207W,SPT16
7,102543,107504,YGL206C,CHC1
7,108158,110404,YGL205W,POX1
7,111700,112005,YGL204C,YGL204C
7,112475,114664,YGL203C,KEX1
7,116059,117561,YGL202W,ARO8
7,117854,120907,YGL201C,MCM6
7,122694,123305,YGL200C,EMP24
7,123572,124042,YGL199C,YIP4
7,123591,124298,YGL198W,YIP4
7,124698,129161,YGL197W,MDS3
7,129883,131169,YGL196W,DSD1
7,131525,139543,YGL195W,GCN1
7,139719,139961,YGL194C-A,YGL194C-A
7,140368,141726,YGL194C,HOS2
7,141916,142227,YGL193C,YGL193C
7,142246,144048,YGL192W,IME4
7,144808,145197,YGL191W,COX13
7,145809,147389,YGL190C,CDC55
7,148229,148966,YGL189C,RPS26A
7,149704,150525,YGL187C,COX4
7,153167,154306,YGL185C,YGL185C
7,154615,156012,YGL184C,STR3
7,157906,159096,YGL181W,GTS1
7,160065,162758,YGL180W,ATG1
7,163409,165091,YGL179C,TOS3
7,167352,170571,YGL178W,MPT5
7,171415,173079,YGL176C,YGL176C
7,173285,174322,YGL175C,SAE2
7,174545,175345,YGL174W,BUD13
7,175527,180113,YGL173C,XRN1
7,180700,182118,YGL172W,NUP49
7,182390,184084,YGL171W,ROK1
7,184153,185394,YGL170C,SPO74
7,186059,187339,YGL169W,SUA5
7,187464,187796,YGL168W,HUR1
7,187616,190468,YGL167C,PMR1
7,191129,191806,YGL166W,CUP2
7,191978,193300,YGL164C,YRB30
7,193707,196403,YGL163C,RAD54
7,198138,199037,YGL162W,SUT1
7,199210,200142,YGL161C,YIP5
7,200561,202273,YGL160W,AIM14
7,202721,203833,YGL159W,YGL159W
7,207033,208571,YGL158W,RCK1
7,209006,210049,YGL157W,ARI1
7,210416,213667,YGL156W,AMS1
7,214081,215211,YGL155W,CDC43
7,215278,216096,YGL154C,LYS5
7,216273,217298,YGL153W,PEX14
7,216692,217369,YGL152C,PEX14
7,217524,220922,YGL151W,NUT1
7,226399,227529,YGL148W,ARO2
7,227754,228329,YGL147C,RPL9A
7,228751,229686,YGL146C,RRT6
7,230243,232348,YGL145W,TIP20
7,232450,234507,YGL144C,ROG1
7,234717,235958,YGL143C,MRF1
7,236269,238119,YGL142C,GPI10
7,241353,245012,YGL140C,YGL140C
7,245716,248124,YGL139W,FLC3
7,249869,252738,YGL137W,SEC27
7,252897,253859,YGL136C,MRM2
7,255663,256964,YGL134W,PCL10
7,257707,261501,YGL133W,ITC1
7,266145,267524,YGL130W,CEG1
7,270997,272139,YGL126W,SCS3
7,272520,274322,YGL125W,MET13
7,274780,276714,YGL124C,MON1
7,281634,283937,YGL120C,PRP43
7,284442,285947,YGL119W,COQ8
7,288014,288451,YGL118C,YGL118C
7,288512,289309,YGL117W,ARO5
7,289809,291641,YGL116W,CDC20
7,292033,293001,YGL115W,SNF4
7,293460,295637,YGL114W,YGL114W
7,298178,299728,YGL112C,TAF6
7,299978,301369,YGL111W,NSA1
7,301537,303411,YGL110C,CUE3
7,303513,303836,YGL109W,YGL108C
7,303649,304071,YGL108C,YGL108C
7,304333,306273,YGL107C,RMD9
7,306560,307009,YGL106W,MLC1
7,307437,308567,YGL105W,ARC1
7,308713,310173,YGL104C,VPS73
7,310967,311927,YGL103W,RPL28
7,312193,312840,YGL101W,YGK1
7,313234,314283,YGL100W,SEH1
7,314631,316553,YGL099W,LSG1
7,317342,318079,YGL098W,USE1
7,321782,323230,YGL097W,SRM1
7,325331,326161,YGL096W,TOS8
7,328874,330607,YGL095C,VPS45
7,331118,334465,YGL094C,PAN2
7,334886,337639,YGL093W,SPC105
7,337906,341859,YGL092W,NUP145
7,342056,343042,YGL091C,NBP35
7,343319,344584,YGL090W,LIF1
7,344791,345153,YGL089C,MF(ALPHA)2
7,345836,346201,YGL088W,YGL088W
7,347119,349368,YGL086W,MAD1
7,349616,350440,YGL085W,LCL3
7,350616,352298,YGL084C,GUP1
7,353058,355472,YGL083W,SCY1
7,355827,356972,YGL082W,YGL082W
7,357377,358339,YGL081W,YGL081W
7,358636,359028,YGL080W,MPC1
7,359444,360100,YGL079W,KXD1
7,360288,361859,YGL078C,DBP3
7,362225,363916,YGL077C,HNM1
7,364335,365996,YGL076C,RPL7A
7,366925,368088,YGL075C,MPS2
7,368596,368922,YGL074C,HSF1
7,368753,371254,YGL073W,HSF1
7,371003,371362,YGL072C,HSF1
7,372012,374084,YGL071W,AFT1
7,374459,374827,YGL070C,RPB9
7,375050,375514,YGL069C,MNP1
7,376101,377255,YGL067W,NPY1
7,377609,379582,YGL066W,SGF73
7,379760,381271,YGL065C,ALG2
7,381523,383208,YGL064C,MRH4
7,383654,384766,YGL063W,PUS2
7,385196,388732,YGL062W,PYC1
7,388968,389711,YGL061C,DUO1
7,390065,391990,YGL060W,YBP2
7,392223,393698,YGL059W,PKP2
7,393986,394504,YGL058W,RAD6
7,394966,395829,YGL057C,GEP7
7,396035,397618,YGL056C,SDS23
7,398628,400160,YGL055W,OLE1
7,400871,401287,YGL054C,ERV14
7,405776,406597,YGL050W,TYW3
7,406860,409604,YGL049C,TIF4632
7,410069,411286,YGL048C,RPT6
7,411552,412160,YGL047W,ALG13
7,414102,415730,YGL045W,RIM8
7,416146,417036,YGL044C,RNA15
7,417483,418412,YGL043W,DST1
7,418288,418593,YGL042C,YGL041C-B
7,419527,420555,YGL040C,HEM2
7,423961,425007,YGL039W,YGL039W
7,425362,426804,YGL038C,OCH1
7,427297,427947,YGL037C,PNC1
7,428601,431330,YGL036W,VIR1
7,431548,433062,YGL035C,MIG1
7,433214,433579,YGL034C,YGL034C
7,435625,436401,YGL033W,HOP2
7,437467,438397,YGL031C,RPL24A
7,440063,440425,YGL029W,CGR1
7,441281,442909,YGL028C,SCW11
7,443642,446143,YGL027C,CWH41
7,446412,448535,YGL026C,TRP5
7,448764,449957,YGL025C,PGD1
7,450197,452104,YGL023C,PIB2
7,452404,454560,YGL022W,STT3
7,454785,457067,YGL021W,ALK1
7,457163,457870,YGL020C,GET1
7,458156,458992,YGL019W,CKB1
7,459110,459664,YGL018C,JAC1
7,459854,461365,YGL017W,ATE1
7,461666,464911,YGL016W,KAP122
7,465043,465435,YGL015C,BIL2
7,466141,468807,YGL014W,PUF4
7,469092,472298,YGL013C,PDR1
7,472855,474276,YGL012W,ERG4
7,474489,475247,YGL011C,SCL1
7,475545,476069,YGL010W,MPO1
7,476313,478652,YGL009C,LEU1
7,479910,482666,YGL008C,PMA1
7,482941,483027,YGL007C-A,YGL007C-A
7,483260,483637,YGL007W,BRP1
7,485423,485533,YGL006W-A,YGL006W-A
7,485921,489442,YGL006W,PMC1
7,489708,490547,YGL005C,COG7
7,490703,491956,YGL004C,RPN14
7,492474,494174,YGL003C,CDH1
7,494517,495167,YGL002W,ERP6
7,495453,496502,YGL001C,ERG26
7,497133,498034,YGR001C,EFM5
7,498476,499906,YGR002C,SWC4
7,500132,502366,YGR003W,CUL3
7,502938,504326,YGR004W,PEX31
7,504657,505859,YGR005C,TFG2
7,506070,506825,YGR006W,PRP18
7,506969,507940,YGR007W,ECT1
7,508110,508364,YGR008C,STF2
7,509047,511002,YGR009C,SEC9
7,511545,512732,YGR010W,NMA2
7,513159,514340,YGR012W,MCY1
7,514554,516416,YGR013W,SNU71
7,516943,520863,YGR014W,MSB2
7,521090,522076,YGR015C,EAT1
7,522261,522833,YGR016W,YGR016W
7,523787,524680,YGR017W,YGR017W
7,524365,524694,YGR018C,YGR018C
7,525229,526644,YGR019W,UGA1
7,526973,527329,YGR020C,VMA7
7,529257,529586,YGR022C,MTL1
7,529264,530919,YGR023W,MTL1
7,531883,532596,YGR024C,THG1
7,532639,532941,YGR025W,YGR025W
7,532985,533821,YGR026W,YGR026W
7,534132,534785,YGR027C,RPS25A
7,542203,543291,YGR028W,MSP1
7,543553,544205,YGR029W,ERV1
7,545681,546157,YGR030C,POP6
7,546441,547469,YGR031W,IMO32
7,548264,553951,YGR032W,GSC2
7,554248,554967,YGR033C,TIM21
7,555812,556672,YGR034W,RPL26B
7,557072,557422,YGR035C,YGR035C
7,557565,557786,YGR035W-A,YGR035W-A
7,558149,558868,YGR036C,CAX4
7,559731,559994,YGR037C,ACB1
7,560682,561350,YGR038W,ORM1
7,574888,575199,YGR039W,YGR039W
7,575398,576504,YGR040W,KSS1
7,577487,579130,YGR041W,BUD9
7,579476,580291,YGR042W,MTE1
7,582990,583892,YGR044C,RME1
7,584895,586052,YGR046W,TAM41
7,586392,589469,YGR047C,TFC4
7,589826,590911,YGR048W,UFD1
7,591314,591877,YGR049W,SCM4
7,592086,592442,YGR050C,YGR050C
7,592906,593229,YGR051C,YGR050C
7,593596,594705,YGR052W,FMP48
7,594986,595837,YGR053C,MCO32
7,596693,598621,YGR054W,YGR054W
7,599417,601141,YGR055W,MUP1
7,601661,604447,YGR056W,RSC1
7,606136,607143,YGR058W,PEF1
7,607563,609101,YGR059W,SPR3
7,610564,611493,YGR060W,ERG25
7,611889,615965,YGR061C,ADE6
7,616328,617278,YGR062C,COX18
7,617621,617989,YGR064W,SPT4
7,618077,619858,YGR065C,VHT1
7,620921,621799,YGR066C,GID10
7,622372,624786,YGR067C,YGR067C
7,625324,627084,YGR068C,ART5
7,627806,631273,YGR070W,ROM1
7,631481,634063,YGR071C,ENV11
7,634304,635467,YGR072W,UPF3
7,637744,639513,YGR077C,PEX8
7,640720,641832,YGR079W,YGR079W
7,642010,643008,YGR080W,TWF1
7,643148,643780,YGR081C,SLX9
7,644044,644595,YGR082W,TOM20
7,644860,646815,YGR083C,GCD2
7,647123,648142,YGR084C,MRP13
7,648383,648907,YGR085C,RPL11B
7,651290,652981,YGR087C,PDC6
7,654634,656322,YGR088W,CTT1
7,656960,659770,YGR089W,NNF2
7,662358,666071,YGR090W,UTP22
7,668189,669907,YGR092W,DBF2
7,670388,671911,YGR093W,DRN1
7,672186,675500,YGR094W,VAS1
7,675671,676342,YGR095C,RRP46
7,676621,677565,YGR096W,TPC1
7,678695,682135,YGR097W,ASK10
7,682566,687458,YGR098C,ESP1
7,687899,689965,YGR099W,TEL2
7,690245,693097,YGR100W,MDR1
7,697445,698368,YGR104C,SRB5
7,698989,699786,YGR106C,VOA1
7,702667,703116,YGR107W,CLB1
7,703636,705051,YGR108W,CLB1
7,705359,706501,YGR109C,CLB6
7,713709,715046,YGR110W,CLD1
7,718893,719924,YGR113W,DAM1
7,720409,724764,YGR116W,SPT6
7,725049,726479,YGR117C,YGR117C
7,726974,727730,YGR118W,RPS23A
7,728046,729671,YGR119C,NUP57
7,730033,730821,YGR120C,COG2
7,731449,732927,YGR121C,MEP1
7,733935,735143,YGR122W,YGR122W
7,736662,738203,YGR123C,PPT1
7,739944,741662,YGR124W,ASN2
7,742325,745435,YGR125W,VSB1
7,747950,750091,YGR128C,UTP8
7,750400,751047,YGR129W,SYF2
7,751394,753844,YGR130C,YGR130C
7,754726,755250,YGR131W,FHN1
7,765726,766064,YGR139W,TPO2
7,767429,770299,YGR140W,CBF2
7,770569,771972,YGR141W,VPS62
7,772454,773686,YGR142W,BTN2
7,780399,781379,YGR144W,THI4
7,785276,785437,YGR146C-A,YGR146C-A
7,786054,786920,YGR147C,NAT2
7,787312,788178,YGR148C,RPL24B
7,789031,790329,YGR149W,GPC1
7,790459,793053,YGR150C,CCM1
7,794655,794990,YGR151C,RSR1
7,794674,795492,YGR152C,RSR1
7,796092,796745,YGR153W,YGR153W
7,796798,797868,YGR154C,GTO1
7,798543,800066,YGR155W,CYS4
7,800546,801823,YGR156W,PTI1
7,802440,805049,YGR157W,CHO2
7,805269,806021,YGR158C,MTR3
7,806412,807656,YGR159C,NSR1
7,807073,807684,YGR160W,NSR1
7,808629,809420,YGR161C,RTS3
7,810227,810505,YGR161W-C,YGR161W-C
7,824059,826917,YGR162W,TIF4631
7,829116,830153,YGR165W,MRPS35
7,830515,832197,YGR166W,TRS65
7,832456,833157,YGR167W,CLC1
7,833352,834482,YGR168C,PEX35
7,834689,835903,YGR169C,PUS6
7,837142,840558,YGR170W,PSD2
7,840824,842551,YGR171C,MSM1
7,842845,843591,YGR172C,YIP1
7,843854,844960,YGR173W,RBG2
7,845893,846405,YGR174C,CBP4
7,848720,849067,YGR176W,ATF2
7,848829,850436,YGR177C,ATF2
7,851047,853215,YGR178C,PBP1
7,853675,854895,YGR179C,OKP1
7,855264,856301,YGR180C,RNR4
7,858287,858604,YGR181W,TIM13
7,858551,858904,YGR182C,TIM13
7,859063,859476,YGR183C,QCR9
7,859901,865753,YGR184C,UBR1
7,866336,867520,YGR185C,TYS1
7,867774,869981,YGR186W,TFG1
7,870232,871416,YGR187C,HGH1
7,872044,875109,YGR188C,BUB1
7,876669,878192,YGR189C,CRH1
7,880296,880661,YGR190C,HIP1
7,880420,882231,YGR191W,HIP1
7,882812,883810,YGR192C,TDH3
7,884509,885741,YGR193C,PDX1
7,886073,887875,YGR194C,XKS1
7,888882,889622,YGR195W,SKI6
7,889733,892186,YGR196C,FYV8
7,892497,894140,YGR197C,SNG1
7,894693,897146,YGR198W,YPP1
7,897502,899781,YGR199W,PMT6
7,899904,902270,YGR200C,ELP2
7,902520,903197,YGR201C,YGR201C
7,903474,904748,YGR202C,PCT1
7,905237,905683,YGR203W,YCH1
7,905934,908774,YGR204W,ADE3
7,909061,909174,YGR204C-A,YGR204C-A
7,909213,910085,YGR205W,TDA10
7,910432,910737,YGR206W,MVB12
7,910843,911628,YGR207C,CIR1
7,911883,912812,YGR208W,SER2
7,912913,913227,YGR209C,TRX2
7,913503,914738,YGR210C,YGR210C
7,915241,916701,YGR211W,ZPR1
7,917040,918446,YGR212W,SLI1
7,918512,919465,YGR213C,RTA1
7,920575,921788,YGR214W,RPS0A
7,922633,924462,YGR216C,GPI1
7,924696,930815,YGR217W,CCH1
7,932541,935795,YGR218W,CRM1
7,936074,936883,YGR220C,MRPL9
7,937124,938992,YGR221C,TOS2
7,939923,940804,YGR222W,PET54
7,940869,942215,YGR223C,HSV2
7,942806,944647,YGR224W,AZR1
7,945145,947019,YGR225W,AMA1
7,947420,948997,YGR227W,DIE2
7,949052,949225,YGR227C-A,OTO1
7,949365,949709,YGR228W,OTO1
7,949382,950899,YGR229C,SMI1
7,951894,952307,YGR230W,BNS1
7,952548,953480,YGR231C,PHB2
7,953960,954646,YGR232W,NAS6
7,954674,958210,YGR233C,PHO81
7,959904,961103,YGR234W,YHB1
7,961360,962061,YGR235C,MIC26
7,962530,962817,YGR236C,SPG1
7,963298,965655,YGR237C,YGR237C
7,966039,968687,YGR238C,KEL2
7,969187,970053,YGR239C,PEX21
7,970771,973734,YGR240C,PFK1
7,974577,974777,YGR240C-A,YGR240C-A
7,974875,976581,YGR241C,YAP1802
7,976415,976723,YGR242W,YAP1802
7,979765,982068,YGR245C,SDA1
7,982482,984272,YGR246C,BRF1
7,984966,985685,YGR247W,CPD1
7,985972,986739,YGR248W,SOL4
7,988049,989419,YGR249W,MGA1
7,991176,993521,YGR250C,RIE1
7,995639,996229,YGR251W,NOP19
7,996869,998188,YGR252W,GCN5
7,998358,999140,YGR253C,PUP2
7,1000927,1002240,YGR254W,ENO1
7,1002523,1003962,YGR255C,COQ6
7,1004624,1006102,YGR256W,GND2
7,1006205,1007305,YGR257C,MTM1
7,1007671,1010766,YGR258C,RAD2
7,1012481,1012921,YGR259C,TNA1
7,1012485,1014089,YGR260W,TNA1
7,1014321,1016750,YGR261C,APL6
7,1017967,1019241,YGR263C,SAY1
7,1022656,1024761,YGR266W,YGR266W
7,1025004,1025735,YGR267C,FOL2
7,1026057,1026653,YGR268C,HUA1
7,1037800,1038501,YGR271C-A,EFG1
7,1038715,1039239,YGR273C,YGR273C
7,1039895,1043095,YGR274C,TAF1
7,1045644,1046561,YGR277C,CAB4
7,1046731,1048464,YGR278W,CWC22
7,1048798,1049958,YGR279C,SCW4
7,1050910,1051725,YGR280C,PXR1
7,1052824,1057257,YGR281W,YOR1
7,1057783,1058724,YGR282C,BGL2
7,1059015,1060040,YGR283C,UPA1
7,1060658,1061590,YGR284C,ERV29
7,1061852,1063153,YGR285C,ZUO1
7,1063813,1064940,YGR286C,BIO2
7,1067222,1068991,YGR287C,IMA1
7,1070293,1071714,YGR288W,MAL13
7,1073963,1075813,YGR289C,MAL11
7,1075482,1075925,YGR290W,MAL11
8,12502,12849,YHL045W,PXP3
8,13565,14272,YHL044W,DFP4
8,14901,15413,YHL043W,ECM34
8,15667,16119,YHL042W,YHL042W
8,17392,17841,YHL041W,YHL041W
8,19088,20971,YHL040C,ARN1
8,21783,23540,YHL039W,EFM1
8,23617,25509,YHL038C,CBP2
8,25778,26179,YHL037C,YHL037C
8,26241,27881,YHL036W,MUP3
8,27978,32756,YHL035C,VMR1
8,33176,33637,YHL034W-A,SBP1
8,33193,34077,YHL034C,SBP1
8,36379,38508,YHL032C,GUT1
8,38815,39486,YHL031C,GOS1
8,39074,39535,YHL030W-A,GOS1
8,40084,45690,YHL030W,ECM29
8,45929,47968,YHL029C,OCA5
8,48763,50580,YHL028W,WSC4
8,51111,52988,YHL027W,RIM101
8,53219,54166,YHL026C,YHL026C
8,54851,55849,YHL025W,SNF6
8,56649,58790,YHL024W,RIM4
8,59123,62563,YHL023C,NPR3
8,62961,64157,YHL022C,SPO11
8,64462,65859,YHL021C,AIM17
8,66242,67456,YHL020C,OPI1
8,67711,68304,YHL019W-A,APM2
8,67731,69548,YHL019C,APM2
8,69708,70070,YHL018W,MCO14
8,70276,71874,YHL017W,YHL017W
8,72037,74244,YHL016C,DUR3
8,74699,74782,YHL015W-A,YHL015W-A
8,77430,78353,YHL013C,OTU2
8,78936,80417,YHL012W,YHL012W
8,80654,81616,YHL011C,PRS3
8,81964,83721,YHL010C,ETP1
8,84068,85060,YHL009C,YAP3
8,92627,94510,YHL008C,YHL008C
8,95118,97937,YHL007C,STE20
8,98343,98795,YHL006C,SHU1
8,98828,99220,YHL005C,YHL005C
8,99219,100403,YHL004W,MRP4
8,100648,101883,YHL003C,LAG1
8,102587,103075,YHL002C-A,HSE1
8,102612,103970,YHL002W,HSE1
8,104277,105091,YHL001W,RPL14B
8,106055,107368,YHR001W,OSH7
8,107826,108122,YHR001W-A,QCR10
8,108812,109885,YHR002W,LEU5
8,110028,111317,YHR003C,TCD1
8,111754,113094,YHR004C,NEM1
8,113499,114917,YHR005C,GPA1
8,115620,115901,YHR005C-A,TIM10
8,117814,119439,YHR006W,STP2
8,120091,121683,YHR007C,ERG11
8,122550,122765,YHR007C-A,YHR007C-A
8,124109,125680,YHR009C,TDA3
8,126521,127492,YHR010W,RPL27A
8,127780,129120,YHR011W,DIA4
8,129481,130448,YHR012W,VPS29
8,130730,131446,YHR013C,ARD1
8,132047,132922,YHR014W,SPO13
8,134554,136533,YHR015W,MIP6
8,136881,138455,YHR016C,YSC84
8,138694,139851,YHR017W,YSC83
8,140011,141402,YHR018C,ARG4
8,141894,143558,YHR019C,DED81
8,143996,146062,YHR020W,YHR020W
8,149225,149680,YHR021W-A,ECM12
8,149575,150345,YHR022C,YHR022C
8,151217,151306,YHR022C-A,YHR022C-A
8,151666,157452,YHR023W,MYO1
8,157744,159192,YHR024C,MAS2
8,159438,160511,YHR025W,THR1
8,160844,161485,YHR026W,VMA16
8,161730,164711,YHR027C,RPN1
8,164978,167434,YHR028C,DAP2
8,167352,167672,YHR028W-A,YHI9
8,167677,168561,YHR029C,YHI9
8,168890,170344,YHR030C,SLT2
8,170799,172970,YHR031C,RRM3
8,173344,175089,YHR032W,ERC1
8,175195,175374,YHR032W-A,YHR033W
8,175548,176819,YHR033W,YHR033W
8,176965,177999,YHR034C,PIH1
8,178219,180111,YHR035W,NEL1
8,180345,181760,YHR036W,BRL1
8,181977,183704,YHR037W,PUT2
8,184066,184758,YHR038W,RRF1
8,184875,186809,YHR039C,MSC7
8,187173,187679,YHR039C-A,VMA10
8,187924,189024,YHR040W,BCD1
8,189131,189864,YHR041C,SRB2
8,190543,192618,YHR042W,NCP1
8,192805,193545,YHR043C,DOG2
8,194068,194808,YHR044C,DOG1
8,195551,197233,YHR045W,DDE1
8,197398,198285,YHR046C,INM1
8,198740,201310,YHR047C,AAP1
8,204607,206151,YHR048W,YHK8
8,207654,209303,YHR050W,SMF2
8,210848,211978,YHR052W,CIC1
8,218226,218843,YHR057C,CPR2
8,218997,219884,YHR058C,MED6
8,220108,220500,YHR059W,FYV4
8,220725,221270,YHR060W,VMA22
8,221534,222478,YHR061C,GIC1
8,222877,223758,YHR062C,RPP1
8,224030,225169,YHR063C,PAN5
8,225442,225777,YHR063W-A,SSZ1
8,225525,227141,YHR064C,SSZ1
8,227532,229037,YHR065C,RRP3
8,229335,230696,YHR066W,SSF1
8,233579,234658,YHR069C,RRP4
8,237004,237693,YHR071W,PCL5
8,238910,239230,YHR071C-A,ERG7
8,239098,241293,YHR072W,ERG7
8,241664,241840,YHR072W-A,NOP10
8,242582,245572,YHR073W,OSH3
8,246193,248337,YHR074W,QNS1
8,248439,249641,YHR075C,PPE1
8,251101,252225,YHR076W,PTC7
8,252374,255756,YHR077C,NMD2
8,256360,258018,YHR078W,YHR078W
8,258244,261591,YHR079C,IRE1
8,262192,262553,YHR079C-A,SAE3
8,262801,266838,YHR080C,LAM4
8,268459,271548,YHR082C,KSP1
8,272627,273616,YHR083W,SAM35
8,276764,277768,YHR085W,IPI1
8,278153,279724,YHR086W,NAM8
8,282681,283298,YHR089C,GAR1
8,283777,284625,YHR090C,YNG2
8,287081,288811,YHR092C,HXT4
8,289142,289690,YHR093W,AHT1
8,290913,292625,YHR094C,HXT1
8,292943,293437,YHR095W,HXT1
8,294669,296447,YHR096C,HXT5
8,297385,298609,YHR097C,PAL2
8,299145,301934,YHR098C,SFB3
8,302761,313995,YHR099W,TRA1
8,314874,315968,YHR101C,BIG1
8,316572,319814,YHR102W,KIC1
8,320414,322972,YHR103W,SBE22
8,323409,324392,YHR104W,GRE3
8,326813,328036,YHR107C,CDC12
8,328303,330060,YHR108W,GGA2
8,330310,332067,YHR109W,CTM1
8,336337,337809,YHR113W,APE4
8,338083,339984,YHR114W,BZZ1
8,340109,341359,YHR115C,DMA1
8,342349,344268,YHR117W,TOM71
8,344321,345628,YHR118C,ORC6
8,346043,349285,YHR119W,SET1
8,349574,352453,YHR120W,MSH1
8,354815,356081,YHR123W,EPT1
8,358858,359163,YHR125W,YHR125W
8,359702,360181,YHR126C,ANS1
8,360913,361644,YHR127W,YHR127W
8,362115,362765,YHR128W,FUR1
8,362999,364153,YHR129C,ARP1
8,365340,367892,YHR131C,YHR131C
8,370722,371597,YHR133C,NSG1
8,371749,372558,YHR134W,WSS1
8,372694,374310,YHR135C,YCK1
8,374654,375100,YHR136C,SPL2
8,375709,377250,YHR137W,ARO9
8,380572,381291,YHR140W,YHR140W
8,381990,382751,YHR141C,RPL42B
8,383538,384488,YHR142W,CHS7
8,385510,386487,YHR143W,DSE2
8,387233,387445,YHR143W-A,RPC10
8,387788,388726,YHR144C,DCD1
8,388981,389337,YHR145C,SUF8
8,390300,391697,YHR146W,CRP1
8,392639,393283,YHR147C,MRPL6
8,393534,394085,YHR148W,IMP3
8,394455,396659,YHR149C,SKG6
8,397251,398990,YHR150W,PEX28
8,399268,400848,YHR151C,MTC6
8,401434,401955,YHR152W,SPO12
8,402086,402682,YHR153C,SPO16
8,402966,406178,YHR154W,RTT107
8,407103,410789,YHR155W,LAM1
8,411384,412406,YHR156C,LIN1
8,412907,413455,YHR157W,REC104
8,413685,417179,YHR158C,KEL1
8,419221,420072,YHR160C,PEX18
8,420373,422286,YHR161C,YAP1801
8,423072,423461,YHR162W,MPC2
8,423724,424473,YHR163W,SOL3
8,424610,429178,YHR164C,DNA2
8,429707,436948,YHR165C,PRP8
8,436647,436958,YHR165W-A,CDC23
8,437170,439050,YHR166C,CDC23
8,439342,440127,YHR167W,THP2
8,440377,441933,YHR168W,MTG2
8,442181,443476,YHR169W,DBP8
8,443828,445384,YHR170W,NMD3
8,445713,447605,YHR171W,ATG7
8,448335,450806,YHR172W,SPC97
8,450815,451153,YHR173C,YHR173C
8,451327,452640,YHR174W,ENO2
8,453558,453707,YHR175W-A,YHR175W-A
8,454229,455527,YHR176W,FMO1
8,456591,457952,YHR177W,ROF1
8,459299,461530,YHR178W,STB5
8,462502,463704,YHR179W,OYE2
8,465178,465669,YHR180W,YHR180W
8,466932,467114,YHR180W-A,YNCH0015W
8,468219,470576,YHR182W,RGD3
8,472744,474459,YHR184W,SSP1
8,474627,475340,YHR185C,PFS1
8,475999,480672,YHR186C,KOG1
8,480990,481919,YHR187W,IKI1
8,482005,483837,YHR188C,GPI16
8,484028,484600,YHR189W,PTH1
8,484845,486179,YHR190W,ERG9
8,486826,487662,YHR192W,LNP1
8,488653,489027,YHR193C-A,MDM31
8,488657,490396,YHR194W,MDM31
8,490747,491712,YHR195W,NVJ1
8,493896,496187,YHR197W,RIX1
8,499950,501143,YHR201C,PPX1
8,502388,504196,YHR202W,SMN1
8,504476,505530,YHR203C,RPS4B
8,506319,508709,YHR204W,MNL1
8,509363,511837,YHR205W,SCH9
8,512732,514600,YHR206W,SKN7
8,514905,516485,YHR207C,SET5
8,517532,518713,YHR208W,BAT1
8,519437,520312,YHR209W,CRG1
8,520712,521737,YHR210C,YHR210C
8,525392,528619,YHR211W,FLO5
9,23119,26106,YIL169C,CSS1
9,30938,32566,YIL166C,SOA1
9,33718,34077,YIL165C,YIL165C
9,34087,34686,YIL164C,NIT1
9,36899,37252,YIL163C,YIL163C
9,37385,38983,YIL162W,SUC2
9,39433,40140,YIL161W,SMU2
9,40191,41444,YIL160C,POT1
9,41825,45952,YIL159W,BNR1
9,46201,46815,YIL158W,AIM20
9,46949,47542,YIL157C,COA1
9,47690,47973,YIL156W-B,ATG44
9,48091,51306,YIL156W,UBP7
9,51759,53708,YIL155C,GUT2
9,53981,55021,YIL154C,IMP21
9,55198,56379,YIL153W,RRD1
9,56545,57252,YIL152W,VPR1
9,57338,60694,YIL151C,ESL1
9,61013,62728,YIL150C,MCM10
9,63028,68067,YIL149C,MLP2
9,68708,69528,YIL148W,RPL40A
9,69791,73453,YIL147C,SLN1
9,74184,75773,YIL146C,ATG32
9,76354,77283,YIL145C,PAN6
9,78074,80149,YIL144W,NDC80
9,80510,83041,YIL143C,SSL2
9,83208,83540,YIL142C-A,CCT2
9,83302,84885,YIL142W,CCT2
9,85053,85442,YIL141W,CCT2
9,85366,87837,YIL140W,AXL2
9,87979,88716,YIL139C,REV7
9,89948,92788,YIL137C,TMA108
9,93619,94800,YIL136W,OM45
9,95065,96375,YIL135C,VHS2
9,97395,98330,YIL134W,FLX1
9,98527,99416,YIL133C,RPL16A
9,99860,100501,YIL132C,CSM2
9,100781,102235,YIL131C,FKH1
9,102782,105676,YIL130W,ASG1
9,106107,113237,YIL129C,TAO3
9,113806,116904,YIL128W,MET18
9,117024,117644,YIL127C,RRT14
9,117992,122071,YIL126W,STH1
9,122689,125733,YIL125W,KGD1
9,126204,127097,YIL124W,AYR1
9,127662,129581,YIL123W,SIM1
9,130610,131665,YIL122W,POG1
9,132244,133872,YIL121W,QDR2
9,134417,136108,YIL120W,QDR1
9,136654,137877,YIL119C,RPI1
9,139752,140447,YIL118W,RHO3
9,140613,141569,YIL117C,PRM5
9,142928,144085,YIL116W,HIS5
9,144327,148709,YIL115C,NUP159
9,149143,149988,YIL114C,POR2
9,150559,151188,YIL113W,SDP1
9,151595,154846,YIL112W,HOS4
9,155222,155765,YIL111W,COX5B
9,156045,157178,YIL110W,HPM1
9,157385,160165,YIL109C,SEC24
9,160887,162977,YIL108W,YIL108W
9,163278,165761,YIL107C,PFK26
9,166415,167444,YIL106W,MOB1
9,169982,171505,YIL104C,SHQ1
9,171751,173028,YIL103W,DPH1
9,173365,173592,YIL102C-A,YIL102C-A
9,174582,174887,YIL102C,YIL102C
9,175307,177250,YIL101C,XBP1
9,177343,177681,YIL100C-A,XBP1
9,177373,177726,YIL100W,XBP1
9,178004,179653,YIL099W,SGA1
9,179772,180239,YIL098C,FMC1
9,180427,181977,YIL097W,FYV10
9,182117,183127,YIL096C,BMT5
9,183937,186369,YIL095W,PRK1
9,187990,188784,YIL093C,RSM25
9,189066,190967,YIL092W,YIL092W
9,191030,193195,YIL091C,UTP25
9,193595,195070,YIL090W,ICE2
9,195599,196216,YIL089W,YIL089W
9,197931,199403,YIL088C,AVT7
9,199646,200119,YIL087C,AIM19
9,200153,200461,YIL086C,YIL086C
9,200490,202043,YIL085C,KTR7
9,202276,203259,YIL084C,SDS3
9,203556,204653,YIL083C,CAB2
9,205635,206507,YIL082W,YIL082W-A
9,210923,212005,YIL079C,AIR1
9,212499,214703,YIL078W,THS1
9,214991,215953,YIL077C,RCI37
9,216658,217548,YIL076W,SEC28
9,217863,220700,YIL075C,RPN2
9,221081,222490,YIL074C,SER33
9,222937,225954,YIL073C,SPO22
9,226602,228419,YIL072W,HOP1
9,233013,233396,YIL068W-A,SEC6
9,238099,240708,YIL066C,RNR3
9,241308,241775,YIL065C,FIS1
9,241943,242716,YIL064W,EFM4
9,242761,243744,YIL063C,YRB2
9,243998,244462,YIL062C,ARC15
9,244657,245559,YIL061C,SNP1
9,246392,246826,YIL060W,YIL060W
9,246914,247198,YIL058W,YIL059C
9,247902,248396,YIL057C,RGI2
9,249991,251913,YIL056W,VHR1
9,252042,253925,YIL055C,YIL055C
9,254543,254860,YIL054W,YIL054W
9,255115,255867,YIL053W,GPP1
9,256226,257063,YIL052C,RPL34B
9,257843,258280,YIL051C,MMF1
9,258913,259770,YIL050W,PCL7
9,260158,260919,YIL049W,DFG10
9,261437,264892,YIL048W,NEO1
9,265115,267823,YIL047C,SYG1
9,268309,268473,YIL046W-A,YIL046W-A
9,268651,270573,YIL046W,MET30
9,271161,272777,YIL045W,PIG2
9,272950,273846,YIL044C,AGE2
9,274072,274926,YIL043C,CBR1
9,275108,276292,YIL042C,PKP1
9,276525,277505,YIL041W,GVP36
9,277723,278139,YIL040W,APQ12
9,278426,279847,YIL039W,TED1
9,280142,282652,YIL038C,NOT3
9,283029,284999,YIL037C,PRM2
9,285666,287429,YIL036W,CST6
9,287790,288908,YIL035C,CKA1
9,289226,290089,YIL034C,CAP2
9,291961,292317,YIL032C,BCY1
9,292633,295737,YIL031W,ULP2
9,296050,300009,YIL030C,SSM4
9,300829,301257,YIL029C,EMA17
9,303679,304104,YIL027C,EMC5
9,304477,307929,YIL026C,IRR1
9,308602,309171,YIL024C,ATG45
9,309386,310426,YIL023C,YKE4
9,311165,312460,YIL022W,TIM44
9,314035,314820,YIL020C,HIS6
9,315093,316133,YIL019W,FAF1
9,316768,317932,YIL018W,RPL2B
9,318200,320965,YIL017C,VID28
9,322342,324105,YIL015W,BAR1
9,326103,327995,YIL014W,MNT3
9,328207,332442,YIL013C,PDR11
9,333011,333352,YIL012W,YIL012W
9,333727,334536,YIL011W,TIR3
9,334882,335529,YIL010W,DOT5
9,335666,336212,YIL009C-A,EST3
9,339344,341428,YIL009W,FAA3
9,342536,342835,YIL008W,URM1
9,347946,348505,YIL004C,BET1
9,349122,350003,YIL003W,CFD1
9,353940,355481,YIL001W,YIL001W
9,357415,360396,YIR002C,MPH1
9,360885,362924,YIR003W,AIM21
9,363221,364519,YIR004W,DJP1
9,365466,369908,YIR006C,PAN1
9,370704,372998,YIR007W,EGH1
9,373077,374306,YIR008C,PRI1
9,375431,377161,YIR010W,DSN1
9,378486,379781,YIR012W,SQT1
9,382628,383425,YIR016W,YIR016W
9,383556,384119,YIR017C,MET28
9,383566,384165,YIR017W-A,MET28
9,384609,385346,YIR018W,YAP5
9,385564,385701,YIR018C-A,YIR018C-A
9,389572,393675,YIR019C,FLO11
9,394255,394557,YIR020C,YIR020C
9,394917,395159,YIR020W-A,YIR020C
9,397215,397949,YIR020C-B,MRS1
9,397294,398385,YIR021W,MRS1
9,398514,398726,YIR021W-A,YIR021W-A
9,398733,399236,YIR022W,SEC11
9,399777,402689,YIR023W,DAL81
9,402841,403491,YIR024C,INA22
9,403659,404765,YIR025W,MND2
9,404873,405967,YIR026C,YVH1
9,406260,407642,YIR027C,DAL1
9,408468,410375,YIR028W,DAL4
9,410807,411838,YIR029W,DAL2
9,412036,412770,YIR030C,DCG1
9,412899,413282,YIR030W-A,DCG1
9,413015,414679,YIR031C,DAL7
9,415030,415617,YIR032C,DAL3
9,416124,419465,YIR033W,MGA2
9,419615,420736,YIR034C,LYS1
9,421026,421790,YIR035C,NRE1
9,422074,422865,YIR036C,IRC24
9,422635,423036,YIR036W-A,IRC24
9,423128,423619,YIR037W,HYR1
9,423809,424513,YIR038C,GTT1
9,430498,432111,YIR039C,YPS6
10,24341,26086,YJL216C,IMA5
10,26412,26771,YJL215C,HXT8
10,26887,28596,YJL214W,HXT8
10,32163,33158,YJL213W,YJL213W
10,33850,36249,YJL212C,OPT1
10,36757,37200,YJL211C,PEX2
10,36919,37734,YJL210W,PEX2
10,38005,39969,YJL209W,CBP1
10,40194,41183,YJL208C,NUC1
10,41389,47433,YJL207C,LAA1
10,47659,49935,YJL206C,YJL206C
10,50139,50443,YJL205C,NCE101
10,50629,53151,YJL204C,RCY1
10,53341,54183,YJL203W,PRP21
10,53943,54290,YJL202C,PRP21
10,54379,56178,YJL201W,ECM25
10,56444,58813,YJL200C,ACO2
10,59856,60182,YJL199C,MBB1
10,60844,63489,YJL198W,PHO90
10,63805,67569,YJL197W,UBP12
10,67850,68782,YJL196C,ELO1
10,69241,69942,YJL195C,CDC6
10,69338,70879,YJL194W,CDC6
10,71366,72574,YJL193W,YJL193W
10,72710,73414,YJL192C,SOP4
10,73787,74611,YJL191W,RPS14B
10,74910,75302,YJL190C,RPS22A
10,75933,76474,YJL189W,RPL39
10,76803,79262,YJL187C,SWE1
10,80155,81915,YJL186W,MNN5
10,82095,82976,YJL185C,ATG36
10,83448,83819,YJL184W,GON7
10,84068,85336,YJL183W,MNN11
10,85435,85752,YJL182C,MNN11
10,85660,87495,YJL181W,RBH1
10,87583,88560,YJL180C,ATP12
10,88787,89116,YJL179W,PFD1
10,89282,90097,YJL178C,ATG27
10,90786,91657,YJL177W,RPL17B
10,92053,94530,YJL176C,SWI3
10,94049,94561,YJL175W,SWI3
10,95092,95922,YJL174W,KRE9
10,96161,96529,YJL173C,RFA3
10,97737,99467,YJL172W,CPS1
10,99704,100894,YJL171C,TOH1
10,101150,101779,YJL170C,ASG7
10,102099,102467,YJL169W,ASG7
10,102227,104428,YJL168C,SET2
10,105014,106072,YJL167W,ERG20
10,106434,106718,YJL166W,QCR8
10,106894,109461,YJL165C,HAL5
10,109966,111159,YJL164C,TPK1
10,111666,113333,YJL163C,YJL163C
10,113878,115629,YJL162C,JJJ2
10,117245,117787,YJL161W,FMP33
10,117962,118825,YJL160C,PIR5
10,120449,121690,YJL159W,HSP150
10,122265,122948,YJL158C,CIS3
10,123836,126328,YJL157C,FAR1
10,126853,128952,YJL156C,SSY5
10,129285,130643,YJL155C,FBP26
10,131101,133935,YJL154C,VPS35
10,134332,135933,YJL153C,INO1
10,136174,136533,YJL152W,SNA3
10,136372,136773,YJL151C,SNA3
10,137379,139370,YJL149W,DAS1
10,140437,141138,YJL148W,RPA34
10,141419,142567,YJL147C,SMT1
10,143292,144701,YJL146W,IDS2
10,147101,147577,YJL143W,TIM17
10,147819,148211,YJL142C,IRC9
10,147967,150390,YJL141C,YAK1
10,150961,151626,YJL140W,RPB4
10,151713,152999,YJL139C,YUR1
10,156550,157273,YJL136C,RPS21B
10,157877,158194,YJL135W,LCB3
10,159623,159847,YJL133C-A,DPI8
10,160619,161563,YJL133W,MRS3
10,161914,164166,YJL132W,YJL132W
10,164278,165348,YJL131C,AIM23
10,165723,172752,YJL130C,URA2
10,173599,177306,YJL129C,TRK1
10,178097,180103,YJL128C,PBS2
10,181551,181709,YJL127C-B,MCO6
10,182298,184220,YJL127C,SPT10
10,184501,185424,YJL126W,NIT2
10,185528,186679,YJL125C,GCD14
10,187126,187644,YJL124C,LSM1
10,188004,189440,YJL123C,MTC1
10,189716,190243,YJL122W,ALB1
10,190374,191090,YJL121C,RPE1
10,191572,191895,YJL119C,YJL118W
10,191639,192298,YJL118W,YJL118W
10,192531,193466,YJL117W,PHO86
10,193860,194873,YJL116C,NCA3
10,196287,197126,YJL115W,ASF1
10,205305,207449,YJL112W,MDV1
10,207877,209529,YJL111W,CCT7
10,209922,211577,YJL110C,GZF3
10,212000,217309,YJL109C,UTP10
10,217705,218856,YJL108C,PRM10
10,218853,220016,YJL107C,YJL107C
10,221390,223327,YJL106W,IME2
10,225055,226737,YJL105W,SET4
10,227327,227776,YJL104W,PAM16
10,229025,230881,YJL103C,GSM1
10,231301,233760,YJL102W,MEF2
10,239414,241654,YJL099W,CHS6
10,245591,246244,YJL097W,PHS1
10,247255,251691,YJL095W,BCK1
10,251821,254442,YJL094C,KHA1
10,254737,256812,YJL093C,TOK1
10,257423,260947,YJL092W,SRS2
10,262757,265051,YJL090C,DPB11
10,265926,268415,YJL089W,SIP4
10,270002,272485,YJL087C,TRL1
10,272827,274698,YJL085W,EXO70
10,274862,278002,YJL084C,ALY2
10,278841,280655,YJL083W,TAX4
10,281185,283380,YJL082W,IML2
10,283802,285271,YJL081C,ARP4
10,285558,289226,YJL080C,SCP160
10,289875,290774,YJL079C,PRY1
10,291336,293981,YJL078C,PRY3
10,294047,294145,YJL077W-B,YJL077W-B
10,294666,295061,YJL077C,ICS3
10,295245,298814,YJL076W,NET1
10,298460,298876,YJL075C,APQ13
10,299157,302849,YJL074C,SMC3
10,303181,305118,YJL073W,JEM1
10,305221,305862,YJL072C,PSF2
10,306132,307856,YJL071W,ARG2
10,307971,310637,YJL070C,YJL070C
10,310922,312706,YJL069C,UTP18
10,315054,315557,YJL065C,DLS1
10,315759,316475,YJL063C,MRPL8
10,317284,319776,YJL062W,LAS21
10,320016,322157,YJL061W,NUP82
10,323386,324720,YJL060W,BNA3
10,324964,326190,YJL059W,YHC3
10,326242,327873,YJL058C,BIT61
10,328118,330121,YJL057C,IKS1
10,330431,333073,YJL056C,ZAP1
10,333357,334094,YJL055W,LOG1
10,334265,335701,YJL054W,TIM54
10,335898,337037,YJL053W,PEP8
10,337884,338003,YJL052C-A,YJL052C-A
10,338271,339269,YJL052W,TDH1
10,339787,342255,YJL051W,IRC8
10,342522,345743,YJL050W,MTR4
10,345973,347325,YJL049W,CHM7
10,347447,348637,YJL048C,UBX6
10,349044,349178,YJL047C-A,YJL047C-A
10,349580,352108,YJL047C,RTT101
10,352386,353615,YJL046W,AIM22
10,356024,357928,YJL045W,SDH9
10,358300,359676,YJL044C,GYP6
10,360130,360903,YJL043W,YJL043W
10,361249,365445,YJL042W,MHP1
10,365784,368373,YJL041W,NSP1
10,368748,373799,YJL039C,NUP192
10,375115,375774,YJL038C,LOH1
10,376662,377336,YJL037W,IRC18
10,378825,380096,YJL036W,SNX4
10,380249,381001,YJL035C,TAD2
10,381327,383375,YJL034W,KAR2
10,383837,386149,YJL033W,HCA4
10,386348,386662,YJL032W,BET4
10,386368,387438,YJL031C,BET4
10,387657,388247,YJL030W,MAD2
10,388385,390853,YJL029C,VPS53
10,391311,391646,YJL028W,YJL028W
10,391833,392249,YJL027C,YJL027C
10,392404,393603,YJL026W,RNR2
10,393967,395511,YJL025W,RRN7
10,395931,396592,YJL024C,APS3
10,397355,398398,YJL023C,PET130
10,398109,398417,YJL022W,PET130
10,398937,402410,YJL020C,BBC1
10,402897,404945,YJL019W,MPS3
10,405588,407273,YJL016W,TPH3
10,407558,409162,YJL014W,CCT3
10,409493,411040,YJL013C,MAD3
10,414285,414770,YJL011C,RPC17
10,417562,419562,YJL010C,NOP9
10,419855,420181,YJL009W,CCT8
10,419957,421663,YJL008C,CCT8
10,422698,423012,YJL007C,YJL007C
10,423138,424109,YJL006C,CTK2
10,425157,431237,YJL005W,CYR1
10,431589,432200,YJL004C,SYS1
10,432644,433000,YJL003W,COX16
10,433221,434651,YJL002C,OST1
10,435163,435926,YJL001W,PRE3
10,436802,438610,YJR001W,AVT1
10,438865,440646,YJR002W,MPP10
10,440994,442553,YJR003C,MRX12
10,442909,444861,YJR004C,SAG1
10,445923,448025,YJR005W,APL1
10,448477,448758,YJR005C-A,LSO1
10,449202,450665,YJR006W,POL31
10,451020,451934,YJR007W,SUI2
10,452430,453446,YJR008W,MHO1
10,453683,454681,YJR009C,TDH2
10,456239,457774,YJR010W,MET3
10,458077,458361,YJR010C-A,SPC1
10,458641,459426,YJR011C,CAL4
10,459795,460193,YJR012C,YJR012C
10,460382,461593,YJR013W,GPI14
10,461829,462425,YJR014W,TMA22
10,462721,464253,YJR015W,YJR015W
10,464451,466208,YJR016C,ILV3
10,466521,467033,YJR017C,ESS1
10,467232,468281,YJR019C,TES1
10,468001,468333,YJR020W,TES1
10,468555,469579,YJR021C,REC107
10,469784,470113,YJR022W,LSM8
10,469804,470205,YJR023C,LSM8
10,470230,470964,YJR024C,MDE1
10,471138,471671,YJR025C,BNA1
10,483959,486196,YJR030C,RBH2
10,486586,490812,YJR031C,GEA1
10,491081,492262,YJR032W,CPR7
10,492378,496451,YJR033C,RAV1
10,496683,497009,YJR034W,PET191
10,497355,500612,YJR035W,RAD26
10,500713,503391,YJR036C,HUL4
10,503710,504072,YJR038C,MLO127
10,503936,507301,YJR039W,MLO127
10,507746,510085,YJR040W,GEF1
10,510239,513763,YJR041C,URB2
10,514055,516289,YJR042W,NUP85
10,516461,517513,YJR043C,POL32
10,518763,519185,YJR044C,VPS55
10,519638,521602,YJR045C,SSC1
10,522048,523862,YJR046W,TAH11
10,524908,525381,YJR047C,ANB1
10,526335,526664,YJR048W,CYC1
10,526884,528476,YJR049C,UTR1
10,528697,529404,YJR050W,ISY1
10,532062,533759,YJR052W,RAD7
10,534027,535751,YJR053W,BFA1
10,536056,537549,YJR054W,KCH1
10,538772,539266,YJR055W,HIT1
10,541792,542502,YJR056C,YJR056C
10,544062,544712,YJR057W,CDC8
10,544732,545175,YJR058C,APS2
10,545787,548243,YJR059W,PTK2
10,548759,549814,YJR060W,CBF1
10,550511,553318,YJR061W,MNN14
10,553476,554849,YJR062C,NTA1
10,555195,555572,YJR063W,RPA12
10,555914,557602,YJR064W,CCT5
10,557809,559158,YJR065C,ARP3
10,559416,566828,YJR066W,TOR1
10,567643,568704,YJR068W,RFC2
10,568806,569399,YJR069C,HAM1
10,569621,570598,YJR070C,LIA1
10,570405,570773,YJR071W,LIA1
10,570967,572124,YJR072C,NPA3
10,572315,572935,YJR073C,OPI3
10,573095,573751,YJR074W,MOG1
10,573981,575171,YJR075W,HOC1
10,575354,576601,YJR076C,CDC11
10,577255,578190,YJR077C,MIR1
10,578860,580221,YJR078W,BNA2
10,580205,581239,YJR079W,YJR079W
10,580432,581616,YJR080C,AIM24
10,581914,582255,YJR082C,EAF6
10,582608,583537,YJR083C,ACF4
10,583733,585004,YJR084W,YJR084W
10,585120,585437,YJR085C,TMH11
10,586068,586400,YJR086W,STE18
10,586400,586750,YJR087W,STE18
10,586495,587373,YJR088C,EMC2
10,587718,590582,YJR089W,BIR1
10,590872,594327,YJR090C,GRR1
10,595061,598336,YJR091C,JSN1
10,598735,603078,YJR092W,BUD4
10,603220,604203,YJR093C,FIP1
10,604569,605651,YJR094C,IME1
10,608305,608858,YJR094W-A,RPL43B
10,609773,610741,YJR095W,SFC1
10,611195,612043,YJR096W,YJR096W
10,612413,612931,YJR097W,JJJ3
10,613186,615156,YJR098C,YJR098C
10,619157,619765,YJR102C,VPS25
10,620754,622490,YJR103W,URA8
10,622550,623014,YJR104C,SOD1
10,623581,624603,YJR105W,ADO1
10,624838,627015,YJR106W,ECM27
10,627340,628326,YJR107W,LIH1
10,628457,628693,YJR107C-A,YJR107C-A
10,628712,629083,YJR108W,ABM1
10,629585,632941,YJR109C,CPA2
10,633615,635681,YJR110W,YMR1
10,637030,637635,YJR112W,NNF1
10,638232,638975,YJR113C,RSM7
10,638659,639051,YJR114W,RSM7
10,639942,640451,YJR115W,YJR115W
10,640825,641664,YJR116W,TDA4
10,642007,643368,YJR117W,STE24
10,643490,644101,YJR118C,ILM1
10,644304,646490,YJR119C,JHD2
10,647126,647476,YJR120W,DMO1
10,647607,649142,YJR121W,ATP2
10,649776,651269,YJR122W,IBA57
10,651901,652578,YJR123W,RPS5
10,652892,654238,YJR124C,YJR124C
10,654737,655963,YJR125C,ENT3
10,656254,658689,YJR126C,VPS70
10,658917,663059,YJR127C,RSF2
10,662921,663280,YJR128W,YJR128W
10,664000,665019,YJR129C,EFM3
10,665218,667137,YJR130C,STR2
10,669522,672668,YJR132W,NMD5
10,672991,673620,YJR133W,XPT1
10,673729,675852,YJR134C,SGM1
10,676059,676778,YJR135C,MCM22
10,677441,678706,YJR136C,TTI2
10,678957,683285,YJR137C,MET5
10,684567,689321,YJR138W,IML1
10,690750,695696,YJR140C,HIR3
10,695906,696949,YJR141W,IPA1
10,697141,698169,YJR142W,YJR142W
10,698326,700614,YJR143C,PMT4
10,700882,701691,YJR144W,MGM101
10,702027,703068,YJR145C,RPS4A
10,703885,704238,YJR146W,YJR146W
10,704196,705272,YJR147W,HMS2
10,705744,706874,YJR148W,BAT2
10,707160,708374,YJR149W,YJR149W
10,708811,709707,YJR150C,DAN1
10,712255,715740,YJR151C,DAN4
10,717580,717630,YJR151W-A,YJR151W-A
10,719666,721297,YJR152W,DAL5
10,722815,723900,YJR153W,PGU1
10,725784,726824,YJR154W,YJR154W
10,727405,728271,YJR155W,AAD10
11,2389,2721,YKL223W,PAU16
11,3503,5620,YKL222C,YKL222C
11,6107,7528,YKL221W,MCH2
11,9091,11226,YKL220C,FRE2
11,14485,15708,YKL219W,COS9
11,17359,18339,YKL218C,SRY1
11,22234,24084,YKL217W,JEN1
11,25215,26159,YKL216W,URA1
11,26827,30687,YKL215C,OXP1
11,31082,31693,YKL214C,YRA2
11,31960,34107,YKL213C,DOA1
11,36699,38153,YKL211C,TRP3
11,39163,42237,YKL210W,UBA1
11,42423,46295,YKL209C,STE6
11,47157,47972,YKL208W,CBT1
11,48194,48955,YKL207W,EMC3
11,49006,49809,YKL206C,ADD66
11,50051,53353,YKL205W,LOS1
11,53704,55602,YKL204W,EAP1
11,55935,63359,YKL203C,TOR2
11,63821,64402,YKL202W,MNN4
11,63930,67466,YKL201C,MNN4
11,68232,70220,YKL198C,PTK1
11,70734,73865,YKL197C,PEX1
11,74932,75534,YKL196C,YKT6
11,75821,77032,YKL195W,MIA40
11,77258,78646,YKL194C,MST1
11,78866,79882,YKL193C,SDS22
11,80160,80537,YKL192C,ACP1
11,81035,82639,YKL191W,DPH2
11,82947,83550,YKL190W,CNB1
11,84704,85903,YKL189W,HYM1
11,86225,88786,YKL188C,PXA2
11,89284,91536,YKL187C,FAT3
11,92744,93465,YKL186C,MTR2
11,94499,96265,YKL185W,ASH1
11,96757,98157,YKL184W,SPE1
11,98395,98607,YKL183C-A,YKL183C-A
11,98721,99641,YKL183W,LOT5
11,100671,106826,YKL182W,FAS1
11,107316,108599,YKL181W,PRS1
11,109269,110129,YKL180W,RPL17A
11,110464,112503,YKL179C,COY1
11,113215,114627,YKL178C,STE3
11,114356,114694,YKL177W,STE3
11,115500,117986,YKL176C,LST4
11,118793,120304,YKL175W,ZRT3
11,120380,122236,YKL174C,TPO5
11,122517,125543,YKL173W,SNU114
11,125759,127042,YKL172W,EBP2
11,127475,130261,YKL171W,NNK1
11,130634,131050,YKL170W,MRPL38
11,131288,133462,YKL168C,KKQ8
11,133721,134134,YKL167C,MRP49
11,134509,135705,YKL166C,TPK3
11,135790,136023,YKL165C-A,TPK3
11,137932,140691,YKL165C,MCD4
11,141794,142819,YKL164C,PIR1
11,144401,145378,YKL163W,PIR3
11,145922,146074,YKL162C-A,PIR3
11,147630,148838,YKL162C,YKL162C
11,149386,150687,YKL161C,KDX1
11,153269,153706,YKL160W,ELF1
11,153816,154451,YKL159C,RCN1
11,154991,158232,YKL157W,APE2
11,161601,162335,YKL154W,SRP102
11,163600,164109,YKL153W,GPM1
11,166400,167452,YKL150W,MCR1
11,169207,171129,YKL148C,SDH1
11,171551,172168,YKL147C,AVT3
11,171783,173861,YKL146W,AVT3
11,174213,175616,YKL145W,RPT1
11,175843,176481,YKL144C,RPC25
11,176781,178172,YKL143W,LTV1
11,178515,179174,YKL142W,MRP8
11,179667,180263,YKL141W,SDH3
11,180779,182425,YKL140W,TGL1
11,182958,184544,YKL139W,CTK1
11,184803,185012,YKL138C-A,HSK3
11,185286,185681,YKL138C,MRPL31
11,185957,186292,YKL137W,CMC1
11,186416,186814,YKL136W,CMC1
11,186460,188640,YKL135C,APL2
11,189124,191442,YKL134C,OCT1
11,193574,194866,YKL132C,RMA1
11,194478,194999,YKL131W,RMA1
11,195288,196028,YKL130C,SHE2
11,196349,200167,YKL129C,MYO3
11,200884,201771,YKL128C,PMU1
11,203541,205253,YKL127W,PGM1
11,205707,207749,YKL126W,YPK1
11,208247,210130,YKL125W,RRN3
11,210593,212332,YKL124W,SSH4
11,212495,212998,YKL122C,SRP21
11,214142,216700,YKL121W,DGR2
11,217344,218318,YKL120W,OAC1
11,218570,219217,YKL119C,VPH2
11,219126,219437,YKL118W,VPH2
11,220324,220974,YKL117W,SBA1
11,221344,222900,YKL116C,PRR1
11,222893,223285,YKL115C,APN1
11,223352,224455,YKL114C,APN1
11,224727,225875,YKL113C,RAD27
11,226570,228765,YKL112W,ABF1
11,228464,228799,YKL111C,KTI12
11,228939,229880,YKL110C,KTI12
11,232227,233891,YKL109W,HAP4
11,234426,235787,YKL108W,SLD2
11,236141,237070,YKL107W,YKL107W
11,237147,237266,YKL106C-A,YKL106C-A
11,237536,238891,YKL106W,AAT1
11,239185,242583,YKL105C,SEG2
11,243220,245373,YKL104C,GFA1
11,246138,247682,YKL103C,APE1
11,248062,248367,YKL102C,YKL102C
11,248920,253476,YKL101W,HSL1
11,253697,255460,YKL100C,YPF1
11,255720,256472,YKL099C,UTP11
11,256770,257843,YKL098W,MTC2
11,258503,258913,YKL097C,YKL097C
11,259253,259531,YKL096W-A,CWP2
11,261132,261851,YKL096W,CWP1
11,262277,263113,YKL095W,YJU2
11,263349,264290,YKL094W,YJU3
11,264789,265808,YKL093W,MBR1
11,266145,269459,YKL092C,BUD2
11,269718,270650,YKL091C,YKL091C
11,271878,273209,YKL090W,CUE2
11,273394,275043,YKL089W,MIF2
11,275283,276998,YKL088W,CAB3
11,277189,277863,YKL087C,CYT2
11,278281,278664,YKL086W,SRX1
11,279123,280127,YKL085W,MDH1
11,280921,281535,YKL083W,RRP14
11,281025,282329,YKL082C,RRP14
11,285030,286208,YKL080W,VMA5
11,286603,288573,YKL079W,SMY1
11,288845,291052,YKL078W,DHR2
11,291453,292631,YKL077W,PSG1
11,294610,296193,YKL074C,MUD2
11,296430,299075,YKL073W,LHS1
11,299582,301882,YKL072W,STB6
11,305114,305884,YKL071W,OSI1
11,306211,306720,YKL070W,YKL070W
11,307285,307827,YKL069W,YKL069W
11,309206,309442,YKL068W-A,YKL068W-A
11,310199,313078,YKL068W,NUP100
11,314812,315273,YKL067W,YNK1
11,315281,315724,YKL066W,YNK1
11,315954,316175,YKL065W-A,DPC7
11,316437,317057,YKL065C,YET1
11,317764,320673,YKL064W,MNR2
11,321015,321518,YKL063C,YKL063C
11,323228,325120,YKL062W,MSN4
11,328118,329443,YKL059C,MPE1
11,330166,330534,YKL058W,TOA2
11,330856,333969,YKL057C,NUP120
11,335321,336157,YKL055C,OAR1
11,336537,338753,YKL054C,DEF1
11,339182,339442,YKL053C-A,MDM35
11,339572,339946,YKL053W,ASK1
11,339668,340546,YKL052C,ASK1
11,341312,342373,YKL051W,SFK1
11,342852,345620,YKL050C,LPX2
11,349463,351013,YKL047W,ANR2
11,351275,352624,YKL046C,DCW1
11,353493,355079,YKL045W,PRI2
11,356322,356642,YKL044W,MMO1
11,356748,357848,YKL043W,PHD1
11,358475,359566,YKL042W,SPC42
11,360143,360817,YKL041W,VPS24
11,362622,364193,YKL039W,PTM1
11,365605,369117,YKL038W,RGT1
11,371829,374105,YKL034W,TUL1
11,374505,375215,YKL033W-A,YKL033W-A
11,375456,378572,YKL033W,TTI1
11,380065,381858,YKL032C,IXR1
11,382072,382485,YKL031W,IXR1
11,382498,383103,YKL030W,MAE1
11,382716,384725,YKL029C,MAE1
11,385758,387206,YKL028W,TFA1
11,387562,388905,YKL027W,TCD2
11,389380,389883,YKL026C,GPX1
11,390240,392279,YKL025C,PAN3
11,392526,393140,YKL024C,URA6
11,393146,393373,YKL023C-A,MIN9
11,393721,394554,YKL023W,SKA1
11,394726,397248,YKL022C,CDC16
11,397344,398750,YKL021C,MAK11
11,398832,402080,YKL020C,SPT23
11,402568,403518,YKL019W,RAM2
11,403580,403879,YKL018C-A,MCO12
11,404102,405091,YKL018W,SWD2
11,405190,407241,YKL017C,HCS1
11,407465,407989,YKL016C,ATP7
11,408544,411483,YKL015W,PUT3
11,411619,416913,YKL014C,URB1
11,417508,418023,YKL013C,ARC19
11,418310,420061,YKL012W,PRP40
11,420155,421216,YKL011C,CCE1
11,421424,425875,YKL010C,UFD4
11,426242,426952,YKL009W,MRT4
11,427295,428551,YKL008C,LAC1
11,429302,430108,YKL007W,CAP1
11,430198,430632,YKL006C-A,SFT1
11,431906,432720,YKL006W,RPL14A
11,433093,434877,YKL005C,BYE1
11,435580,436785,YKL004W,AUR1
11,437778,438544,YKL002W,DID4
11,438777,439385,YKL001C,MET14
11,440608,442722,YKR001C,VPS1
11,443232,444938,YKR002W,PAP1
11,445381,446727,YKR003W,OSH6
11,446799,448036,YKR004C,ECM9
11,448521,450167,YKR005C,YKR005C
11,452201,454078,YKR008W,RSC4
11,454352,457054,YKR009C,FOX2
11,458924,461239,YKR010C,TOF2
11,463739,464116,YKR012C,PRY2
11,465367,466071,YKR014C,YPT52
11,466961,468667,YKR015C,YKR015C
11,469717,471339,YKR016W,MIC60
11,471694,473349,YKR017C,HEL1
11,473723,475900,YKR018C,YKR018C
11,476216,478063,YKR019C,IRS4
11,478338,478832,YKR020W,VPS51
11,479234,481981,YKR021W,ALY1
11,482171,483139,YKR022C,NTR2
11,483419,485011,YKR023W,RQT4
11,485144,487372,YKR024C,DBP7
11,487770,488618,YKR025W,RPC37
11,488738,489655,YKR026C,GCN3
11,491364,493661,YKR027W,BCH2
11,494257,497358,YKR028W,SAP190
11,497578,499833,YKR029C,SET3
11,500282,501103,YKR030W,GMH1
11,501344,506395,YKR031C,SPO14
11,506517,506831,YKR032W,YKR032W
11,506879,507304,YKR033C,DAL80
11,506898,507707,YKR034W,DAL80
11,507920,508561,YKR035C,DID2
11,508702,510633,YKR036C,CAF4
11,510910,511797,YKR037C,SPC34
11,511999,513159,YKR038C,KAE1
11,515063,516871,YKR039W,GAP1
11,518063,518566,YKR040C,YKR041W
11,518198,518950,YKR041W,YKR041W
11,519527,520624,YKR042W,UTH1
11,520897,521712,YKR043C,SHB17
11,522015,523346,YKR044W,UIP5
11,523418,523969,YKR045C,YKR045C
11,524223,525074,YKR046C,PLN1
11,525257,525562,YKR047W,NAP1
11,525387,526640,YKR048C,NAP1
11,526830,527231,YKR049C,FMP46
11,527815,530484,YKR050W,TRK2
11,530946,532202,YKR051W,HFL1
11,532550,533464,YKR052C,MRS4
11,534067,535281,YKR053C,YSR3
11,535647,547925,YKR054C,DYN1
11,548216,549091,YKR055W,RHO4
11,549448,551367,YKR056W,TRM2
11,551657,552242,YKR057W,RPS21A
11,552770,554620,YKR058W,GLG1
11,556518,557342,YKR060W,UTP30
11,557677,558954,YKR061W,KTR2
11,559666,560652,YKR062W,TFA2
11,560789,562297,YKR063C,LAS1
11,562547,565138,YKR064W,OAF3
11,565299,565892,YKR065C,PAM17
11,566113,567198,YKR066C,CCP1
11,567918,570149,YKR067W,GPT2
11,570328,570909,YKR068C,BET3
11,571612,573393,YKR069W,MET1
11,573574,574632,YKR070W,YKR070W
11,574934,575980,YKR071C,DRE2
11,576435,578123,YKR072C,SIS2
11,578187,578507,YKR073C,YKR073C
11,579209,579676,YKR074W,AIM29
11,579827,580750,YKR075C,YKR075C
11,584952,586709,YKR078W,VPS501
11,586789,589305,YKR079C,TRZ1
11,590395,591357,YKR080W,MTD1
11,591506,592540,YKR081C,RPF2
11,592825,596298,YKR082W,NUP133
11,596421,596822,YKR083C,DAD2
11,597055,598890,YKR084C,HBS1
11,599094,599681,YKR085C,MRPL20
11,599857,603072,YKR086W,PRP16
11,603195,604232,YKR087C,OMA1
11,604405,605418,YKR088C,TVP38
11,605633,608365,YKR089C,TGL4
11,608946,611066,YKR090W,PXL1
11,611525,612265,YKR091W,SRL3
11,612665,613885,YKR092C,SRP40
11,615730,617535,YKR093W,PTR2
11,617996,618750,YKR094C,RPL40B
11,619805,625432,YKR095W,MLP1
11,625864,626205,YKR095W-A,PCC1
11,626793,630380,YKR096W,ESL2
11,631152,632801,YKR097W,PCK1
11,633026,635179,YKR098C,UBP11
11,635851,638286,YKR099W,BAS1
11,638901,639968,YKR100C,SKG1
11,640540,642504,YKR101W,SIR1
11,646356,649865,YKR102W,FLO10
12,14648,16072,YLL063C,AYT1
12,17956,19707,YLL061W,MMP1
12,21138,21839,YLL060C,GTT2
12,22474,22980,YLL059C,GTT2
12,23569,25296,YLL058W,HSU1
12,25756,26994,YLL057C,JLP1
12,27409,28305,YLL056C,YLL056C
12,30109,31704,YLL055W,YCT1
12,32673,35204,YLL054C,YLL054C
12,35912,36361,YLL052C,AQY2
12,37333,39471,YLL051C,FRE6
12,39804,40414,YLL050C,COF1
12,41280,46265,YLL048C,YBT1
12,47859,48629,YLL045C,RPL8B
12,48216,48662,YLL044W,RPL8B
12,49938,51947,YLL043W,FPS1
12,52087,52590,YLL042C,ATG10
12,53131,53931,YLL041C,SDH2
12,54211,63645,YLL040C,VPS13
12,64062,65207,YLL039C,UBI4
12,65775,66518,YLL038C,ENT4
12,66562,66942,YLL037W,ENT4
12,66745,68256,YLL036C,PRP19
12,68580,70478,YLL035W,GRC3
12,70633,73146,YLL034C,RIX7
12,73409,74101,YLL033W,IRC19
12,74270,76747,YLL032C,YLL032C
12,77152,80205,YLL031C,GPI13
12,80356,80697,YLL030C,RRT7
12,81461,83710,YLL029W,FRA1
12,84804,86564,YLL028W,TPO1
12,87403,88155,YLL027W,ISA1
12,88623,91349,YLL026W,HSP104
12,94747,95121,YLL025W,PAU17
12,95566,97485,YLL024C,SSA2
12,97997,98836,YLL023C,POM33
12,99044,100201,YLL022C,HIF1
12,100947,105347,YLL021W,SPA2
12,105686,107899,YLL019C,KNS1
12,108676,108972,YLL018C-A,COX19
12,109902,111575,YLL018C,DPS1
12,116432,121111,YLL015W,BPT1
12,121322,121648,YLL014W,EMC6
12,122075,124714,YLL013C,PUF3
12,125534,127255,YLL012W,YEH1
12,127523,128992,YLL011W,SOF1
12,129330,130613,YLL010C,PSR1
12,131205,131414,YLL009C,COX17
12,131729,133987,YLL008W,DRS1
12,134302,136299,YLL007C,LMO1
12,136345,136521,YLL006W-A,YLL006W-A
12,137940,140546,YLL005C,SPO75
12,141073,142923,YLL004W,ORC3
12,143201,146041,YLL003W,SFI1
12,147890,150163,YLL001W,DNM1
12,151389,153977,YLR001C,YLR001C
12,154343,156334,YLR002C,NOC3
12,157934,159505,YLR004C,THI73
12,160049,161434,YLR005W,SSL1
12,161755,163893,YLR006C,SSK1
12,164392,165402,YLR007W,NSE1
12,167320,167802,YLR010C,TEN1
12,169982,170281,YLR012C,YLR012C
12,172268,174982,YLR014C,PPR1
12,177608,178621,YLR017W,MEU1
12,178707,179606,YLR018C,POM34
12,180288,181481,YLR019W,PSR2
12,181789,183405,YLR020C,YEH2
12,183623,184162,YLR021W,IRC25
12,184174,184926,YLR022C,SDO1
12,185498,187129,YLR023C,IZH3
12,187663,193281,YLR024C,UBR2
12,194452,195174,YLR025W,SNF7
12,195450,196472,YLR026C,SED5
12,196829,198085,YLR027C,AAT2
12,199540,201315,YLR028C,ADE16
12,203290,204081,YLR030W,YLR030W
12,204991,208500,YLR032W,RAD5
12,210512,211933,YLR034C,SMF3
12,212369,214456,YLR035C,MLH2
12,221521,222132,YLR036C,YLR036C
12,222685,223059,YLR037C,PAU23
12,224921,225172,YLR038C,COX12
12,225426,228596,YLR039C,RIC1
12,228908,229582,YLR040C,AFB1
12,231702,232013,YLR043C,TRX1
12,232390,234081,YLR044C,PDC1
12,235037,237703,YLR045C,STU2
12,238001,238813,YLR046C,YLR046C
12,239347,241407,YLR047C,FRE8
12,242232,243349,YLR048W,RPS0B
12,243886,245172,YLR049C,MLO50
12,245587,246072,YLR050C,EMA19
12,246324,246977,YLR051C,FCF2
12,247201,247953,YLR052W,IES3
12,248100,248426,YLR053C,NRS1
12,248717,250978,YLR054C,OSW2
12,251272,253080,YLR055C,SPT8
12,253861,254958,YLR056W,ERG3
12,255306,257855,YLR057W,MNL2
12,257992,259401,YLR058C,SHM2
12,259738,260547,YLR059C,REX2
12,260979,262766,YLR060W,FRS1
12,263194,263948,YLR061W,RPL22A
12,264157,265254,YLR063W,BMT6
12,265456,266277,YLR064W,PER33
12,266373,266918,YLR065C,SND2
12,267169,267723,YLR066W,SPC3
12,267813,270710,YLR067C,PET309
12,271008,271463,YLR068W,FYV7
12,271630,273915,YLR069C,MEF1
12,274141,275211,YLR070C,XYL2
12,275378,278626,YLR071C,RGR1
12,278862,280943,YLR072W,LAM6
12,281019,281621,YLR073C,RFU1
12,281956,282456,YLR074C,BUD20
12,282927,283592,YLR075W,RPL10
12,283185,283607,YLR076C,RPL10
12,283872,285623,YLR077W,FMP25
12,285736,286559,YLR078C,BOS1
12,286820,287674,YLR079W,SIC1
12,287916,289250,YLR080W,EMP46
12,290212,291936,YLR081W,GAL2
12,292394,293572,YLR082C,SRL2
12,294091,296094,YLR083C,EMP70
12,296589,300251,YLR084C,RAX2
12,300673,301989,YLR085C,ARP6
12,302243,306499,YLR086W,SMC4
12,306855,315731,YLR087C,CSF1
12,316107,317951,YLR088W,GAA1
12,318237,320015,YLR089C,ALT1
12,320701,322080,YLR090W,XDJ1
12,322297,323178,YLR091W,GEP5
12,323544,326225,YLR092W,SUL2
12,326513,327415,YLR093C,NYV1
12,327730,329238,YLR094C,GIS3
12,329677,332115,YLR095C,IOC2
12,332590,336033,YLR096W,KIN2
12,336231,337265,YLR097C,HRT3
12,337527,339473,YLR098C,CHA4
12,339744,340928,YLR099C,ICT1
12,341325,341588,YLR099W-A,MIM2
12,341810,342853,YLR100W,ERG27
12,343989,345941,YLR103C,CDC45
12,347047,348180,YLR105C,SEN2
12,349006,363738,YLR106C,REA1
12,364116,365330,YLR107W,REX3
12,366667,368124,YLR108C,YLR108C
12,368781,369311,YLR109W,AHP1
12,369697,370098,YLR110C,CCW12
12,370391,370723,YLR111W,YLR111W
12,370791,371210,YLR112W,YLR112W
12,371620,372927,YLR113W,HOG1
12,377985,380564,YLR115W,CFT2
12,380822,382252,YLR116W,MSL5
12,382471,384534,YLR117C,CLF1
12,384725,385408,YLR118C,TML25
12,385534,386175,YLR119W,SRN2
12,386511,388220,YLR120C,YPS1
12,388672,388773,YLR120W-A,YPS3
12,388744,390270,YLR121C,YPS3
12,391600,391944,YLR124W,YLR122C
12,395758,398319,YLR127C,APC2
12,399657,402488,YLR129W,DIP2
12,404510,406822,YLR131C,ACE2
12,407283,408155,YLR132C,USB1
12,408445,410193,YLR133W,CKI1
12,410723,412414,YLR134W,PDC5
12,413281,415527,YLR135W,SLX4
12,415801,416658,YLR136C,TIS11
12,417006,418109,YLR137W,RKM5
12,418437,421394,YLR138W,NHA1
12,423474,423800,YLR140W,RRN5
12,423683,424774,YLR141W,RRN5
12,425186,426616,YLR142W,PUT1
12,429677,432016,YLR144C,ACF2
12,433870,434058,YLR146W-A,YLR146W-A
12,437631,439823,YLR149C,GID11
12,441715,442737,YLR151C,PCD1
12,442958,444688,YLR152C,YLR152C
12,445524,447575,YLR153C,ACS2
12,462522,462671,YLR154C-G,YLR154C-G
12,495429,498044,YLR166C,SEC10
12,498947,499405,YLR167W,RPS31
12,499578,500270,YLR168C,UPS2
12,500335,500688,YLR169W,APS1
12,500579,501049,YLR170C,APS1
12,500733,501122,YLR171W,APS1
12,501260,502162,YLR172C,DPH5
12,502421,504247,YLR173W,TAG1
12,504591,505829,YLR174W,IDP2
12,506134,507585,YLR175W,CBF5
12,507797,510232,YLR176C,RFX1
12,511054,512940,YLR177W,YLR177W
12,513162,513821,YLR178C,TFS1
12,514108,514713,YLR179C,YLR179C
12,515262,516410,YLR180W,SAM1
12,516678,517670,YLR181C,VTA1
12,517940,520351,YLR182W,SWI6
12,520543,522012,YLR183C,TOS4
12,522663,523288,YLR185W,RPL37A
12,524865,527945,YLR187W,SKG3
12,528300,530387,YLR188W,MDL1
12,530797,534393,YLR189C,ATG26
12,535214,536689,YLR190W,MMR1
12,537272,538432,YLR191W,PEX13
12,541937,543304,YLR195C,NMT1
12,543968,545698,YLR196W,PWP1
12,546097,547611,YLR197W,NOP56
12,547853,548769,YLR199C,PBA1
12,549012,549356,YLR200W,YKE2
12,550194,550636,YLR202C,COQ9
12,552724,553677,YLR205C,HMX1
12,554578,556419,YLR206W,ENT2
12,556788,559289,YLR207W,HRD3
12,559551,560444,YLR208W,SEC13
12,560797,561732,YLR209C,PNP1
12,562008,563390,YLR210W,CLB4
12,566654,567922,YLR213C,CRR1
12,568567,570627,YLR214W,FRE1
12,570776,571858,YLR215C,CDC123
12,572096,573211,YLR216C,CPR6
12,574151,576337,YLR219W,MSC3
12,578362,579024,YLR221C,RSA3
12,582233,585490,YLR223C,IFH1
12,586464,587573,YLR224W,UCC1
12,587695,588918,YLR225C,YLR225C
12,590562,592043,YLR227C,ADY4
12,600019,602463,YLR228C,ECM22
12,604212,604787,YLR229C,CDC42
12,604574,604879,YLR230W,CDC42
12,605758,607119,YLR231C,BNA5
12,606830,607177,YLR232W,BNA5
12,607425,609524,YLR233C,EST1
12,609783,611753,YLR234W,TOP3
12,611532,611930,YLR235C,YLR236C
12,611794,612117,YLR236C,YLR236C
12,612367,614163,YLR237W,THI7
12,614755,616191,YLR238W,FAR10
12,616332,617318,YLR239C,LIP2
12,617533,620160,YLR240W,VPS34
12,620473,622821,YLR241W,CSC1
12,622918,623883,YLR242C,ARV1
12,624203,625021,YLR243W,GPN3
12,626502,626930,YLR245C,CDD1
12,627118,628197,YLR246W,ERF2
12,628684,633354,YLR247C,IRC20
12,634252,636084,YLR248W,RCK2
12,636780,639914,YLR249W,YEF3
12,640317,641021,YLR250W,SSP120
12,641464,642057,YLR251W,SYM1
12,641957,642262,YLR252W,SYM1
12,642627,644336,YLR253W,CQD2
12,644404,644973,YLR254C,NDL1
12,645600,645953,YLR255C,YLR255C
12,646415,650923,YLR256W,HAP1
12,658826,659791,YLR257W,YLR257W
12,660716,662833,YLR258W,GSY2
12,663284,665002,YLR259C,HSP60
12,665844,667907,YLR260W,LCB5
12,668237,668563,YLR261C,VPS63
12,668244,668891,YLR262C,YPT6
12,669468,669662,YLR262C-A,TMA7
12,670340,672823,YLR263W,RED1
12,673131,673334,YLR264W,RPS28B
12,673828,673944,YLR264C-A,YLR264C-A
12,674427,675455,YLR265C,NEJ1
12,675619,677724,YLR266C,PDR8
12,678212,679924,YLR267W,BOP2
12,680200,680844,YLR268W,SEC22
12,680866,681216,YLR269C,SEC22
12,681186,682238,YLR270W,DCS1
12,682737,683561,YLR271W,CMG1
12,683672,687202,YLR272C,YCS4
12,689083,691029,YLR273C,PIG1
12,691555,693882,YLR274W,MCM5
12,694378,694800,YLR275W,SMD2
12,695046,696830,YLR276C,DBP9
12,697156,699495,YLR277C,YSH1
12,699999,704024,YLR278C,YLR278C
12,704309,704698,YLR279W,RSO55
12,704483,704833,YLR280C,RSO55
12,704493,704960,YLR281C,RSO55
12,705071,705412,YLR282C,PUT7
12,705186,706130,YLR283W,PUT7
12,706198,707040,YLR284C,ECI1
12,707360,708145,YLR285W,NNT1
12,708168,708338,YLR285C-A,YLR285C-A
12,708448,710136,YLR286C,CTS1
12,710991,712058,YLR287C,YLR287C
12,712537,713158,YLR287C-A,RPS30A
12,713480,714904,YLR288C,MEC3
12,715089,717026,YLR289W,GUF1
12,717145,717978,YLR290C,COQ11
12,718317,719462,YLR291C,GCD7
12,719789,720370,YLR292C,SEC72
12,720771,721430,YLR293C,GSP1
12,721701,722030,YLR294C,ATP14
12,721999,722373,YLR295C,ATP14
12,722978,723304,YLR296W,YLR296W
12,724044,724433,YLR297W,YLR297W
12,724721,725416,YLR298C,YHC1
12,726069,728051,YLR299W,ECM38
12,728955,730301,YLR300W,EXG1
12,730825,731559,YLR301W,HRI1
12,732191,732553,YLR302C,YLR302C
12,732542,733876,YLR303W,MET17
12,735212,737548,YLR304C,ACO1
12,738161,743863,YLR305C,STT4
12,744151,744851,YLR306W,UBC12
12,745620,746525,YLR307W,CDA1
12,746848,747111,YLR307C-A,DPA10
12,747937,748875,YLR308W,CDA2
12,749034,751769,YLR309C,IMH1
12,752224,756993,YLR310C,CDC25
12,757265,757612,YLR311C,ATG39
12,757637,758833,YLR312C,ATG39
12,759480,760241,YLR312W-A,MRPL15
12,760750,762342,YLR313C,SPH1
12,762575,764137,YLR314C,CDC3
12,764808,765269,YLR315W,NKP2
12,765266,766358,YLR316C,TAD3
12,766542,769196,YLR318W,EST2
12,769318,771684,YLR319C,BUD6
12,771940,776304,YLR320W,MMS22
12,776584,777864,YLR321C,SFH1
12,777628,777942,YLR322W,SFH1
12,778173,778952,YLR323C,CWC24
12,779215,780786,YLR324W,PEX30
12,781143,781379,YLR325C,RPL38
12,782174,782896,YLR326W,YLR326W
12,783127,783387,YLR327C,TMA10
12,784913,786118,YLR328W,NMA1
12,786442,787333,YLR329W,REC102
12,787664,789679,YLR330W,CHS5
12,790669,791046,YLR331C,JIP3
12,790676,791806,YLR332W,MID2
12,795573,796335,YLR333C,RPS25B
12,796698,797078,YLR334C,YNCL0044W
12,797430,799592,YLR335W,NUP2
12,799697,802396,YLR336C,SGD1
12,802653,805106,YLR337C,VRP1
12,804346,805203,YLR338W,VRP1
12,805784,806335,YLR339C,RPP0
12,805887,806825,YLR340W,RPP0
12,807385,808818,YLR341W,SPO77
12,809997,815627,YLR342W,FKS1
12,815810,815983,YLR342W-A,YLR342W-A
12,816094,817761,YLR343W,GAS2
12,819312,820142,YLR344W,RPL26A
12,820511,822040,YLR345W,YLR345W
12,822287,822592,YLR346C,CIS1
12,823828,826413,YLR347C,KAP95
12,826977,827873,YLR348C,DIC1
12,827521,828027,YLR349W,DIC1
12,828730,829380,YLR350W,ORM2
12,829489,830364,YLR351C,NIT3
12,831116,833539,YLR352W,LUG1
12,834352,836163,YLR353W,BUD8
12,836350,837357,YLR354C,TAL1
12,838066,839253,YLR355C,ILV5
12,840321,840914,YLR356W,ATG33
12,841331,844000,YLR357W,RSC2
12,843487,844050,YLR358C,YLR358C
12,844282,845730,YLR359W,ADE13
12,846103,847422,YLR360W,VPS38
12,847388,849124,YLR361C,DCR2
12,849383,849679,YLR361C-A,YLR361C-A
12,849866,852019,YLR362W,STE11
12,852495,853151,YLR363C,NMD4
12,854062,854391,YLR364W,GRX8
12,855199,855531,YLR365W,YLR365W
12,855523,855645,YLR364C-A,YLR365W
12,855538,855843,YLR366W,YLR365W
12,855878,857317,YLR367W,RPS22B
12,857540,859336,YLR368W,MDM30
12,859552,861525,YLR369W,SSQ1
12,861718,862254,YLR370C,ARC18
12,862714,866784,YLR371W,ROM2
12,867354,868391,YLR372W,ELO3
12,868662,871367,YLR373C,VID22
12,871453,871842,YLR374C,STP3
12,871697,872728,YLR375W,STP3
12,872826,873554,YLR376C,PSY3
12,873746,874792,YLR377C,FBP1
12,875736,877178,YLR378C,SEC61
12,877444,877716,YLR379W-A,YLR379W-A
12,878282,879508,YLR380W,CSR1
12,879723,881924,YLR381W,CTF3
12,882067,884751,YLR382C,NAM2
12,885288,888632,YLR383W,SMC6
12,888851,892900,YLR384C,IKI3
12,892992,893390,YLR385C,SWC7
12,893628,896270,YLR386W,VAC14
12,896374,897672,YLR387C,REH1
12,898158,898821,YLR388W,RPS29A
12,899577,902660,YLR389C,STE23
12,903066,903404,YLR390W,ECM19
12,903724,904440,YLR390W-A,CCW14
12,904749,906305,YLR392C,ART10
12,907079,907918,YLR393W,ATP10
12,907950,909398,YLR394W,CST9
12,909729,909965,YLR395C,COX8
12,910235,912310,YLR396C,VPS33
12,912550,914892,YLR397C,AFG2
12,915156,919019,YLR398C,SKI2
12,919536,921596,YLR399C,BDF1
12,922063,922536,YLR400W,DUS3
12,922442,924448,YLR401C,DUS3
12,924889,925080,YLR402W,DUS3
12,925568,927619,YLR403W,SFP1
12,928743,929600,YLR404W,SEI1
12,929789,930892,YLR405W,DUS4
12,932206,932355,YLR406C-A,YLR406C-A
12,932967,933653,YLR407W,GAG1
12,934414,937233,YLR409C,UTP21
12,937541,940981,YLR410W,VIP1
12,947253,947978,YLR411W,CTR3
12,948368,949192,YLR412W,BER1
12,950267,950473,YLR412C-A,YLR412C-A
12,951156,953183,YLR413W,INA1
12,953353,954144,YLR414C,PUN1
12,954259,954597,YLR415C,YLR415C
12,954491,954889,YLR416C,YLR415C
12,955010,956710,YLR417W,VPS36
12,956914,958095,YLR418C,CDC73
12,958428,962735,YLR419W,YLR419W
12,963785,964879,YLR420W,URA4
12,965090,965560,YLR421C,RPN13
12,965897,971695,YLR422W,DCK1
12,971917,973170,YLR423C,ATG17
12,973395,975521,YLR424W,SPP382
12,982894,986817,YLR425W,TUS1
12,987062,988113,YLR426W,TDA5
12,988428,990440,YLR427W,MAG2
12,990617,990961,YLR428C,CRN1
12,990777,992732,YLR429W,CRN1
12,993434,1000129,YLR430W,SEN1
12,1000342,1001703,YLR431C,ATG23
12,1004347,1006008,YLR433C,CNA1
12,1006025,1006408,YLR434C,TSR2
12,1006378,1006995,YLR435W,TSR2
12,1007421,1011245,YLR436C,ECM30
12,1011622,1012023,YLR437C,DIF1
12,1012459,1012686,YLR437C-A,CAR2
12,1012501,1013775,YLR438W,CAR2
12,1013909,1014178,YLR438C-A,LSM3
12,1014491,1015450,YLR439W,MRPL4
12,1015568,1017697,YLR440C,SEC39
12,1019315,1022251,YLR442C,SIR3
12,1022625,1023971,YLR443W,ECM7
12,1023686,1023988,YLR444C,ECM7
12,1024189,1024837,YLR445W,GMC2
12,1025214,1026515,YLR446W,NGK1
12,1026856,1027893,YLR447C,VMA6
12,1028854,1029768,YLR448W,RPL6B
12,1030834,1032012,YLR449W,FPR4
12,1032627,1035764,YLR450W,HMG2
12,1036093,1038753,YLR451W,LEU3
12,1039270,1041366,YLR452C,SST2
12,1041799,1042986,YLR453C,RIF2
12,1043998,1051884,YLR454W,FMP27
12,1053629,1054543,YLR455W,PDP3
12,1055070,1055684,YLR456W,YLR456W
12,1055812,1056771,YLR457C,NBP1
12,1056455,1056835,YLR458W,NBP1
12,1057334,1058518,YLR459W,GAB1
12,1059757,1060887,YLR460C,YLR460C
13,10198,11295,YML131W,YML131W
13,11483,13174,YML130C,ERO1
13,15135,16676,YML128C,MSC1
13,22048,23683,YML124C,TUB3
13,24037,25800,YML123C,PHO84
13,26038,26418,YML122C,YML122C
13,26930,27862,YML121W,GTR1
13,28266,29807,YML120C,NDI1
13,30611,31684,YML119W,YML119W
13,32334,33851,YML118W,NGL3
13,34243,37647,YML117W,NAB6
13,37472,37774,YML116W-A,ATR1
13,38196,39824,YML116W,ATR1
13,40187,41794,YML115C,VAN1
13,42043,43575,YML114C,TAF8
13,44045,44791,YML113W,DAT1
13,45063,45953,YML112W,CTK3
13,46942,49704,YML111W,BUL2
13,50031,50954,YML110C,COQ5
13,51640,54468,YML109W,ZDS2
13,54793,55110,YML108W,YML108W
13,55265,56269,YML107C,PML39
13,56773,57453,YML106W,URA5
13,57866,58687,YML105C,SEC65
13,58939,62322,YML104C,MDM1
13,62582,67549,YML103C,NUP188
13,68294,69700,YML102W,CAC2
13,70138,70311,YML100W-A,YML100W-A
13,70624,73920,YML100W,TSL1
13,74229,74558,YML099W-A,ARG81
13,74398,77040,YML099C,ARG81
13,77267,77770,YML098W,TAF13
13,78335,79690,YML097C,VPS9
13,79909,81486,YML096W,YML096W
13,81481,82113,YML095C,RAD10
13,82219,82620,YML094C-A,GIM5
13,82275,82849,YML094W,GIM5
13,83090,85789,YML093W,UTP14
13,85987,86739,YML092C,PRE8
13,87123,90731,YML091C,RPM2
13,90744,91130,YML090W,ZOD1
13,91041,91409,YML089C,ZOD1
13,92235,94241,YML088W,UFO1
13,94431,95369,YML087C,AIM33
13,95791,97371,YML086C,ALO1
13,97941,99400,YML085C,TUB1
13,99489,99797,YML084W,YML083C
13,99794,101050,YML083C,YML083C
13,101862,103811,YML082W,YML082W
13,104777,108532,YML081W,TDA9
13,108806,110077,YML080W,DUS1
13,110247,110852,YML079W,CFF1
13,111002,111550,YML078W,CPR3
13,111865,112344,YML077W,BET5
13,112513,115347,YML076C,WAR1
13,115734,118898,YML075C,HMG1
13,120089,121324,YML074C,FPR3
13,123227,124172,YML073C,RPL6A
13,124730,129367,YML072C,TCB3
13,129749,131572,YML071C,COG8
13,133475,135229,YML070W,DAK1
13,135500,137158,YML069W,POB3
13,137550,138944,YML068W,ITT1
13,139063,140214,YML067C,ERV41
13,140424,141533,YML066C,SMA2
13,142210,144954,YML065W,ORC1
13,146482,147249,YML063W,RPS1B
13,147505,148683,YML062C,MFT1
13,148953,151532,YML061C,PIF1
13,151871,153001,YML060W,OGG1
13,153219,158258,YML059C,NTE1
13,159383,159697,YML058W,SML1
13,160023,160412,YML057C-A,SML1
13,160180,161994,YML057W,CMP2
13,162194,164176,YML056C,IMD4
13,164790,165326,YML055W,SPC2
13,165533,167308,YML054C,CYB2
13,167623,167781,YML054C-A,YML054C-A
13,169116,169754,YML053C,YML053C
13,170402,171310,YML052W,SUR7
13,171594,172901,YML051W,GAL80
13,173139,174074,YML050W,AIM32
13,178426,179637,YML048W,GSF2
13,179893,180258,YML047W-A,PRM6
13,180017,181075,YML047C,PRM6
13,181474,183363,YML046W,PRP39
13,190244,191767,YML043C,RRN11
13,192788,194800,YML042W,CAT2
13,194913,195755,YML041C,VPS71
13,202775,204103,YML038C,YMD8
13,205642,206293,YML036W,CGI121
13,206428,208860,YML035C,AMD1
13,209428,209826,YML034C-A,SRC1
13,209525,212155,YML034W,SRC1
13,212515,213930,YML032C,RAD52
13,214086,214421,YML031C-A,NDC1
13,214189,216156,YML031W,NDC1
13,216435,216914,YML030W,RCF1
13,217362,219878,YML029W,USA1
13,220138,220728,YML028W,TSA1
13,221406,222563,YML027W,YOX1
13,222987,223828,YML026C,RPS18B
13,224406,225365,YML025C,YML6
13,225889,226697,YML024W,RPS17A
13,226994,228664,YML023C,NSE5
13,228937,229500,YML022W,APT1
13,229734,230813,YML021C,UNG1
13,231149,233143,YML020W,YML020W
13,233457,234455,YML019W,OST6
13,234771,235952,YML018C,YML018C
13,236588,238731,YML017W,PSP2
13,239458,241536,YML016C,PPZ1
13,241989,243029,YML015C,TAF11
13,243225,244064,YML014W,TRM9
13,244149,245903,YML013W,UBX2
13,246116,246751,YML012W,ERV25
13,246895,247428,YML011C,RAD33
13,247677,250868,YML010W,SPT5
13,251304,251516,YML009C,MRPL39
13,251839,252990,YML008C,ERG6
13,253162,253272,YML007C-A,MIN4
13,253848,255800,YML007W,YAP1
13,256092,258416,YML006C,GIS4
13,260221,261609,YML005W,TRM12
13,261705,262685,YML004C,GLO1
13,263483,264355,YML003W,YML003W
13,264541,266754,YML002W,VRL1
13,267174,267800,YML001W,YPT7
13,269019,271136,YMR001C,CDC5
13,271347,271577,YMR001C-A,YMR001C-A
13,272193,272663,YMR002W,MIX17
13,273118,273714,YMR003W,AIM34
13,274017,275552,YMR004W,MVP1
13,276045,277211,YMR005W,TAF4
13,277561,279681,YMR006C,PLB2
13,279960,280340,YMR007W,YMR007W
13,280590,282584,YMR008C,PLB1
13,283081,283548,YMR008C-A,YMR008C-A
13,284102,284641,YMR009W,ADI1
13,285100,286317,YMR010W,ANY1
13,288079,289704,YMR011W,HXT2
13,291134,294967,YMR012W,CLU1
13,295179,296738,YMR013C,SEC59
13,298311,298391,YMR013W-A,SNR73
13,298868,300427,YMR014W,BUD22
13,300869,302485,YMR015C,ERG5
13,303236,305593,YMR016C,SOK2
13,307489,308682,YMR017W,SPO20
13,310208,311752,YMR018W,PEX9
13,312156,315005,YMR019W,STB4
13,315377,316903,YMR020W,FMS1
13,317165,318418,YMR021C,MAC1
13,318680,319177,YMR022W,UBC7
13,321875,323047,YMR024W,MRPL3
13,327482,328582,YMR028W,TAP42
13,328660,330231,YMR029C,FAR8
13,330793,331923,YMR030W,RSF1
13,332212,334743,YMR031C,EIS1
13,334709,335035,YMR031W-A,EIS1
13,335298,337307,YMR032W,HOF1
13,337788,339277,YMR033W,ARP9
13,339418,340722,YMR034C,RCH1
13,341142,341675,YMR035W,IMP2
13,341856,343520,YMR036C,MIH1
13,344403,346517,YMR037C,MSN2
13,348644,349522,YMR039C,SUB1
13,350381,350863,YMR040W,YET2
13,350966,351973,YMR041C,ARA2
13,352603,353136,YMR042W,ARG80
13,355384,356811,YMR044W,IOC4
13,362702,362830,YMR046W-A,YNCM0020W
13,363364,366705,YMR047C,NUP116
13,366981,367934,YMR048W,CSM3
13,368094,370517,YMR049C,ERB1
13,379586,380200,YMR052W,FAR3
13,380069,380434,YMR052C-A,FAR3
13,380346,382898,YMR053C,STB2
13,383303,385975,YMR054W,STV1
13,386101,387021,YMR055C,BUB2
13,387315,388244,YMR056C,AAC1
13,388359,388730,YMR057C,AAC1
13,388822,390732,YMR058W,FET3
13,391099,391485,YMR059W,SEN15
13,391532,392515,YMR060C,SAM37
13,392755,394788,YMR061W,RNA14
13,395054,396379,YMR062C,ARG7
13,397077,397796,YMR063W,RIM9
13,397903,399459,YMR064W,AEP1
13,399702,401216,YMR065W,KAR5
13,401541,404237,YMR066W,SOV1
13,404323,405573,YMR067C,UBX4
13,406304,407584,YMR068W,AVO2
13,407709,408566,YMR069W,NAT4
13,409154,410626,YMR070W,MOT3
13,410762,411265,YMR071C,TVP18
13,413036,413473,YMR074C,SDD2
13,413982,416036,YMR075W,RCO1
13,415688,416053,YMR075C-A,YMR075C-A
13,416196,420029,YMR076C,PDS5
13,421484,422149,YMR077C,VPS20
13,424989,426059,YMR079W,SEC14
13,426712,429627,YMR080C,NAM7
13,430079,431095,YMR081C,ISF1
13,431769,432125,YMR082C,YMR082C
13,434788,435915,YMR083W,ADH3
13,436628,437416,YMR084W,YMR084W
13,437491,438789,YMR085W,YMR085W
13,439208,442090,YMR086W,SEG1
13,442026,442364,YMR086C-A,PDL32
13,442527,443381,YMR087W,PDL32
13,443414,445102,YMR088C,VBA1
13,445609,448086,YMR089C,YTA12
13,449245,449928,YMR090W,YMR090W
13,450058,451365,YMR091C,NPL6
13,451632,453479,YMR092C,AIP1
13,454015,455556,YMR093W,UTP15
13,455825,457261,YMR094W,CTF13
13,458408,459301,YMR096W,SNZ1
13,459424,460527,YMR097C,MTG1
13,460771,462609,YMR098C,ATP25
13,463934,464827,YMR099C,YMR099C
13,466300,468162,YMR100W,MUB1
13,469848,472352,YMR102C,LAF1
13,473420,475453,YMR104C,YPK2
13,478064,478258,YMR105W-A,YMR105W-A
13,478301,480190,YMR106C,YKU80
13,483014,483361,YMR107W,SPG4
13,484084,486147,YMR108W,ILV2
13,486587,490246,YMR109W,MYO5
13,490394,491992,YMR110C,HFD1
13,492404,493792,YMR111C,EUC1
13,494100,494495,YMR112C,MED11
13,494999,496282,YMR113W,FOL3
13,496343,497449,YMR114C,YMR114C
13,497704,499209,YMR115W,MGR3
13,499456,500688,YMR116C,ASC1
13,501250,501891,YMR117C,SPC24
13,502144,502734,YMR118C,SHH3
13,505333,507207,YMR119W,ASI1
13,506996,507370,YMR119W-A,ASI1
13,507502,509280,YMR120C,ADE17
13,509734,510348,YMR121C,RPL15B
13,510701,511075,YMR122C,YMR122C
13,511315,511569,YMR122W-A,NCW1
13,513593,513961,YMR123W,PKR1
13,514456,517287,YMR124W,EPO1
13,517539,520446,YMR125W,STO1
13,523696,527499,YMR128W,ECM16
13,527804,531817,YMR129W,POM152
13,532119,533027,YMR130W,DPI35
13,534944,535570,YMR132C,JLP2
13,537838,538551,YMR134W,ERG29
13,538689,540056,YMR135C,GID8
13,539911,540444,YMR135W-A,GID8
13,541199,542881,YMR136W,GAT2
13,542978,544963,YMR137C,PSO2
13,545155,545730,YMR138W,CIN4
13,547714,549183,YMR140W,SIP5
13,551928,552903,YMR143W,RPS16A
13,553362,554390,YMR144W,FDO1
13,554793,556475,YMR145C,NDE1
13,557481,558524,YMR146C,TIF34
13,559199,560812,YMR147W,LDO45
13,560996,561856,YMR149W,SWP1
13,561956,562528,YMR150C,IMP1
13,562506,562943,YMR151W,IMP1
13,563096,564193,YMR152W,YIM1
13,564435,565862,YMR153W,NUP53
13,565999,568182,YMR154C,RIM13
13,568551,570194,YMR155W,YMR155W
13,570300,571016,YMR156C,TPP1
13,571277,572044,YMR157C,AIM36
13,572248,572715,YMR158W,MRPS8
13,573194,573331,YMR158C-A,YMR158C-A
13,574471,574791,YMR158W-B,ATG16
13,574476,574928,YMR159C,ATG16
13,575066,577516,YMR160W,CVM1
13,577718,578392,YMR161W,HLJ1
13,578951,583921,YMR162C,DNF3
13,584271,586388,YMR163C,INP2
13,587274,589550,YMR164C,MSS11
13,590040,592628,YMR165C,PAH1
13,593367,594473,YMR166C,MME1
13,594886,597195,YMR167W,MLH1
13,597332,599158,YMR168C,CEP3
13,599352,600872,YMR169C,ALD3
13,601562,603082,YMR170C,ALD2
13,603868,605520,YMR171C,EAR1
13,605981,608140,YMR172W,HOT1
13,608689,609981,YMR173W,DDR48
13,611740,615975,YMR176W,ECM5
13,616566,618098,YMR177W,MMT1
13,618479,619303,YMR178W,FPY1
13,619858,622134,YMR179W,SPT21
13,625811,625897,YMR182W-A,MIN3
13,626921,627808,YMR183C,SSO2
13,628189,628785,YMR184W,ADD37
13,629025,631970,YMR185W,RTP1
13,634689,635984,YMR187C,YMR187C
13,636291,637004,YMR188C,MRPS17
13,637500,640604,YMR189W,GCV2
13,640915,645258,YMR190C,SGS1
13,645656,646777,YMR191W,SPG5
13,647118,649280,YMR192W,GYL1
13,650036,650812,YMR193W,MRPL24
13,651072,651458,YMR193C-A,RPL36A
13,651145,651910,YMR194W,RPL36A
13,652594,652887,YMR194C-B,CMC4
13,652912,653136,YMR194C-A,CMC4
13,655076,658342,YMR196W,YMR196W
13,658545,659198,YMR197C,VTI1
13,659745,661529,YMR198W,CIK1
13,662644,664284,YMR199W,CLN1
13,664752,665522,YMR200W,ROT1
13,665845,667044,YMR201C,RAD14
13,667537,668205,YMR202W,ERG2
13,670063,671325,YMR204C,INP1
13,671887,674766,YMR205C,PFK2
13,675896,676837,YMR206W,YMR206W
13,677193,683564,YMR207C,HFA1
13,684467,685798,YMR208W,ERG12
13,685911,687284,YMR209C,YMR209C
13,687516,688865,YMR210W,MGL2
13,690695,693043,YMR212C,EFR3
13,693381,695153,YMR213W,CEF1
13,695350,696483,YMR214W,SCJ1
13,696796,698370,YMR215W,GAS3
13,698811,701039,YMR216C,SKY1
13,701790,703367,YMR217W,GUA1
13,703579,706887,YMR218C,TRS130
13,707133,712109,YMR219W,ESC1
13,712316,713671,YMR220W,ERG8
13,713931,715445,YMR221C,FMP42
13,715638,716309,YMR222C,FSH2
13,716715,718130,YMR223W,UBP8
13,718575,720653,YMR224C,MRE11
13,721593,722396,YMR226C,ORA1
13,722613,724385,YMR227C,TAF7
13,724626,725651,YMR228W,MTF1
13,725934,731123,YMR229C,RRP5
13,733545,736634,YMR231W,PEP5
13,736926,738959,YMR232W,FUS2
13,739185,739865,YMR233W,TRI1
13,740266,741312,YMR234W,RNH1
13,742971,743444,YMR236W,TAF9
13,743749,745923,YMR237W,BCH1
13,746353,747729,YMR238W,DFG5
13,748262,749677,YMR239C,RNT1
13,749930,751240,YMR240C,CUS1
13,754297,754386,YMR242W-A,YMR242W-A
13,754838,756166,YMR243C,ZRC1
13,757250,758317,YMR244W,YMR244W
13,758517,758831,YMR244C-A,COA6
13,758563,759183,YMR245W,COA6
13,759807,761891,YMR246W,FAA4
13,763351,768039,YMR247C,RKR1
13,769283,769426,YMR247W-A,YMR247W-A
13,770801,772558,YMR250W,GAD1
13,772915,774015,YMR251W,GTO3
13,774752,774931,YMR251W-A,HOR7
13,775315,775719,YMR252C,MLO1
13,775946,777190,YMR253C,YMR253C
13,777615,777923,YMR254C,YMR254C
13,778945,779127,YMR256C,COX7
13,779629,782031,YMR257C,PET111
13,782620,784281,YMR258C,ROY1
13,784621,788883,YMR259C,TRM732
13,789378,789839,YMR260C,TIF11
13,793726,794667,YMR262W,YMR262W
13,798518,801379,YMR266W,RSN1
13,801772,802704,YMR267W,PPA2
13,805326,806423,YMR270C,RRN9
13,806865,807548,YMR271C,URA10
13,809623,810777,YMR272C,SCS7
13,811233,813980,YMR273C,ZDS1
13,815651,818581,YMR275C,BUL1
13,818827,819948,YMR276W,DSK2
13,820256,822454,YMR277W,FCP1
13,822763,824631,YMR278W,PRM15
13,824729,826351,YMR279C,ATR2
13,827028,831329,YMR280C,CAT8
13,832339,833253,YMR281W,GPI12
13,833356,835098,YMR282C,AEP2
13,835326,836867,YMR283C,RIT1
13,838187,839995,YMR284W,YKU70
13,842436,845345,YMR287C,DSS1
13,845571,848486,YMR288W,HSH155
13,848685,849809,YMR289W,ABZ2
13,850074,851591,YMR290C,HAS1
13,851422,851769,YMR290W-A,HAS1
13,852630,854390,YMR291W,TDA1
13,855399,856793,YMR293C,HER2
13,858209,858568,YMR294W-A,GSR1
13,858297,858890,YMR295C,GSR1
13,859215,860891,YMR296C,LCB1
13,861922,863520,YMR297W,PRC1
13,864412,865350,YMR299C,DYN3
13,867555,869627,YMR301C,ATM1
13,870073,872625,YMR302C,YME2
13,873291,874337,YMR303C,ADH2
13,874987,878679,YMR304W,UBP15
13,878780,879130,YMR304C-A,SCW10
13,879063,880232,YMR305C,SCW10
13,881159,886516,YMR306W,FKS3
13,886183,886572,YMR306C-A,GAS1
13,887003,888682,YMR307W,GAS1
13,888952,892221,YMR308C,PSE1
13,892988,895426,YMR309C,NIP1
13,895716,896669,YMR310C,UPA2
13,896914,897603,YMR311C,GLC8
13,898405,899226,YMR312W,ELP6
13,899379,901307,YMR313C,TGL3
13,901709,902413,YMR314W,PRE5
13,902800,903849,YMR315W,YMR315W
13,904286,904393,YMR315W-A,YMR315W-A
13,904825,905835,YMR316W,DIA1
13,905662,905973,YMR316C-A,YMR316C-A
13,907321,907629,YMR316C-B,YMR317W
13,907364,910786,YMR317W,YMR317W
13,911061,912143,YMR318C,ADH6
13,912880,914538,YMR319C,FET4
13,916746,917051,YMR320W,YMR320W
13,917579,917896,YMR321C,YMR321C
14,16118,17248,YNL331C,AAD14
14,18001,19302,YNL330C,RPD3
14,19541,22633,YNL329C,PEX6
14,22834,23274,YNL328C,MDJ2
14,24048,27173,YNL327W,EGT2
14,27337,28347,YNL326C,PFA3
14,28739,31378,YNL325C,FIG4
14,31050,31445,YNL324W,FIG4
14,31944,33188,YNL323W,LEM3
14,33294,34235,YNL322C,KRE1
14,34696,37422,YNL321W,VNX1
14,37700,38554,YNL320W,YNL320W
14,38642,39082,YNL319W,HXT14
14,38707,40329,YNL318C,HXT14
14,40619,42016,YNL317W,PFS2
14,42071,43075,YNL316C,PHA2
14,43324,44280,YNL315C,ATP11
14,44447,45214,YNL314W,DAL82
14,45308,48022,YNL313C,EMW1
14,48287,49216,YNL312W,RFA2
14,49397,51688,YNL311C,SKP2
14,51907,52431,YNL310C,ZIM17
14,52662,53924,YNL309W,STB1
14,54122,55897,YNL308C,KRI1
14,58155,58808,YNL306W,MRPS18
14,58898,59791,YNL305C,BXI1
14,60297,61550,YNL304W,YPT11
14,61958,62943,YNL302C,RPS19B
14,63570,64562,YNL301C,RPL18B
14,65744,66052,YNL300W,TOS6
14,66517,68445,YNL299W,TRF5
14,68915,71443,YNL298W,CLA4
14,71673,76583,YNL297C,MON2
14,76946,78520,YNL295W,MRX6
14,78659,80260,YNL294C,RIM21
14,82806,84017,YNL292W,PUS4
14,86218,87240,YNL290W,RFC3
14,87897,88736,YNL289W,PCL1
14,90303,91424,YNL288W,CAF40
14,91994,94801,YNL287W,SEC21
14,95223,96080,YNL286W,CUS2
14,96173,96544,YNL285W,SUF6
14,103134,104102,YNL284C,MRPL10
14,105184,106695,YNL283C,WSC2
14,107687,108274,YNL282W,POP3
14,109095,110411,YNL280C,ERG24
14,110917,112902,YNL279W,PRM1
14,113271,116453,YNL278W,CAF120
14,117349,118809,YNL277W,MET2
14,121118,122170,YNL274C,GOR1
14,122883,126599,YNL273W,TOF1
14,126805,129084,YNL272C,SEC2
14,129522,135383,YNL271C,BNI1
14,135940,137661,YNL270C,ALP1
14,140878,144078,YNL267W,PIK1
14,144280,145281,YNL265C,IST1
14,148212,154880,YNL262W,POL2
14,156859,157347,YNL260C,LTO1
14,158109,160373,YNL258C,DSL1
14,160631,164320,YNL257C,SIP3
14,164623,167097,YNL256W,FOL1
14,168043,169248,YNL254C,RTC4
14,170018,171286,YNL253W,TEX1
14,175410,179348,YNL250W,RAD50
14,182875,185178,YNL247W,CRS1
14,185460,186349,YNL246W,VPS75
14,186346,186885,YNL245C,CWC25
14,187170,187496,YNL244C,SUI1
14,188051,190957,YNL243W,SLA2
14,191324,196102,YNL242W,ATG2
14,198502,199977,YNL240C,NAR1
14,200569,201933,YNL239W,LAP3
14,202428,204872,YNL238W,KEX2
14,205188,206567,YNL237W,YTP1
14,206930,209854,YNL236W,SIN4
14,211922,214600,YNL233W,BNI4
14,214923,215801,YNL232W,CSL4
14,215987,217042,YNL231C,PDR16
14,217523,218662,YNL230C,ELA1
14,219137,220201,YNL229C,URE2
14,220645,221421,YNL228W,JJJ1
14,222724,224469,YNL225C,CNM67
14,224796,227099,YNL224C,SQS1
14,229094,229714,YNL222W,SSU72
14,231068,233695,YNL221C,POP1
14,234413,235714,YNL220W,ADE12
14,235996,237663,YNL219C,ALG9
14,238238,240001,YNL218W,MGS1
14,240331,241311,YNL217W,PPN2
14,241689,244172,YNL216W,RAP1
14,244468,245430,YNL215W,IES2
14,245617,246216,YNL214W,PEX17
14,247461,249809,YNL212W,VID27
14,250055,250315,YNL211C,MRX7
14,250931,251743,YNL210W,MER1
14,252059,253900,YNL209W,SSB2
14,254418,255017,YNL208W,YNL208W
14,255353,256630,YNL207W,RIO2
14,258375,259277,YNL204C,SPS18
14,259439,260050,YNL203C,SPS19
14,259578,260456,YNL202W,SPS19
14,260627,263203,YNL201C,PSY2
14,263713,264453,YNL200C,NNR1
14,264926,266530,YNL199C,GCR2
14,266514,266816,YNL198C,GCR2
14,267608,269593,YNL197C,WHI3
14,270275,271171,YNL196C,SLZ1
14,271523,272308,YNL195C,YNL195C
14,272710,273615,YNL194C,YNL194C
14,274368,276044,YNL193W,YNL193W
14,276502,279897,YNL192W,CHS1
14,280432,281505,YNL191W,DUG3
14,282395,283009,YNL190W,YNL190W
14,286308,287609,YNL188W,KAR1
14,287994,289067,YNL187W,SWT21
14,293137,295509,YNL183C,NPR1
14,295960,297627,YNL182C,IPI3
14,298335,299558,YNL181W,PBR1
14,299654,300649,YNL180C,RHO5
14,300666,301103,YNL179C,RHO5
14,303686,304615,YNL177C,MRPL22
14,305070,306980,YNL176C,TDA7
14,307401,308612,YNL175C,NOP13
14,308957,310057,YNL173C,MDG1
14,310636,315882,YNL172W,APC1
14,318030,318809,YNL168C,FMP41
14,319416,321359,YNL167C,SKO1
14,322219,323565,YNL166C,BNI5
14,323832,325052,YNL165W,YNL165W
14,326741,330073,YNL163C,RIA1
14,330329,330547,YNL162W-A,YNL162W-A
14,331322,332154,YNL162W,RPL42A
14,332597,334867,YNL161W,CBK1
14,336545,337609,YNL160W,YGP1
14,338478,339347,YNL159C,ASI2
14,339612,340208,YNL158W,PGA1
14,340352,340858,YNL157W,IGO1
14,341069,341968,YNL156C,NSG2
14,343636,345276,YNL154C,YCK2
14,345669,346058,YNL153C,GIM3
14,346313,347542,YNL152W,INN1
14,347766,348521,YNL151C,RPC31
14,349251,349658,YNL150W,PGA2
14,349907,350671,YNL148C,ALF1
14,352820,355042,YNL144C,YNL144C
14,356794,357186,YNL143C,YNL143C
14,357453,358952,YNL142W,MEP2
14,360924,365717,YNL139C,THO2
14,366033,366412,YNL138W-A,YSF3
14,366741,368321,YNL138W,SRV2
14,368595,370055,YNL137C,NAM9
14,370368,371645,YNL136W,EAF7
14,371882,372226,YNL135C,FPR1
14,372451,373581,YNL134C,YNL134C
14,374171,374692,YNL133C,FYV6
14,375321,378491,YNL132W,KRE33
14,379558,380831,YNL130C,CPT1
14,381480,382202,YNL129W,NRK1
14,382359,383663,YNL128W,TEP1
14,383987,386848,YNL127W,FAR11
14,387227,389767,YNL126W,SPC98
14,390146,392167,YNL125C,ESBP6
14,392892,394370,YNL124W,NAF1
14,394685,397678,YNL123W,NMA111
14,398023,398370,YNL122C,MRP35
14,398684,400537,YNL121C,TOM70
14,401033,401518,YNL120C,NCS2
14,401040,402521,YNL119W,NCS2
14,402652,405564,YNL118C,DCP2
14,406358,408022,YNL117W,MLS1
14,408341,409909,YNL116W,DMA2
14,410119,412053,YNL115C,YNL115C
14,412684,413055,YNL114C,RPC19
14,412771,413199,YNL113W,RPC19
14,413639,416281,YNL112W,DBP2
14,416940,417302,YNL111C,CYB5
14,417826,418488,YNL110C,NOP15
14,418964,419509,YNL109W,YNL108C
14,420098,420778,YNL107W,YAF9
14,420944,424495,YNL106C,INP52
14,427735,429753,YNL103W,MET4
14,430087,434493,YNL102W,POL1
14,437613,438317,YNL100W,MIC27
14,441366,442358,YNL097C,PHO23
14,444912,446840,YNL095C,YNL095C
14,447611,449374,YNL094W,APP1
14,449868,450530,YNL093W,YPT53
14,452408,456130,YNL091W,NST1
14,456565,457143,YNL090W,RHO2
14,456693,457169,YNL089C,RHO2
14,457704,461990,YNL088W,TOP2
14,462411,465947,YNL087W,TCB2
14,466334,466642,YNL086W,SNN1
14,467131,469623,YNL085W,MKT1
14,470053,471102,YNL084C,END3
14,471377,472861,YNL083W,SAL1
14,473391,476012,YNL082W,PMS1
14,478566,479165,YNL079C,TPM1
14,479768,480991,YNL078W,NIS1
14,481391,482977,YNL077W,APJ1
14,483556,485310,YNL076W,MKS1
14,485607,486479,YNL075W,IMP4
14,486766,488124,YNL074C,MLF3
14,488386,490116,YNL073W,MSK1
14,491523,492971,YNL071W,LAT1
14,493366,493548,YNL070W,TOM7
14,495701,498289,YNL068C,FKH2
14,498538,498684,YNL067W-A,YNL067W-B
14,499417,499557,YNL067W-B,YNL067W-B
14,499681,500256,YNL067W,RPL9B
14,501157,502777,YNL066W,SUN4
14,503724,505484,YNL065W,AQR1
14,505868,507097,YNL064C,YDJ1
14,507758,508702,YNL063W,MTQ1
14,508776,510212,YNL062C,GCD10
14,510540,512396,YNL061W,NOP2
14,512668,514935,YNL059C,ARP5
14,515763,516713,YNL058C,YNL058C
14,516403,516735,YNL057W,YNL058C
14,517249,517842,YNL056W,OCA2
14,517994,518845,YNL055C,POR1
14,526086,529583,YNL054W,VAC7
14,532659,533870,YNL051W,COG5
14,534079,534982,YNL050C,YNL050C
14,535281,537911,YNL049C,SFB2
14,538173,539819,YNL048W,ALG11
14,539911,541881,YNL047C,SLM2
14,542304,542822,YNL046W,YNL046W
14,542963,544978,YNL045W,LAP2
14,545268,545877,YNL044W,YIP3
14,545589,545909,YNL043C,YIP3
14,547113,547370,YNL042W-B,YNL042W-B
14,548100,549290,YNL042W,BOP3
14,549468,551987,YNL041C,COG6
14,553380,554750,YNL040W,YNL040W
14,555048,556832,YNL039W,BDP1
14,557920,559002,YNL037C,IDH1
14,559814,560479,YNL036W,NCE103
14,568522,569691,YNL035C,YNL035C
14,570477,572315,YNL034W,YNL034W
14,572999,573853,YNL033W,YNL033W
14,598376,599230,YNL019C,YNL019C
14,599936,601774,YNL018C,YNL018C
14,602138,602476,YNL017C,YNCN0015W
14,602907,604268,YNL016W,PUB1
14,605384,605611,YNL015W,PBI2
14,606319,609453,YNL014W,HEF3
14,609686,611665,YNL012W,SPO1
14,611836,613170,YNL011C,YNL011C
14,613635,614360,YNL010W,PYP1
14,614821,616083,YNL009W,IDP3
14,616211,618241,YNL008C,ASI3
14,618507,619565,YNL007C,SIS1
14,622915,624621,YNL004W,HRB1
14,624975,625829,YNL003C,PET8
14,627456,628616,YNL001W,DOM34
14,629622,631061,YNR001C,CIT1
14,633008,633856,YNR002C,ATO2
14,636931,637335,YNR005C,VPS27
14,636986,638854,YNR006W,VPS27
14,639182,640114,YNR007C,ATG3
14,644320,646950,YNR011C,PRP2
14,647432,648937,YNR012W,URK1
14,649028,651712,YNR013C,PHO91
14,652465,653103,YNR014W,YNR014W
14,653387,654541,YNR015W,SMM1
14,654673,661374,YNR016C,ACC1
14,662913,663581,YNR017W,TIM23
14,664270,664944,YNR018W,RCF2
14,665339,667267,YNR019W,ARE2
14,668377,669591,YNR021W,YNR021W
14,670418,672118,YNR023W,SNF12
14,672409,672969,YNR024W,MPP6
14,673274,674689,YNR026C,SEC12
14,676177,677103,YNR028W,CPR8
14,677199,678488,YNR029C,ZNG1
14,678799,680454,YNR030W,ALG12
14,680694,685433,YNR031C,SSK2
14,686010,687116,YNR032W,PPG1
14,687635,689998,YNR033W,ABZ1
14,690321,691286,YNR034W,SOL1
14,692561,692857,YNR034W-A,EGO4
14,694361,694822,YNR036C,MRPS12
14,695052,695327,YNR037C,RSM19
14,695595,697484,YNR038W,DBP6
14,697614,699431,YNR039C,ZRG17
14,699690,700460,YNR040W,MRX15
14,700541,701659,YNR041C,COQ2
14,701895,703085,YNR043W,MVD1
14,703699,705876,YNR044W,AGA1
14,706139,707608,YNR045W,PET494
14,707788,708195,YNR046W,TRM112
14,708523,711204,YNR047W,FPK1
14,713023,713655,YNR049C,MSO1
14,714048,715388,YNR050C,LYS9
14,716780,718327,YNR051C,BRE5
14,719346,720647,YNR052C,POP2
14,721120,723112,YNR053C,NOG2
14,723356,724306,YNR054C,ESF2
14,728426,730186,YNR055C,HOL1
14,731618,733303,YNR056C,BIO5
14,733356,734069,YNR057C,BIO4
14,734291,735733,YNR058W,BIO3
14,736803,738545,YNR059W,MNT4
14,739951,742110,YNR060W,FRE4
14,742881,743540,YNR061C,YNR061C
14,744360,745343,YNR062C,PUL3
14,746943,748766,YNR063W,PUL4
14,750350,753700,YNR065C,YNR065C
14,753725,755035,YNR066C,YNR066C
14,755746,759099,YNR067C,DSE4
14,761123,762592,YNR069C,BSC5
14,765375,769376,YNR070W,PDR18
14,770440,771468,YNR071C,YNR071C
14,777602,778738,YNR074C,AIF1
15,28703,31606,YOL155C,HPF1
15,34658,35407,YOL154W,ZPS1
15,40748,42610,YOL152W,FRE7
15,43694,44722,YOL151W,GRE2
15,44473,44784,YOL150C,GRE2
15,44938,45633,YOL149W,DCP1
15,45760,47574,YOL148C,SPT20
15,47933,48643,YOL147C,PEX11
15,48864,49448,YOL146W,PSF3
15,49555,52788,YOL145C,CTR9
15,53098,54552,YOL144W,NOP8
15,54595,55104,YOL143C,RIB4
15,55558,56280,YOL142W,RRP40
15,56452,58539,YOL141W,PPM2
15,58759,60030,YOL140W,ARG8
15,60383,61024,YOL139C,CDC33
15,61325,65350,YOL138C,RTC1
15,65621,67114,YOL137W,BSC6
15,67561,68754,YOL136C,PFK27
15,69376,70044,YOL135C,MED7
15,70156,70545,YOL134C,HRT1
15,70325,70690,YOL133W,HRT1
15,71300,72715,YOL132W,GAS4
15,73031,73357,YOL131W,YOL131W
15,74400,76979,YOL130W,ALR1
15,77560,78114,YOL129W,VPS68
15,78352,79479,YOL128C,YGK3
15,80348,81190,YOL127W,RPL25
15,81787,82920,YOL126C,MDH2
15,85456,86757,YOL124C,TRM11
15,87844,89448,YOL123W,HRP1
15,89692,91419,YOL122C,SMF1
15,92026,92850,YOL121C,RPS19A
15,93395,94402,YOL120C,RPL18A
15,94856,96361,YOL119C,MCH4
15,96608,96916,YOL118C,YOL118C
15,97551,99488,YOL117W,RRI2
15,99809,100957,YOL116W,MSN1
15,101475,103229,YOL115W,PAP2
15,103317,103925,YOL114C,PTH4
15,104326,106293,YOL113W,SKM1
15,106710,108188,YOL112W,MSB4
15,108258,108896,YOL111C,MDY2
15,109176,109889,YOL110W,SHR5
15,110297,110638,YOL109W,ZEO1
15,111431,111886,YOL108C,INO4
15,112102,113130,YOL107W,YOL107W
15,113226,113579,YOL106W,YNCO0002W
15,114138,115808,YOL105C,WSC3
15,116396,117454,YOL104C,NDJ1
15,124001,125830,YOL103W,ITR2
15,125997,126689,YOL102C,TPT1
15,126982,127920,YOL101C,IZH4
15,129237,132482,YOL100W,PKH2
15,132017,132508,YOL099C,PKH2
15,132725,135838,YOL098C,SDD3
15,136220,136405,YOL097W-A,YOL097W-A
15,136527,137825,YOL097C,WRS1
15,138107,139045,YOL096C,COQ3
15,139227,141347,YOL095C,HMI1
15,141584,142555,YOL094C,RFC4
15,142815,143696,YOL093W,TRM10
15,144204,145130,YOL092W,YPQ1
15,145334,147163,YOL091W,SPO21
15,147382,150276,YOL090W,MSH2
15,150398,153490,YOL089C,HAL9
15,153912,154745,YOL088C,MPD2
15,155287,158637,YOL087C,DUF1
15,159173,159445,YOL086W-A,MHF1
15,159548,160594,YOL086C,ADH1
15,161579,161791,YOL085W-A,YOL085C
15,161673,162014,YOL085C,YOL085C
15,162356,165331,YOL084W,PHM7
15,165714,166952,YOL083W,ATG34
15,168727,169974,YOL082W,ATG19
15,171070,180309,YOL081W,IRA2
15,180558,181427,YOL080C,REX4
15,181057,181455,YOL079W,REX4
15,181682,185212,YOL078W,AVO1
15,185438,185644,YOL077W-A,ATP19
15,185848,186723,YOL077C,BRX1
15,187024,189414,YOL076W,MDM20
15,189658,193542,YOL075C,YOL075C
15,193832,194800,YOL073C,DSC2
15,194970,196337,YOL072W,THP1
15,196507,196995,YOL071W,SDH5
15,197220,198725,YOL070C,NBA1
15,198942,200297,YOL069W,NUF2
15,200368,201879,YOL068C,HST1
15,201985,202518,YOL067C,RTG1
15,202696,204471,YOL066C,RIB2
15,204731,205885,YOL065C,INP54
15,206103,207176,YOL064C,MET22
15,207392,210265,YOL063C,CRT10
15,210520,211995,YOL062C,APM4
15,212244,213734,YOL061W,PRS5
15,214017,216137,YOL060C,MAM3
15,217126,218448,YOL059W,GPD2
15,219211,220473,YOL058W,ARG1
15,220767,222902,YOL057W,YOL057W
15,223268,224179,YOL056W,GPM3
15,224420,226075,YOL055C,THI20
15,228614,229834,YOL054W,PSH1
15,230085,231272,YOL053W,AIM39
15,232446,233636,YOL052C,SPE2
15,234940,238185,YOL051W,GAL11
15,238619,240094,YOL049W,GSH2
15,240204,241310,YOL048C,RRT8
15,241614,242747,YOL047C,LDS2
15,243466,244140,YOL046C,PSK2
15,243497,246802,YOL045W,PSK2
15,247150,248301,YOL044W,PEX15
15,248392,249534,YOL043C,NTG2
15,249825,250916,YOL042W,NGL1
15,251267,252646,YOL041C,NOP12
15,253149,253577,YOL040C,RPS15
15,254297,254617,YOL039W,RPP2A
15,254926,255021,YOL038C-A,YOL038C-A
15,255337,256101,YOL038W,PRE6
15,256666,257019,YOL037C,YOL036W
15,256745,259030,YOL036W,YOL036W
15,259923,263204,YOL034W,SMC5
15,263475,265085,YOL033W,MSE1
15,265429,266169,YOL032W,OPI10
15,266264,267529,YOL031C,SIL1
15,268187,269641,YOL030W,GAS5
15,269815,270420,YOL029C,YOL029C
15,270633,271370,YOL028C,YAP7
15,272003,273724,YOL027C,MDM38
15,274012,274353,YOL026C,MIM1
15,274957,276939,YOL025W,LAG2
15,277086,277604,YOL024W,YOL024W
15,278056,280086,YOL023W,IFM1
15,280272,281498,YOL022C,TSR4
15,282421,285426,YOL021C,DIS3
15,288898,290553,YOL019W,TOS7
15,290881,292074,YOL018C,TLG2
15,292529,294673,YOL017W,ESC8
15,294777,296120,YOL016C,CMK2
15,297078,298838,YOL015W,IRC10
15,299693,300067,YOL014W,YOL014W
15,300690,300980,YOL013W-B,YNCO0011W
15,301047,301238,YOL013W-A,YNCO0011W
15,301380,303035,YOL013C,HRD1
15,303579,303983,YOL012C,HTZ1
15,305349,307409,YOL011W,PLB3
15,307938,309041,YOL010W,RCL1
15,309324,310139,YOL009C,MDM12
15,310312,310935,YOL008W,COQ10
15,311342,312367,YOL007C,CSI2
15,313078,315387,YOL006C,TOP1
15,316938,321548,YOL004W,SIN3
15,325249,326130,YOL001W,PHO80
15,326832,329033,YOR001W,RRP6
15,329417,331051,YOR002W,ALG6
15,331455,332891,YOR003W,YSP3
15,334509,337343,YOR005C,DNL4
15,337680,338621,YOR006C,TSR3
15,338938,339978,YOR007C,SGT2
15,341278,342414,YOR008C,SLG1
15,342857,343081,YOR008C-A,YOR008C-A
15,343929,344030,YOR008W-B,YOR008C-A
15,344335,345798,YOR009W,TIR4
15,346195,346950,YOR010C,TIR2
15,349679,353863,YOR011W,AUS1
15,355652,355858,YOR011W-A,YOR011W-A
15,356543,356956,YOR012W,YOR012W
15,356751,357221,YOR013W,YOR012W
15,357674,359947,YOR014W,RTS1
15,360461,361084,YOR016C,ERP4
15,361412,363814,YOR017W,PET127
15,364369,366882,YOR018W,ROD1
15,368127,370319,YOR019W,YOR019W
15,370524,370844,YOR020C,HSP10
15,371685,371957,YOR020W-A,MCO10
15,372798,373439,YOR021C,SFM1
15,373710,375857,YOR022C,DDL1
15,376012,377712,YOR023C,AHC1
15,377847,378170,YOR024W,HST3
15,378219,379562,YOR025W,HST3
15,379781,380806,YOR026W,BUB3
15,381053,382822,YOR027W,STI1
15,383533,384420,YOR028C,CIN5
15,384600,384935,YOR029W,YOR029W
15,386825,388684,YOR030W,DFG16
15,389771,391075,YOR032C,HMS1
15,392176,392376,YOR032W-A,YOR032W-A
15,392416,394524,YOR033C,EXO1
15,394837,397086,YOR034C,AKR2
15,397735,400104,YOR035C,SHE4
15,400348,401214,YOR036W,PEP12
15,401555,402655,YOR037W,CYC2
15,402761,405388,YOR038C,HIR2
15,407064,407921,YOR040W,GLO4
15,408358,408789,YOR041C,CUE5
15,408425,409660,YOR042W,CUE5
15,410870,412330,YOR043W,WHI2
15,413007,413480,YOR044W,IRC23
15,413852,414037,YOR045W,TOM6
15,414459,415907,YOR046C,DBP5
15,416347,417681,YOR047C,STD1
15,418630,421650,YOR048C,RAT1
15,422668,423732,YOR049C,RSB1
15,424270,424617,YOR050C,ETT1
15,424846,426084,YOR051C,ETT1
15,426772,427224,YOR052C,TMC1
15,427817,428158,YOR053W,VHS3
15,427833,429857,YOR054C,VHS3
15,429478,429912,YOR055W,VHS3
15,430247,431626,YOR056C,NOB1
15,432186,433373,YOR057W,SGT1
15,433688,436345,YOR058C,ASE1
15,438906,440258,YOR059C,LPL1
15,440390,441163,YOR060C,SLD7
15,441534,442553,YOR061W,CKA2
15,442725,443531,YOR062C,YOR062C
15,444686,445849,YOR063W,RPL3
15,446079,446738,YOR064C,YNG1
15,447439,448368,YOR065W,CYT1
15,449436,451325,YOR066W,MSA1
15,451729,453462,YOR067C,ALG8
15,453768,455795,YOR069W,VPS5
15,455907,457820,YOR070C,GYP1
15,459480,461276,YOR071C,NRT1
15,461502,461816,YOR072W,YOR072W
15,461791,462039,YOR072W-A,YOR072W
15,464469,464630,YOR072W-B,YOR072W-B
15,464771,466543,YOR073W,SGO1
15,466675,467589,YOR074C,CDC21
15,467390,467623,YOR073W-A,CDC21
15,468212,469252,YOR075W,UFE1
15,469377,471620,YOR076C,SKI7
15,471899,472597,YOR077W,RTS2
15,472725,473369,YOR078W,BUD21
15,473475,474416,YOR079C,ATX2
15,474594,476792,YOR080W,DIA2
15,476939,479188,YOR081C,TGL5
15,479296,479637,YOR082C,WHI5
15,479533,480420,YOR083W,WHI5
15,480587,481750,YOR084W,LPX1
15,482033,483085,YOR085W,OST3
15,483219,486779,YOR086C,TCB1
15,487707,489734,YOR087W,YVC1
15,490196,490828,YOR089C,VPS21
15,491123,492841,YOR090C,PTC5
15,493433,494470,YOR091W,TMA46
15,495127,496968,YOR092W,ECM3
15,497506,502452,YOR093C,CMR2
15,503552,504328,YOR095C,RKI1
15,505794,506767,YOR096W,RPS7A
15,506978,507505,YOR097C,YOR097C
15,507948,511178,YOR098C,NUP1
15,511825,513006,YOR099W,KTR1
15,513295,514278,YOR100C,CRC1
15,515244,516173,YOR101W,RAS1
15,516423,516773,YOR102W,OST2
15,516449,516841,YOR103C,OST2
15,517642,518490,YOR104W,PIN2
15,518195,518521,YOR105W,YOR105W
15,519121,519972,YOR106W,VAM3
15,521353,522282,YOR107W,RGS2
15,523027,524841,YOR108W,LEU9
15,525278,528601,YOR109W,INP53
15,528941,530248,YOR110W,TFC7
15,530429,531127,YOR111W,YOR111W
15,531508,533793,YOR112W,CEX1
15,534075,536819,YOR113W,AZF1
15,537570,538454,YOR114W,CIM1
15,538659,539465,YOR115C,TRS33
15,539763,544145,YOR116C,RPO31
15,545029,546333,YOR117W,RPT5
15,548792,550246,YOR119C,RIO1
15,551114,552052,YOR120W,GCY1
15,551798,552103,YOR121C,GCY1
15,552298,552887,YOR122C,PFY1
15,553176,554570,YOR123C,LEO1
15,554824,558642,YOR124C,UBP2
15,559030,559731,YOR125C,CAT5
15,559961,560677,YOR126C,IAH1
15,561170,564193,YOR127W,RGA1
15,564476,566191,YOR128C,ADE2
15,566877,569558,YOR129C,AFI1
15,569929,570807,YOR130C,ORT1
15,572182,572838,YOR131C,YOR131C
15,573175,574830,YOR132W,VPS17
15,575098,577626,YOR133W,EFT1
15,578564,579793,YOR134W,BAG7
15,580159,580500,YOR135C,IDH2
15,580250,581359,YOR136W,IDH2
15,581813,583681,YOR137C,SIA1
15,584309,586324,YOR138C,RUP1
15,586950,587342,YOR139C,SFL1
15,586981,589281,YOR140W,SFL1
15,589942,592587,YOR141C,ARP8
15,593057,594046,YOR142W,LSC1
15,601383,602342,YOR143C,THI80
15,602717,605092,YOR144C,ELG1
15,605347,606171,YOR145C,PNO1
15,605873,606178,YOR146W,PNO1
15,606607,608475,YOR147W,MDM32
15,608640,609197,YOR148C,SPP2
15,609838,611388,YOR149C,SMP3
15,611999,612490,YOR150W,MRPL23
15,612997,616671,YOR151C,RPB2
15,617518,618288,YOR152C,ATG40
15,619840,624375,YOR153W,PDR5
15,624729,626492,YOR154W,SLP1
15,626628,627980,YOR155C,ISN1
15,628360,630540,YOR156C,NFI1
15,630966,631751,YOR157C,PUP1
15,632164,633120,YOR158W,PET123
15,633282,633566,YOR159C,SME1
15,633839,636757,YOR160W,MTR10
15,636939,638558,YOR161C,PNS1
15,639121,639267,YOR161C-C,YOR161C-C
15,639560,641992,YOR162C,YRR1
15,642741,643307,YOR163W,DDP1
15,643394,644332,YOR164C,GET4
15,644566,646896,YOR165W,SEY1
15,651858,652163,YOR170W,LCB4
15,652010,653884,YOR171C,LCB4
15,654210,656570,YOR172W,YRM1
15,657264,658325,YOR173W,DCS2
15,658747,659601,YOR174W,MED4
15,659815,661674,YOR175C,ALE1
15,662401,663582,YOR176W,HEM15
15,665785,667179,YOR177C,MPC54
15,667860,670241,YOR178C,GAC1
15,671845,672411,YOR179C,SYC1
15,674352,675167,YOR180C,DCI1
15,675939,677840,YOR181W,LAS17
15,678191,678793,YOR182C,RPS30B
15,678872,679261,YOR183W,FYV12
15,679357,680544,YOR184W,SER1
15,681444,682106,YOR185C,GSP2
15,683111,683545,YOR186W,YOR186W
15,684030,685343,YOR187W,TUF1
15,685767,689180,YOR188W,MSB1
15,689624,689974,YOR189W,IES4
15,690695,692032,YOR190W,SPR1
15,692475,697334,YOR191W,ULS1
15,698768,700567,YOR192C,THI72
15,703988,704224,YOR192C-C,YOR192C-C
15,710446,711576,YOR193W,PEX27
15,711683,712543,YOR194C,TOA1
15,712866,715331,YOR195W,SLK19
15,715593,716837,YOR196C,LIP5
15,717086,718384,YOR197W,MCA1
15,720181,720510,YOR199W,MRM1
15,720470,721708,YOR201C,MRM1
15,722911,724725,YOR204W,DED1
15,725564,727234,YOR205C,GEP3
15,727512,729644,YOR206W,NOC2
15,730008,733457,YOR207C,RET1
15,733925,736177,YOR208W,PTP2
15,736437,737726,YOR209C,NPT1
15,738924,741569,YOR211C,MGM1
15,746725,747282,YOR215C,AIM41
15,747525,748979,YOR216C,RUD3
15,749301,751886,YOR217W,RFC1
15,756476,757558,YOR221C,MCT1
15,758330,759253,YOR222W,ODC2
15,759782,760660,YOR223W,DSC3
15,760825,761265,YOR224C,RPB8
15,761614,762084,YOR226C,ISU2
15,762825,766565,YOR227W,HER1
15,766869,767777,YOR228C,MCP1
15,768409,769812,YOR229W,WTM2
15,775846,778248,YOR233W,KIN4
15,779870,780184,YOR235W,IRC13
15,780906,781541,YOR236W,DFR1
15,781994,783298,YOR237W,HES1
15,784857,786744,YOR239W,ABP140
15,788742,789857,YOR242C,SSP2
15,790211,792241,YOR243C,PUS7
15,794076,795332,YOR245C,DGA1
15,795801,796793,YOR246C,ENV9
15,797676,798308,YOR247W,SRL1
15,798674,800731,YOR249C,APC5
15,800970,802307,YOR250C,CLP1
15,802550,803464,YOR251C,TUM1
15,803667,804203,YOR252W,TMA16
15,804377,804907,YOR253W,NAT5
15,805032,807023,YOR254C,SEC63
15,807271,808107,YOR255W,OSW1
15,808254,810683,YOR256C,TRE2
15,811671,812324,YOR258W,HNT3
15,815915,816931,YOR261C,RPN8
15,817292,818335,YOR262W,GPN2
15,818757,819164,YOR263C,DSE3
15,818866,820158,YOR264W,DSE3
15,820454,820774,YOR265W,RBL2
15,821023,822294,YOR266W,PNT1
15,822588,824867,YOR267C,HRK1
15,825534,825932,YOR268C,YOR268C
15,826385,827869,YOR269W,PAC1
15,828052,830574,YOR270C,VPH1
15,831059,832042,YOR271C,FSF1
15,832813,834195,YOR272W,YTM1
15,834452,836431,YOR273C,TPO4
15,837674,838960,YOR274W,MOD5
15,839084,841069,YOR275C,RIM20
15,841333,841818,YOR276W,CAF20
15,841515,841823,YOR277C,CAF20
15,842817,843644,YOR278W,HEM4
15,843698,844630,YOR279C,RFM1
15,844992,845792,YOR280C,FSH3
15,846269,847129,YOR281C,PLP2
15,847000,847320,YOR282W,PLP2
15,847453,848145,YOR283W,YOR283W
15,848478,849209,YOR284W,HUA2
15,849635,850054,YOR285W,RDL1
15,850280,850729,YOR286W,RDL2
15,850937,851839,YOR287C,RRP36
15,852121,853077,YOR288C,MPD1
15,853357,854112,YOR289W,YOR289W
15,855147,860258,YOR290C,SNF2
15,861175,865593,YOR291W,YPK9
15,865653,866582,YOR292C,YOR292C
15,867098,867852,YOR293W,RPS10A
15,868340,868951,YOR294W,RRS1
15,869208,869894,YOR295W,UAF30
15,870202,874071,YOR296W,YOR296W
15,874743,875321,YOR297C,TIM18
15,875599,877038,YOR298W,MUM3
15,878435,880675,YOR299W,BUD7
15,880965,882272,YOR301W,RAX1
15,882765,882842,YOR302W,YOR302W
15,882899,884134,YOR303W,CPA1
15,884514,887876,YOR304W,ISW2
15,888520,888750,YOR304C-A,BIL1
15,889022,889750,YOR305W,RRG7
15,889867,891432,YOR306C,MCH5
15,892731,894092,YOR307C,SLY41
15,894624,896387,YOR308C,SNU66
15,900250,901194,YOR312C,RPL20B
15,904760,905800,YOR315W,SFG1
15,906236,907555,YOR316C,COT1
15,909343,911445,YOR317W,FAA1
15,911784,912436,YOR318C,HSH49
15,916030,918291,YOR321W,PMT3
15,918606,921062,YOR322C,LDB19
15,921535,922905,YOR323C,PRO2
15,923232,925040,YOR324C,FRT1
15,925721,930445,YOR326W,MYO2
15,931803,936497,YOR328W,PDR10
15,936731,939349,YOR329C,SCD5
15,939621,943385,YOR330C,MIP1
15,943656,944357,YOR332W,VMA4
15,944596,946008,YOR334W,MRS2
15,946233,949109,YOR335C,ALA1
15,949773,953870,YOR336W,KRE5
15,954344,956623,YOR337W,TEA1
15,956898,957989,YOR338W,YOR338W
15,959202,960182,YOR340C,RPA43
15,960987,965981,YOR341W,RPA190
15,968148,968474,YOR343C,YOR343C
15,981812,982162,YOR345C,YNCO0031W
15,981828,984785,YOR346W,REV1
15,986899,988782,YOR348C,PUT4
15,989789,992833,YOR349W,CIN1
15,992864,994855,YOR350C,MNE1
15,995018,996511,YOR351C,MEK1
15,997213,998244,YOR352W,TFB6
15,998453,1000828,YOR353C,SOG2
15,1001147,1003225,YOR354C,MSC6
15,1005137,1006705,YOR355W,GDS1
15,1007221,1009116,YOR356W,CIR2
15,1010161,1010889,YOR358W,HAP5
15,1017880,1018746,YOR362C,PRE10
15,1020222,1023212,YOR363C,PIP2
15,1023461,1025572,YOR365C,YOR365C
15,1026007,1026609,YOR367W,SCP1
15,1026843,1028048,YOR368W,RAD17
15,1029183,1030994,YOR370C,MRS6
15,1031489,1034182,YOR371C,GPB1
15,1034807,1036471,YOR372C,NDD1
15,1036834,1039389,YOR373W,NUD1
15,1041678,1043042,YOR375C,GDH1
15,1045196,1045351,YOR376W-A,YOR376W-A
15,1049511,1051058,YOR378W,AMF1
15,1051290,1052930,YOR380W,RDR1
15,1055545,1057680,YOR381W,FRE3
15,1059531,1059992,YOR382W,FIT2
15,1061564,1063648,YOR384W,FRE5
15,1065043,1065915,YOR385W,YOR385W
15,1066839,1068536,YOR386W,PHR1
16,26611,28164,YPL272C,PBI1
16,30079,30267,YPL271W,ATP15
16,30482,32803,YPL270W,MDL2
16,35236,37845,YPL268W,PLC1
16,38169,38798,YPL267W,ACM1
16,39121,40077,YPL266W,DIM1
16,41043,42869,YPL265W,DIP5
16,43283,44344,YPL264C,YPL264C
16,44551,46506,YPL263C,KEL3
16,47336,48802,YPL262W,FUM1
16,51244,52671,YPL259C,APM1
16,53498,55153,YPL258C,THI21
16,64977,66614,YPL256C,CLN2
16,67725,68882,YPL255W,BBP1
16,69485,70951,YPL254W,HFI1
16,71063,73006,YPL253C,VIK1
16,73363,73881,YPL252C,YAH1
16,73625,73927,YPL251W,YAH1
16,74309,74719,YPL250C,ATG41
16,75699,76239,YPL249C-A,RPL36B
16,76669,79353,YPL249C,GYP5
16,79711,82356,YPL248C,GAL4
16,82625,84196,YPL247C,YPL247C
16,84509,85297,YPL246C,RBD2
16,85586,86950,YPL245W,YPL245W
16,87014,88033,YPL244C,HUT1
16,88517,90316,YPL243W,SRP68
16,90622,95109,YPL242C,IQG1
16,95372,96258,YPL241C,CIN2
16,96496,98625,YPL240C,HSP82
16,99484,100086,YPL239W,YAR1
16,100474,100863,YPL238C,SUI3
16,100496,101353,YPL237W,SUI3
16,101608,102702,YPL236C,ENV7
16,103232,104647,YPL235W,RVB2
16,104946,105440,YPL234C,VMA11
16,106172,106822,YPL233W,NSL1
16,107275,108147,YPL232W,SSO1
16,108652,114315,YPL231W,FAS2
16,115219,116487,YPL230W,USV1
16,117067,117687,YPL229W,YPL229W
16,118382,120031,YPL228W,CET1
16,120163,121167,YPL227C,ALG5
16,121767,125357,YPL226W,NEW1
16,126006,126446,YPL225W,CHP1
16,126634,128088,YPL224C,MMT2
16,128632,129138,YPL223C,GRE1
16,130162,132228,YPL222W,FMP40
16,133043,135424,YPL221W,FLC1
16,136750,138228,YPL219W,PCL8
16,138698,139409,YPL218W,SAR1
16,139620,143171,YPL217C,BMS1
16,143821,147129,YPL216W,YPL216W
16,148569,150191,YPL214C,THI6
16,151515,153149,YPL212C,PUS1
16,154290,156212,YPL210C,SRP72
16,156490,157593,YPL209C,IPL1
16,157842,159593,YPL208W,RKM1
16,162632,163597,YPL206C,PGC1
16,163922,164266,YPL205C,HRR25
16,164276,165760,YPL204W,HRR25
16,169770,171155,YPL201C,YIG1
16,171484,171954,YPL200W,CSM4
16,172033,172755,YPL199C,YPL199C
16,173152,174702,YPL198W,RPL7B
16,174343,174756,YPL197C,RPL7B
16,175043,175864,YPL196W,OXR1
16,176223,179021,YPL195W,APL5
16,179277,181115,YPL194W,DDC1
16,182655,183056,YPL192C,PRM3
16,183597,184679,YPL191C,MIY2
16,185317,187725,YPL190C,NAB3
16,189154,190983,YPL189W,GUP2
16,191406,192650,YPL188W,POS5
16,193648,194145,YPL187W,MF(ALPHA)1
16,194512,195426,YPL186C,UIP4
16,195950,197788,YPL184C,MRN1
16,199095,199376,YPL183W-A,RTC6
16,199495,202536,YPL183C,RTT10
16,203306,203689,YPL182C,CTI6
16,203421,204941,YPL181W,CTI6
16,205248,207647,YPL180W,TCO89
16,208157,209806,YPL179W,PPQ1
16,212158,212784,YPL178W,CBC2
16,213042,213962,YPL177C,CUP9
16,216012,218363,YPL176C,TRE1
16,220167,222773,YPL174C,NIP100
16,223143,224036,YPL173W,MRPL40
16,224353,225741,YPL172C,COX10
16,226169,227371,YPL171C,OYE3
16,228314,228772,YPL170W,DAP1
16,229039,230838,YPL169C,MEX67
16,231217,232509,YPL168W,MRX4
16,232593,237107,YPL167C,REV3
16,237338,237979,YPL166W,ATG29
16,237956,239077,YPL165C,SET6
16,239350,241497,YPL164C,MLH3
16,241918,242700,YPL163C,SVS1
16,243206,244027,YPL162C,YPL162C
16,244319,246220,YPL161C,BEM4
16,246990,250262,YPL160W,CDC60
16,252034,254310,YPL158C,AIM44
16,254814,255761,YPL157W,TGS1
16,255913,256767,YPL156C,PRM4
16,257216,259336,YPL155C,KIP2
16,259714,260931,YPL154C,PEP4
16,261727,264192,YPL153C,RAD53
16,264602,264700,YPL152W-A,YPL152W-A
16,265028,266104,YPL152W,RRD2
16,266180,267535,YPL151C,PRP46
16,268188,270893,YPL150W,YPL150W
16,271310,272194,YPL149W,ATG5
16,272294,272815,YPL148C,PPT2
16,273255,275867,YPL147W,PXA1
16,276162,277529,YPL146C,NOP53
16,278395,279699,YPL145C,KES1
16,280480,280926,YPL144W,POC4
16,282122,282970,YPL143W,RPL33A
16,282686,283003,YPL142C,RPL33A
16,283464,286061,YPL141C,FRK1
16,287514,289034,YPL140C,MKK2
16,289669,291051,YPL139C,UME1
16,292817,296647,YPL137C,GIP3
16,298571,299503,YPL134C,ODC1
16,299888,301228,YPL133C,RDS2
16,301716,302618,YPL132W,COX11
16,303121,304014,YPL131W,RPL5
16,304387,305058,YPL130W,SPO19
16,305298,306137,YPL129W,TAF14
16,308828,309604,YPL127C,HHO1
16,310210,312900,YPL126W,NAN1
16,313388,316486,YPL125W,KAP120
16,317641,318945,YPL123C,RNY1
16,324411,326264,YPL119C,DBP1
16,326628,327662,YPL118W,MRP51
16,327864,328730,YPL117C,IDI1
16,329606,331699,YPL116W,HOS3
16,332100,335486,YPL115C,BEM3
16,335948,336367,YPL114W,YPL113C
16,335953,337143,YPL113C,YPL113C
16,337436,338620,YPL112C,PEX25
16,339944,340945,YPL111W,CAR1
16,341068,344739,YPL110C,GDE1
16,345264,347389,YPL109C,CQD1
16,348446,348952,YPL108W,YPL108W
16,349119,349865,YPL107W,DPC25
16,350194,352275,YPL106C,SSE1
16,352863,355412,YPL105C,SYH1
16,355700,357676,YPL104W,MSD1
16,358000,359406,YPL103C,FMP30
16,360209,361579,YPL101W,ELP4
16,361872,363362,YPL100W,ATG21
16,364386,364727,YPL098C,MGR2
16,364952,366430,YPL097W,MSY1
16,368071,369441,YPL095C,EEB1
16,369839,370663,YPL094C,SEC62
16,370978,372921,YPL093W,NOG1
16,373793,375169,YPL092W,SSU1
16,375502,376953,YPL091W,GLR1
16,377291,378395,YPL090C,RPS6A
16,379120,381150,YPL089C,RLM1
16,381965,382993,YPL088W,YPL088W
16,383455,384408,YPL087W,YDC1
16,384773,386446,YPL086C,ELP3
16,387067,393654,YPL085W,SEC16
16,394038,396572,YPL084W,BRO1
16,396702,398105,YPL083C,SEN54
16,398480,404083,YPL082C,MOT1
16,404950,406044,YPL081W,RPS9A
16,406636,407539,YPL079W,RPL21B
16,408010,408744,YPL078C,ATP4
16,409368,410090,YPL077C,YPL077C
16,412254,415362,YPL075W,GCR1
16,415763,418027,YPL074W,YTA6
16,418499,418984,YPL073C,UBP16
16,418512,420011,YPL072W,UBP16
16,420048,420518,YPL071C,YPL071C
16,420948,422786,YPL070W,MUK1
16,422885,423892,YPL069C,BTS1
16,425251,425847,YPL067C,HTC1
16,426233,427672,YPL066W,RGL1
16,427927,428655,YPL065W,VPS28
16,428711,429616,YPL064C,CWC27
16,429939,431369,YPL063W,TIM50
16,431895,432299,YPL062W,YPL062W
16,432588,434090,YPL061W,ALD6
16,434523,435764,YPL060W,MFM1
16,444579,445031,YPL059W,GRX5
16,445842,450377,YPL058C,PDR12
16,451909,453057,YPL057C,SUR1
16,453430,453735,YPL056C,LCL1
16,453992,454990,YPL055C,LGE1
16,455759,456664,YPL054W,LEE1
16,458799,459678,YPL052W,OAZ1
16,460779,461966,YPL050C,MNN9
16,462481,463839,YPL049C,DIG1
16,464401,465648,YPL048W,CAM1
16,465962,466261,YPL047W,SGF11
16,466644,466943,YPL046C,ELC1
16,467260,469656,YPL045W,VPS16
16,469939,471996,YPL043W,NOP4
16,473040,474707,YPL042C,SSN3
16,475118,475741,YPL041C,MRX11
16,475993,479001,YPL040C,ISM1
16,479225,480175,YPL039W,YPL039W
16,480182,480373,YPL038W-A,YPL038W-A
16,480535,481068,YPL038W,MET31
16,481428,481901,YPL037C,EGD1
16,482843,485686,YPL036W,PMA2
16,486564,486911,YPL035C,YPL034W
16,486712,487209,YPL034W,YPL034W
16,487362,488207,YPL033C,SRL4
16,488887,491364,YPL032C,SVL3
16,492018,493037,YPL031C,PHO85
16,493543,495246,YPL030W,TRM44
16,495506,497719,YPL029W,SUV3
16,498096,499292,YPL028W,ERG10
16,499665,500402,YPL027W,SMA1
16,500675,502183,YPL026C,SKS1
16,502473,503030,YPL025C,RMI1
16,503517,504242,YPL024W,RMI1
16,504339,506312,YPL023C,MET12
16,506697,509999,YPL022W,RAD1
16,511101,511664,YPL021W,ECM23
16,512313,514178,YPL020C,ULP1
16,514511,517018,YPL019C,VTC3
16,517651,518760,YPL018W,CTF19
16,518734,520233,YPL017C,IRC15
16,521014,524958,YPL016W,SWI1
16,525810,526883,YPL015C,HST2
16,527547,528692,YPL014W,CIP1
16,529723,533409,YPL012W,RRP12
16,533642,534703,YPL011C,TAF3
16,535018,535587,YPL010W,RET3
16,535820,538936,YPL009C,RQC2
16,539385,541970,YPL008W,CHL1
16,542082,543848,YPL007C,TFC8
16,544631,548143,YPL006W,NCR1
16,548486,550306,YPL005W,AEP3
16,552020,553408,YPL003W,ULA1
16,553627,554328,YPL002C,SNF8
16,554605,555729,YPL001W,HAT1
16,556377,557837,YPR001W,CIT3
16,558385,559935,YPR002W,PDH1
16,560569,560766,YPR002C-A,YNCP0008C
16,561504,563768,YPR003C,YPR003C
16,564007,565041,YPR004C,AIM45
16,565787,566671,YPR005C,HAL1
16,567269,568996,YPR006C,ICL2
16,569336,571378,YPR007C,REC8
16,573018,575102,YPR008W,HAA1
16,576552,577358,YPR009W,SUT2
16,577585,581196,YPR010C,RPA135
16,582373,582734,YPR010C-A,MRA1
16,584309,584563,YPR012W,CMR3
16,584632,585585,YPR013C,CMR3
16,587189,587518,YPR014C,YPR014C
16,590283,591026,YPR015C,YPR015C
16,592332,593069,YPR016C,TIF6
16,596750,599551,YPR019W,MCM4
16,599870,600217,YPR020W,ATP20
16,600649,603357,YPR021C,AGC1
16,603911,607312,YPR022C,SDD4
16,608826,610031,YPR023C,EAF3
16,610481,612724,YPR024W,YME1
16,613377,614558,YPR025C,CCL1
16,615379,619014,YPR026W,ATH1
16,620425,621258,YPR027C,YPR027C
16,623527,624202,YPR028W,YOP1
16,624469,626967,YPR029C,APL4
16,627880,631245,YPR030W,CSR2
16,631515,633761,YPR031W,NTO1
16,634123,637224,YPR032W,SRO7
16,637379,639019,YPR033C,HTS1
16,639525,640958,YPR034W,ARP7
16,647305,648375,YPR040W,TIP41
16,648704,649921,YPR041W,TIF5
16,650435,653662,YPR042C,PUF2
16,654524,654877,YPR044C,RPL43A
16,655140,656552,YPR045C,THP3
16,656799,657344,YPR046W,MCM16
16,657529,658938,YPR047W,MSF1
16,659182,661053,YPR048W,TAH18
16,661137,664673,YPR049C,ATG11
16,664960,665490,YPR051W,MAK3
16,665693,665974,YPR052C,NHP6A
16,666280,667446,YPR054W,SMK1
16,667676,670873,YPR055W,SEC8
16,671126,672142,YPR056W,TFB4
16,675977,676882,YPR061C,JID1
16,682941,684353,YPR068C,HOS1
16,684556,685437,YPR069C,SPE3
16,685898,687598,YPR070W,MED1
16,688172,688807,YPR071W,YPR071W
16,690107,691789,YPR072W,NOT5
16,692796,694838,YPR074C,TKL1
16,695018,695188,YPR074W-A,OPY2
16,695737,696819,YPR075C,OPY2
16,697131,697502,YPR077C,YPR078C
16,697147,698265,YPR078C,YPR078C
16,698869,700014,YPR079W,MRL1
16,700594,701970,YPR080W,TEF1
16,702114,703970,YPR081C,GRS2
16,704225,704656,YPR082C,DIB1
16,706972,708342,YPR084W,YPR084W
16,708497,709828,YPR085C,ASA1
16,710101,711138,YPR086W,SUA7
16,711354,711674,YPR087W,SRP54
16,713275,715941,YPR089W,YPR089W
16,716156,718468,YPR091C,NVJ2
16,718379,718684,YPR092W,SNR51
16,719558,720424,YPR093C,ASR1
16,720637,720960,YPR094W,RDS3
16,721037,724717,YPR095C,SYT1
16,724842,725144,YPR096C,YPR096C
16,725394,728615,YPR097W,LEC1
16,729791,730213,YPR100W,MRPL51
16,730492,731019,YPR101W,SNT309
16,732349,733212,YPR103W,PRE2
16,733623,736433,YPR104C,FHL1
16,736984,739569,YPR105C,COG4
16,740061,741392,YPR106W,ISR1
16,741438,742064,YPR107C,YTH1
16,742454,743743,YPR108W,RPN7
16,744175,744387,YPR108W-A,YNCP0016W
16,744689,745573,YPR109W,GLD1
16,745828,746835,YPR110C,RPC40
16,747306,749000,YPR111W,DBF20
16,749256,751919,YPR112C,MRD1
16,752257,752919,YPR113W,PIS1
16,753301,754248,YPR114W,YPR114W
16,754877,758128,YPR115W,RGC1
16,758648,759481,YPR116W,RRG8
16,760025,767494,YPR117W,HOB2
16,767752,768987,YPR118W,MRI1
16,773875,775182,YPR120C,CLB5
16,778583,780301,YPR121W,THI22
16,782045,785671,YPR122W,AXL1
16,786141,786575,YPR123C,CTR1
16,786208,787428,YPR124W,CTR1
16,787961,789325,YPR125W,YLH47
16,790083,791120,YPR127W,YPR127W
16,792687,793736,YPR129W,SCD6
16,798051,798857,YPR134W,MSS18
16,802359,804080,YPR137W,RRP9
16,810984,812453,YPR138C,MEP3
16,813156,814058,YPR139C,LOA1
16,815734,817923,YPR141C,KAR3
16,818323,819075,YPR143W,RRP15
16,819765,821423,YPR144C,NOC4
16,822620,824338,YPR145W,ASN1
16,825347,825676,YPR146C,YPR147C
16,825645,826559,YPR147C,YPR147C
16,826833,828140,YPR148C,YPR148C
16,830999,831520,YPR150W,SUE1
16,832061,833458,YPR152C,URN1
16,834565,835212,YPR154W,PIN3
16,835563,837413,YPR155C,NCA2
16,837909,839777,YPR156C,TPO3
16,843262,844020,YPR158W,CUR1
16,861306,864014,YPR160W,GPH1
16,864449,866422,YPR161C,SGV1
16,868645,869955,YPR163C,TIF3
16,870703,874926,YPR164W,MMS1
16,875368,875997,YPR165W,RHO1
16,876847,877632,YPR167C,MET16
16,878690,880168,YPR169W,JIP5
16,882983,883318,YPR170C,YPR170W-B
16,885796,886398,YPR172W,YPR172W
16,886524,887837,YPR173C,VPS4
16,888043,888708,YPR174C,CSA1
16,888974,891043,YPR175W,DPB2
16,891101,892078,YPR176C,BET2
16,892332,893729,YPR178W,PRP4
16,893797,895764,YPR179C,HDA3
16,895961,897004,YPR180W,AOS1
16,897361,899667,YPR181C,SEC23
16,902044,906654,YPR184W,GDB1
16,907218,909434,YPR185W,ATG13
16,912664,916962,YPR189W,SKI3
16,919381,920487,YPR191W,QCR2
16,921860,922777,YPR192W,AQY1
16,922909,923379,YPR193C,HPA2
16,924304,926937,YPR194C,OPT2
16,927965,928294,YPR195C,YPR195C
16,931376,932788,YPR196W,YPR196W
