,pwy1,pwy2,vc,vc_mean
0,PWY3O-19,PWY-922,8.183408958384096e-06,3.2473845072952758e-09
1,PWY3O-19,PWY3O-242,1.1985522995771666e-05,3.068490270294845e-09
2,PWY3O-19,PWY3O-94,3.352577923548461e-05,3.951647717525296e-09
3,PWY3O-19,PWY3O-64,6.45409983821494e-06,4.043922204395326e-09
4,PWY3O-19,PWY3O-862,1.4870770627597839e-05,5.5322807394337194e-09
5,PWY3O-19,PWY3O-48,2.4304772751162266e-06,8.266929507198049e-09
6,PWY3O-19,PWY-781,3.2321785008687056e-06,5.496902212361745e-09
7,PWY3O-19,PWY3O-6499,3.4264583866812256e-06,3.0215682422233026e-09
8,PWY3O-19,PWY3O-6407,1.138795729627838e-06,1.1297576682815854e-09
9,PWY3O-19,PWY3O-45,8.917777289115669e-07,7.583143953329651e-10
10,PWY3O-19,PWY3O-6635,3.5472497762418697e-06,2.81527760019196e-09
11,PWY3O-19,PWY3O-188,8.407534306899566e-06,1.7406903326914215e-09
12,PWY3O-19,PWY-5651,2.1730225249987554e-06,1.23187217970451e-09
13,PWY3O-19,PWY3O-351,9.462981827586706e-06,3.818798154796895e-09
14,PWY3O-19,PWY3O-1743,7.353649441266032e-07,1.029922890933618e-09
15,PWY3O-19,PWY3O-7,5.986587435823792e-06,1.979691612375592e-09
16,PWY3O-19,PWY-5686-1,9.775359722003158e-06,4.15619035799454e-09
17,PWY3O-19,PWY3O-261,1.4683954075711428e-06,9.200472478515933e-10
18,PWY3O-19,PWY3O-3827,6.348667588622636e-07,1.007725014067085e-09
19,PWY3O-19,PWY3O-355,3.0610593565317323e-06,1.2565925108915157e-09
20,PWY3O-19,PWY3O-5962,1.1315064704794168e-05,2.6940630249509923e-09
21,PWY3O-19,PWY3O-4,6.9750862096659904e-06,3.459864191302575e-09
22,PWY3O-19,PWY-5971-1,2.7369710511115787e-06,1.1636781679896167e-09
23,PWY3O-19,PWY3O-4158,4.793851601151507e-06,1.5852683866241755e-09
24,PWY3O-19,PWY3O-450,3.142075528135656e-06,9.3514152623085e-09
25,PWY3O-19,PWY3O-123,2.2417713386145328e-07,7.62507258032154e-10
26,PWY3O-19,PWY3O-4107,1.195867117401314e-06,1.674883917929011e-09
27,PWY3O-19,PWY3O-2,9.089724998988364e-06,2.9646852573347567e-09
28,PWY3O-19,PWY3O-4153,2.577631002929202e-06,1.805063727541458e-09
29,PWY3O-19,PWY-6074-1,9.626772293471264e-07,2.083716946638802e-09
30,PWY3O-19,PWY-6123-1,1.5679155760129293e-06,9.572134163693097e-10
31,PWY3O-19,PWY3O-10,1.0600861845696855e-05,2.8044608057399087e-09
32,PWY3O-19,PWY3O-13,9.897317401715e-06,1.7327236347540268e-09
33,PWY3O-19,PWY3O-8514,2.6455342833336423e-06,1.1664613242211825e-09
34,PWY3O-19,PWY3O-6336,1.0692291826404545e-05,2.7671562697734327e-09
35,PWY3O-19,PWY-5694,1.330040980591642e-06,1.0919876687944513e-09
36,PWY3O-19,PWY-6126-1,4.42105927964085e-06,2.0242945419600965e-09
37,PWY3O-19,PWY0-162,1.3656201059424648e-05,3.870805288952565e-09
38,PWY3O-19,PWY3O-4109,2.1200635588291755e-05,2.4268126818099537e-09
39,PWY3O-19,PWY3O-4112,1.9701998353115252e-05,2.418016489091219e-09
40,PWY3O-19,PWY-7220-1,2.340929484729359e-06,1.5482337861966658e-09
41,PWY3O-19,PWY3O-4105,2.0768880186788457e-05,2.4974603399216516e-09
42,PWY3O-19,PWY3O-69,2.4570019600888595e-06,1.8281264583994493e-09
43,PWY3O-19,PWY-7222-1,2.340929484729359e-06,1.5482337861966658e-09
44,PWY3O-19,PWY-821-1,6.493301955960027e-06,2.917026934393543e-09
45,PWY3O-19,PWY-6075-1,1.6808780800439756e-06,1.5392656410659118e-09
46,PWY3O-19,PWY3O-4031,9.147362428420416e-06,2.292572037198099e-09
47,PWY3O-19,PWY-6482-1,3.128123755053677e-06,2.1905628536790454e-09
48,PWY3O-19,PWY3O-954,5.584488612858477e-07,1.0228001122451422e-09
49,PWY3O-19,PWY-5653,1.5928735336898082e-06,2.2309153132910485e-09
50,PWY3O-19,PWY-7219,2.0801297949114914e-06,3.095431242427815e-09
51,PWY3O-19,PWY-7221,3.64881421024197e-06,2.0684887813163096e-09
52,PWY3O-19,PWY3O-285,1.1423726242409864e-05,2.1586784282709494e-09
53,PWY3O-19,PWY0-662,5.327605809150697e-06,6.040369398130042e-09
54,PWY3O-19,PWY-5084,5.96248329158395e-07,3.9434413304126657e-10
55,PWY3O-19,PWY-7176,3.8808399800074394e-06,3.3000339966049652e-09
56,PWY3O-19,PWY-6125,5.495832847114136e-06,2.11053488752463e-09
57,PWY3O-19,PWY3O-4108,1.5125917773831423e-05,1.957287496613797e-09
58,PWY3O-19,PWY3O-981,2.4718124332984545e-06,1.4012542138880128e-09
59,PWY3O-19,PWY3O-31704,3.0571095531309476e-06,1.4557664538718798e-09
60,PWY3O-19,PWY3O-2220,1.2030144453367358e-06,3.1825778977162326e-09
61,PWY3O-19,PWY-2201,7.399926944001926e-06,1.286049173444895e-09
62,PWY3O-19,PWY3O-4120,1.9767248432018845e-06,1.4262084005785602e-09
63,PWY3O-19,PWY-6614,2.956264887930513e-07,5.865604936370066e-10
64,PWY3O-19,PWY3O-1,2.3945101465335387e-06,5.701214634603664e-09
65,PWY3O-19,PWY3O-214,1.629451987263759e-05,1.9206176181798197e-09
66,PWY3O-19,PWY3O-50,1.479512900118089e-06,2.201656101366204e-09
67,PWY3O-19,PWY3O-20,3.432120432163854e-06,1.3850364940128545e-09
68,PWY3O-19,PWY3O-4115,1.649820799522612e-05,1.9161681759844507e-09
69,PWY3O-19,PWY3O-440,1.498638321107742e-06,2.5487046277342554e-09
70,PWY3O-19,PWY3O-259,5.573660181633338e-07,9.479013914342412e-10
71,PWY3O-19,PWY3O-697,7.305425949748998e-06,1.5670154332365933e-09
72,PWY3O-19,PWY-5760-1,4.108022496444845e-06,5.147897865219105e-09
73,PWY3O-19,PWY-5041,1.05817171494277e-06,1.6796376427663017e-09
74,PWY3O-19,PWY3O-4300,3.998437102827165e-06,2.5052864052801782e-09
75,PWY3O-19,PWY3O-1565,2.6411786131321037e-06,1.3974490016571975e-09
76,PWY3O-19,PWY3O-15,9.031743736577611e-07,2.389350194861802e-09
77,PWY-922,PWY3O-242,3.2188989192239625e-06,5.768636055956922e-10
78,PWY-922,PWY3O-94,1.819689874113263e-05,1.5013942855719992e-09
79,PWY-922,PWY3O-64,6.951785383060552e-06,3.0490286767809436e-09
80,PWY-922,PWY3O-862,1.0231824402929497e-05,2.664537604929557e-09
81,PWY-922,PWY3O-48,5.613096453301937e-07,1.3364515365004614e-09
82,PWY-922,PWY-781,1.9960449173662132e-06,2.376243949245492e-09
83,PWY-922,PWY3O-6499,1.6939892066051951e-06,1.0456723497562932e-09
84,PWY-922,PWY3O-6407,1.2287383917616603e-06,8.532905498344864e-10
85,PWY-922,PWY3O-45,3.4488842241904563e-06,2.0529072763038427e-09
86,PWY-922,PWY3O-6635,1.7617509087242884e-06,9.787505048468269e-10
87,PWY-922,PWY3O-188,9.523868906252891e-06,1.3802708559786798e-09
88,PWY-922,PWY-5651,2.9007835071037372e-06,1.1511045663110069e-09
89,PWY-922,PWY3O-351,8.36568034506768e-06,2.3631865381547113e-09
90,PWY-922,PWY3O-1743,1.0522468741001886e-06,1.0316145824511653e-09
91,PWY-922,PWY3O-7,6.353586042689033e-06,1.4707375098817207e-09
92,PWY-922,PWY-5686-1,7.060895410278152e-06,2.101456967344688e-09
93,PWY-922,PWY3O-261,2.085404027200222e-06,9.146508891229044e-10
94,PWY-922,PWY3O-3827,8.718646684197815e-07,9.68738520466424e-10
95,PWY-922,PWY3O-355,1.422328032530088e-06,4.0871495187646207e-10
96,PWY-922,PWY3O-5962,1.1755547735669138e-05,1.9592579559448564e-09
97,PWY-922,PWY3O-4,3.6559213587215312e-06,1.2694171384449762e-09
98,PWY-922,PWY-5971-1,1.2829577168760571e-06,3.818326538321599e-10
99,PWY-922,PWY3O-4158,5.19372080367007e-06,1.2022501860347384e-09
100,PWY-922,PWY3O-450,1.533290522700829e-06,3.1943552556267276e-09
101,PWY-922,PWY3O-123,4.6056481793308805e-07,1.0965828998406859e-09
102,PWY-922,PWY3O-4107,9.088195872061776e-07,8.909995953001741e-10
103,PWY-922,PWY3O-2,7.706253486586399e-06,1.75941860424347e-09
104,PWY-922,PWY3O-4153,1.7336861017712683e-06,8.498461283192492e-10
105,PWY-922,PWY-6074-1,7.315849532233919e-07,1.1084620503384725e-09
106,PWY-922,PWY-6123-1,3.148834635652965e-06,1.3456558272021219e-09
107,PWY-922,PWY3O-10,1.0809194496196625e-05,2.0017026844808566e-09
108,PWY-922,PWY3O-13,1.193782020828396e-05,1.462968162779897e-09
109,PWY-922,PWY3O-8514,1.0369340219509313e-06,3.2004136479967014e-10
110,PWY-922,PWY3O-6336,1.105522090594985e-05,2.002757410498161e-09
111,PWY-922,PWY-5694,4.6598663506433356e-07,2.6780841095651354e-10
112,PWY-922,PWY-6126-1,3.627893744913463e-06,1.162786456703033e-09
113,PWY-922,PWY0-162,9.066088076664307e-06,1.7988269993381562e-09
114,PWY-922,PWY3O-4109,1.9981378054957745e-05,1.6010719595318708e-09
115,PWY-922,PWY3O-4112,1.8869514777482965e-05,1.6210923348353063e-09
116,PWY-922,PWY-7220-1,1.436414732568572e-06,6.650068206335981e-10
117,PWY-922,PWY3O-4105,1.9076931987947857e-05,1.6058023558878667e-09
118,PWY-922,PWY3O-69,1.425567636900255e-06,7.424831442188829e-10
119,PWY-922,PWY-7222-1,1.436414732568572e-06,6.650068206335981e-10
120,PWY-922,PWY-821-1,5.754802471310676e-06,1.809686311732917e-09
121,PWY-922,PWY-6075-1,7.502784450625432e-07,4.80947721193938e-10
122,PWY-922,PWY3O-4031,4.883777024126902e-06,8.568029866889302e-10
123,PWY-922,PWY-6482-1,1.953448314307929e-06,9.575727030921222e-10
124,PWY-922,PWY3O-954,7.720796006262652e-07,9.898456418285453e-10
125,PWY-922,PWY-5653,7.249639625856037e-07,7.107489829270624e-10
126,PWY-922,PWY-7219,2.1914806412417505e-06,2.2827923346268236e-09
127,PWY-922,PWY-7221,3.476866228886466e-06,1.379708820986693e-09
128,PWY-922,PWY3O-285,1.1347673048053156e-05,1.5010149534461847e-09
129,PWY-922,PWY0-662,8.981970078216225e-07,7.128547681123988e-10
130,PWY-922,PWY-5084,1.1319054959133622e-06,5.240303221821122e-10
131,PWY-922,PWY-7176,2.0051941595416094e-06,1.1935679521081008e-09
132,PWY-922,PWY-6125,4.514088022615859e-06,1.2134645222085643e-09
133,PWY-922,PWY3O-4108,1.3196176695895305e-05,1.1953058601354445e-09
134,PWY-922,PWY3O-981,4.350305701215595e-06,1.7263117861966648e-09
135,PWY-922,PWY3O-31704,2.303304682109611e-06,7.677682273698704e-10
136,PWY-922,PWY3O-2220,6.846520909844747e-07,1.267874242563842e-09
137,PWY-922,PWY-2201,8.64452251094663e-06,1.0516450743244077e-09
138,PWY-922,PWY3O-4120,1.1078346761884329e-06,5.595124627214307e-10
139,PWY-922,PWY-6614,1.1387787619522212e-06,1.581637169378085e-09
140,PWY-922,PWY3O-1,1.4274855272105747e-06,2.379142545350958e-09
141,PWY-922,PWY3O-214,1.4178370009995486e-05,1.1698325090755352e-09
142,PWY-922,PWY3O-50,8.422975434676486e-07,8.773932744454673e-10
143,PWY-922,PWY3O-20,3.4440089358908282e-06,9.728838801951492e-10
144,PWY-922,PWY3O-4115,1.4326475828022672e-05,1.1647541323595667e-09
145,PWY-922,PWY3O-440,1.1118506535241227e-06,1.3236317303858605e-09
146,PWY-922,PWY3O-259,7.025035788888172e-07,8.36313784391449e-10
147,PWY-922,PWY3O-697,6.072763138229276e-06,9.118262970314228e-10
148,PWY-922,PWY-5760-1,3.1737630017035684e-06,2.7840026330733054e-09
149,PWY-922,PWY-5041,8.490876000252827e-07,9.434306666947585e-10
150,PWY-922,PWY3O-4300,4.4405009781040004e-06,1.947588148291228e-09
151,PWY-922,PWY3O-1565,2.2035480521404283e-06,8.161289082001588e-10
152,PWY-922,PWY3O-15,1.2104302697711181e-06,2.2415375366131817e-09
153,PWY3O-242,PWY3O-94,1.4119419146729287e-05,7.515926299760082e-10
154,PWY3O-242,PWY3O-64,1.982390282219636e-06,5.609480142104233e-10
155,PWY3O-242,PWY3O-862,1.2683960305134264e-05,2.131041717932504e-09
156,PWY3O-242,PWY3O-48,3.80958728043624e-07,5.851900584387465e-10
157,PWY3O-242,PWY-781,2.403120223848535e-06,1.8457144576409637e-09
158,PWY3O-242,PWY3O-6499,1.850019879335268e-06,7.367661805397324e-10
159,PWY3O-242,PWY3O-6407,1.6581538829266988e-06,7.429004851822128e-10
160,PWY3O-242,PWY3O-45,2.4403367163222397e-06,9.371492766214438e-10
161,PWY3O-242,PWY3O-6635,2.0150704326818343e-06,7.222474669110517e-10
162,PWY3O-242,PWY3O-188,1.2864063087132614e-05,1.2028109478384865e-09
163,PWY3O-242,PWY-5651,3.9590940855037554e-06,1.013592955838135e-09
164,PWY3O-242,PWY3O-351,3.847199730588139e-06,7.011481192980023e-10
165,PWY3O-242,PWY3O-1743,1.8390660909226727e-06,1.1632296590276236e-09
166,PWY3O-242,PWY3O-7,1.3995737008209159e-05,2.090163830377712e-09
167,PWY3O-242,PWY-5686-1,5.199164034007944e-06,9.983033859462258e-10
168,PWY3O-242,PWY3O-261,4.882636253359833e-06,1.381617502365544e-09
169,PWY3O-242,PWY3O-3827,1.70583481604821e-06,1.2228206566653837e-09
170,PWY3O-242,PWY3O-355,4.317830927499063e-06,8.004877507413909e-10
171,PWY3O-242,PWY3O-5962,6.2067388189683994e-06,6.673912708568172e-10
172,PWY3O-242,PWY3O-4,3.494285923381712e-06,7.827701441267276e-10
173,PWY3O-242,PWY-5971-1,3.9860468988675524e-06,7.653699882618188e-10
174,PWY3O-242,PWY3O-4158,6.477692780323798e-06,9.673973686266124e-10
175,PWY3O-242,PWY3O-450,5.541788439108227e-07,7.448640375145466e-10
176,PWY3O-242,PWY3O-123,4.570160285778314e-07,7.020215492747026e-10
177,PWY3O-242,PWY3O-4107,9.502754873680947e-07,6.010597643061952e-10
178,PWY3O-242,PWY3O-2,5.413936256757807e-06,7.974571007155409e-10
179,PWY3O-242,PWY3O-4153,1.0635987920534568e-06,3.363690044444835e-10
180,PWY3O-242,PWY-6074-1,6.575710698637174e-07,6.427869695637511e-10
181,PWY3O-242,PWY-6123-1,4.26297212462602e-06,1.1753438446721863e-09
182,PWY3O-242,PWY3O-10,5.4635475683988924e-06,6.527535924013014e-10
183,PWY3O-242,PWY3O-13,9.801027878710655e-06,7.749073275387931e-10
184,PWY3O-242,PWY3O-8514,3.552563509279436e-06,7.074001412344557e-10
185,PWY3O-242,PWY3O-6336,5.897024713882381e-06,6.892268249044391e-10
186,PWY3O-242,PWY-5694,1.6800225019686732e-06,6.229226926098159e-10
187,PWY3O-242,PWY-6126-1,3.5177129894937395e-06,7.274013625917575e-10
188,PWY3O-242,PWY0-162,8.040780577528827e-06,1.0292857882141356e-09
189,PWY3O-242,PWY3O-4109,9.223927096390917e-06,4.768365951401425e-10
190,PWY3O-242,PWY3O-4112,6.346437357339562e-06,3.517590819942114e-10
191,PWY3O-242,PWY-7220-1,2.553456544641605e-06,7.626811662609335e-10
192,PWY3O-242,PWY3O-4105,8.511569234469474e-06,4.6223358501517733e-10
193,PWY3O-242,PWY3O-69,4.256144060475003e-06,1.4301559342993966e-09
194,PWY3O-242,PWY-7222-1,2.553456544641605e-06,7.626811662609335e-10
195,PWY3O-242,PWY-821-1,5.328332297149906e-06,1.0810168994014824e-09
196,PWY3O-242,PWY-6075-1,4.580826098800341e-06,1.8944690234906287e-09
197,PWY3O-242,PWY3O-4031,9.440576894253835e-06,1.0685429421905868e-09
198,PWY3O-242,PWY-6482-1,2.2253959027474478e-06,7.037937706348665e-10
199,PWY3O-242,PWY3O-954,7.686864727271173e-07,6.358035341001797e-10
200,PWY3O-242,PWY-5653,1.579996018086481e-06,9.9936497032668e-10
201,PWY3O-242,PWY-7219,9.64252440480689e-07,6.480191132262695e-10
202,PWY3O-242,PWY-7221,2.355893888692149e-06,6.031474369411544e-10
203,PWY3O-242,PWY3O-285,1.0515091738609315e-05,8.973452584578696e-10
204,PWY3O-242,PWY0-662,1.3615119466186836e-06,6.971387335477131e-10
205,PWY3O-242,PWY-5084,1.3978233154042852e-06,4.175099508376001e-10
206,PWY3O-242,PWY-7176,2.841615457589643e-06,1.0912501757256694e-09
207,PWY3O-242,PWY-6125,4.371856006662998e-06,7.582129737535551e-10
208,PWY3O-242,PWY3O-4108,6.813323720371153e-06,3.981605727192118e-10
209,PWY3O-242,PWY3O-981,4.56509529886529e-06,1.1687391958180465e-09
210,PWY3O-242,PWY3O-31704,5.742382675724788e-06,1.2349210055322125e-09
211,PWY3O-242,PWY3O-2220,5.592900847075781e-07,6.682079865084565e-10
212,PWY3O-242,PWY-2201,1.1616765723264093e-05,9.117624772988064e-10
213,PWY3O-242,PWY3O-4120,8.031233884519782e-07,2.6168895029389973e-10
214,PWY3O-242,PWY-6614,1.5639959072040403e-06,1.4014300243763803e-09
215,PWY3O-242,PWY3O-1,6.904161461329113e-07,7.423829528310875e-10
216,PWY3O-242,PWY3O-214,7.97595754108516e-06,4.245692292710082e-10
217,PWY3O-242,PWY3O-50,1.716076776533329e-06,1.1532774035842265e-09
218,PWY3O-242,PWY3O-20,6.825362354091985e-06,1.2439151365212293e-09
219,PWY3O-242,PWY3O-4115,8.08548076513938e-06,4.241007482370512e-10
220,PWY3O-242,PWY3O-440,2.877467477460946e-06,2.2100364650237684e-09
221,PWY3O-242,PWY3O-259,1.0965732298815533e-06,8.4222214276617e-10
222,PWY3O-242,PWY3O-697,8.809731745995565e-06,8.534080931895346e-10
223,PWY3O-242,PWY-5760-1,1.1087591430267393e-06,6.274811222562191e-10
224,PWY3O-242,PWY-5041,1.294333661057999e-06,9.278377498623648e-10
225,PWY3O-242,PWY3O-4300,3.1163495455896575e-06,8.818193394424611e-10
226,PWY3O-242,PWY3O-1565,4.431663669677144e-06,1.0589399449646702e-09
227,PWY3O-242,PWY3O-15,9.666478011828658e-07,1.154895819812265e-09
228,PWY3O-94,PWY3O-64,7.416179533897545e-06,9.661515807578875e-10
229,PWY3O-94,PWY3O-862,3.6935596811852106e-05,2.8570232682435105e-09
230,PWY3O-94,PWY3O-48,9.50816891961676e-07,6.724306166631372e-10
231,PWY3O-94,PWY-781,4.022361253964062e-06,1.4223342482192583e-09
232,PWY3O-94,PWY3O-6499,4.523029851924515e-06,8.29305070026497e-10
233,PWY3O-94,PWY3O-6407,4.608153015476137e-06,9.505266121031636e-10
234,PWY3O-94,PWY3O-45,5.184086421713438e-06,9.165640773892217e-10
235,PWY3O-94,PWY3O-6635,5.374860107036499e-06,8.869406117221946e-10
236,PWY3O-94,PWY3O-188,2.8637084028774123e-05,1.2327629801452486e-09
237,PWY3O-94,PWY-5651,8.685923639451657e-06,1.0238005232734154e-09
238,PWY3O-94,PWY3O-351,1.017796981497016e-05,8.53999816661366e-10
239,PWY3O-94,PWY3O-1743,3.720546484196803e-06,1.0834439383217247e-09
240,PWY3O-94,PWY3O-7,2.94132077730776e-05,2.0223602704261277e-09
241,PWY3O-94,PWY-5686-1,1.4013879661427085e-05,1.2388507480045158e-09
242,PWY3O-94,PWY3O-261,8.620471305854714e-06,1.1230421190535065e-09
243,PWY3O-94,PWY3O-3827,3.3683966296173474e-06,1.1116820559793225e-09
244,PWY3O-94,PWY3O-355,7.171255344352389e-06,6.120907600164211e-10
245,PWY3O-94,PWY3O-5962,2.6555644872270633e-05,1.3146358847658728e-09
246,PWY3O-94,PWY3O-4,1.2799386108440658e-05,1.320068699302873e-09
247,PWY3O-94,PWY-5971-1,6.748873701308246e-06,5.966118901439398e-10
248,PWY3O-94,PWY3O-4158,1.3797738079384242e-05,9.48689361893856e-10
249,PWY3O-94,PWY3O-450,2.4438811958878897e-06,1.5123027202276547e-09
250,PWY3O-94,PWY3O-123,1.207758335956387e-06,8.541430947357759e-10
251,PWY3O-94,PWY3O-4107,3.3248412850160107e-06,9.682123718742024e-10
252,PWY3O-94,PWY3O-2,1.5754856569798793e-05,1.068415608965061e-09
253,PWY3O-94,PWY3O-4153,4.092122291236436e-06,5.958244454333774e-10
254,PWY3O-94,PWY-6074-1,2.1748049453869504e-06,9.787601014342713e-10
255,PWY3O-94,PWY-6123-1,8.036145822998742e-06,1.020074361893722e-09
256,PWY3O-94,PWY3O-10,2.1436224026971137e-05,1.179110232506663e-09
257,PWY3O-94,PWY3O-13,1.873877082811252e-05,6.821043545469031e-10
258,PWY3O-94,PWY3O-8514,6.540130568799955e-06,5.995719259992624e-10
259,PWY3O-94,PWY3O-6336,2.1644972589135627e-05,1.1647101048824592e-09
260,PWY3O-94,PWY-5694,3.339028162211336e-06,5.69994565075339e-10
261,PWY3O-94,PWY-6126-1,1.1344780127231192e-05,1.0800438049534647e-09
262,PWY3O-94,PWY0-162,1.9230565195983976e-05,1.1333430690702483e-09
263,PWY3O-94,PWY3O-4109,3.8577933156086e-05,9.181724380256569e-10
264,PWY3O-94,PWY3O-4112,3.466454537348617e-05,8.84570413735995e-10
265,PWY3O-94,PWY-7220-1,7.652750740348652e-06,1.0523584626442038e-09
266,PWY3O-94,PWY3O-4105,3.592778095015649e-05,8.982843521891311e-10
267,PWY3O-94,PWY3O-69,9.711321270880014e-06,1.5023702461138634e-09
268,PWY3O-94,PWY-7222-1,7.652750740348652e-06,1.0523584626442038e-09
269,PWY3O-94,PWY-821-1,9.85631698183734e-06,9.206348759422138e-10
270,PWY3O-94,PWY-6075-1,5.8954425120664645e-06,1.1225138065625406e-09
271,PWY3O-94,PWY3O-4031,1.88411654565452e-05,9.818220665213758e-10
272,PWY3O-94,PWY-6482-1,8.39272491962121e-06,1.2220042107776952e-09
273,PWY3O-94,PWY3O-954,2.3922014567184126e-06,9.109678053002333e-10
274,PWY3O-94,PWY-5653,2.0525081836455827e-06,5.977018589532856e-10
275,PWY3O-94,PWY-7219,3.692036988401217e-06,1.142338177104337e-09
276,PWY3O-94,PWY-7221,1.5497301914007288e-05,1.8266503906184922e-09
277,PWY3O-94,PWY3O-285,3.37820872422132e-05,1.3272861559882602e-09
278,PWY3O-94,PWY0-662,4.383456467128702e-06,1.0333466447733856e-09
279,PWY3O-94,PWY-5084,7.043638876951637e-06,9.685972053013804e-10
280,PWY3O-94,PWY-7176,5.216674675244496e-06,9.223257912384186e-10
281,PWY3O-94,PWY-6125,1.9661154307336078e-05,1.5698781784841966e-09
282,PWY3O-94,PWY3O-4108,3.0300137769194742e-05,8.152210979658508e-10
283,PWY3O-94,PWY3O-981,7.721000432818484e-06,9.100660576165116e-10
284,PWY3O-94,PWY3O-31704,1.042383659283118e-05,1.0320630289931863e-09
285,PWY3O-94,PWY3O-2220,1.7028972363040223e-06,9.366871486820806e-10
286,PWY3O-94,PWY-2201,2.3562273238792302e-05,8.514227519979873e-10
287,PWY3O-94,PWY3O-4120,3.288863568603738e-06,4.933788731778784e-10
288,PWY3O-94,PWY-6614,1.5171372955136223e-06,6.258817225716263e-10
289,PWY3O-94,PWY3O-1,1.9572254546416367e-06,9.689234923968497e-10
290,PWY3O-94,PWY3O-214,3.3341687828043665e-05,8.171181214597507e-10
291,PWY3O-94,PWY3O-50,4.40273744776841e-06,1.3622331212154733e-09
292,PWY3O-94,PWY3O-20,9.839853178315643e-06,8.256295669001211e-10
293,PWY3O-94,PWY3O-4115,3.4271588123306875e-05,8.276162309419676e-10
294,PWY3O-94,PWY3O-440,3.913398098946602e-06,1.3838041368269455e-09
295,PWY3O-94,PWY3O-259,1.7389478458507449e-06,6.149037644451007e-10
296,PWY3O-94,PWY3O-697,2.0844026628560202e-05,9.296238796075373e-10
297,PWY3O-94,PWY-5760-1,2.088558793192305e-06,5.4417894559466e-10
298,PWY3O-94,PWY-5041,2.617880229871954e-06,8.639868745451993e-10
299,PWY3O-94,PWY3O-4300,9.359834648805068e-06,1.2193635550814316e-09
300,PWY3O-94,PWY3O-1565,8.570354493221653e-06,9.4283327758214e-10
301,PWY3O-94,PWY3O-15,3.291775764705203e-06,1.810657736361498e-09
302,PWY3O-64,PWY3O-862,6.9955397245615226e-06,2.8764554788493102e-09
303,PWY3O-64,PWY3O-48,3.493260261326027e-07,1.3132557373406118e-09
304,PWY3O-64,PWY-781,4.919851184807381e-07,9.247840572946204e-10
305,PWY3O-64,PWY3O-6499,1.3250174626778255e-06,1.2914400221031439e-09
306,PWY3O-64,PWY3O-6407,1.0594883386999324e-06,1.1617196696271187e-09
307,PWY3O-64,PWY3O-45,7.674165440132525e-07,7.212561503883952e-10
308,PWY3O-64,PWY3O-6635,1.393647502564285e-06,1.2224978092669166e-09
309,PWY3O-64,PWY3O-188,9.535578502808162e-06,2.1820545773016385e-09
310,PWY3O-64,PWY-5651,2.1054220836687244e-06,1.3191867692159926e-09
311,PWY3O-64,PWY3O-351,3.606491126114629e-06,1.6086044273481842e-09
312,PWY3O-64,PWY3O-1743,5.726553870495374e-07,8.864634474451044e-10
313,PWY3O-64,PWY3O-7,5.090371098712271e-06,1.8605157524533155e-09
314,PWY3O-64,PWY-5686-1,4.2585445114798655e-06,2.0011957290788842e-09
315,PWY3O-64,PWY3O-261,1.5959222856446375e-06,1.105209339089084e-09
316,PWY3O-64,PWY3O-3827,4.974395814198703e-07,8.727010200348602e-10
317,PWY3O-64,PWY3O-355,1.1804817793418217e-06,5.356087928048193e-10
318,PWY3O-64,PWY3O-5962,7.064345413825967e-06,1.8590382667963073e-09
319,PWY3O-64,PWY3O-4,2.388391195481901e-06,1.309424997522972e-09
320,PWY3O-64,PWY-5971-1,1.1435287609350946e-06,5.373725380334091e-10
321,PWY3O-64,PWY3O-4158,3.026686103525786e-06,1.1062449208793076e-09
322,PWY3O-64,PWY3O-450,5.180452284949829e-07,1.7040961463650753e-09
323,PWY3O-64,PWY3O-123,1.7823263872721544e-07,6.70047514012088e-10
324,PWY3O-64,PWY3O-4107,6.021244388366052e-07,9.320811746696674e-10
325,PWY3O-64,PWY3O-2,4.399582817517732e-06,1.5860067835319869e-09
326,PWY3O-64,PWY3O-4153,1.7450157581341273e-06,1.3506313917446806e-09
327,PWY3O-64,PWY-6074-1,7.699823280493246e-07,1.8420629857639343e-09
328,PWY3O-64,PWY-6123-1,2.175027425549638e-06,1.4676298418013754e-09
329,PWY3O-64,PWY3O-10,6.795237535577678e-06,1.9869115601104324e-09
330,PWY3O-64,PWY3O-13,8.894137380480705e-06,1.7210018151084954e-09
331,PWY3O-64,PWY3O-8514,1.0805196368855684e-06,5.265690238233764e-10
332,PWY3O-64,PWY3O-6336,6.858249238713899e-06,1.9617417730874997e-09
333,PWY3O-64,PWY-5694,2.5786134992181183e-06,2.339939654462902e-09
334,PWY3O-64,PWY-6126-1,2.1365417509397956e-06,1.0812458253743905e-09
335,PWY3O-64,PWY0-162,5.403084002916103e-06,1.6926954896353704e-09
336,PWY3O-64,PWY3O-4109,9.694427438587484e-06,1.226521690104692e-09
337,PWY3O-64,PWY3O-4112,8.581211090788315e-06,1.1640275489403574e-09
338,PWY3O-64,PWY-7220-1,6.922671838013008e-07,5.060432630126468e-10
339,PWY3O-64,PWY3O-4105,9.206806304469338e-06,1.2236584668353717e-09
340,PWY3O-64,PWY3O-69,1.601639985103289e-06,1.317138145644152e-09
341,PWY3O-64,PWY-7222-1,6.922671838013008e-07,5.060432630126468e-10
342,PWY3O-64,PWY-821-1,2.489551391578106e-06,1.2361228359374905e-09
343,PWY3O-64,PWY-6075-1,1.5148453018913031e-06,1.5332442326835052e-09
344,PWY3O-64,PWY3O-4031,3.1441800628777605e-06,8.709640063373299e-10
345,PWY3O-64,PWY-6482-1,1.1394753868423452e-06,8.819468938408245e-10
346,PWY3O-64,PWY3O-954,1.0506951462296797e-06,2.1269132514770847e-09
347,PWY3O-64,PWY-5653,5.863609252229653e-07,9.076794508095436e-10
348,PWY3O-64,PWY-7219,1.4442755173283293e-06,2.3754531535005418e-09
349,PWY3O-64,PWY-7221,2.7408823039533616e-06,1.7173448019757907e-09
350,PWY3O-64,PWY3O-285,7.883248333377368e-06,1.6464595516661169e-09
351,PWY3O-64,PWY0-662,9.704765232504487e-07,1.2161359940481814e-09
352,PWY3O-64,PWY-5084,1.21274764703616e-06,8.865114378919298e-10
353,PWY3O-64,PWY-7176,1.1445356906768988e-06,1.075691438606108e-09
354,PWY3O-64,PWY-6125,3.2008632302331237e-06,1.3586006919495433e-09
355,PWY3O-64,PWY3O-4108,8.329142559618645e-06,1.1912389244305846e-09
356,PWY3O-64,PWY3O-981,3.1816368176381997e-06,1.993506777968797e-09
357,PWY3O-64,PWY3O-31704,2.709941408112589e-06,1.4262849516382048e-09
358,PWY3O-64,PWY3O-2220,7.430270034695367e-07,2.172593577396306e-09
359,PWY3O-64,PWY-2201,6.288982907321361e-06,1.2080259138150904e-09
360,PWY3O-64,PWY3O-4120,1.7632515299558396e-06,1.4061016985293776e-09
361,PWY3O-64,PWY-6614,5.935410347076787e-07,1.3016250761133306e-09
362,PWY3O-64,PWY3O-1,1.0315574406428802e-06,2.714624843797053e-09
363,PWY3O-64,PWY3O-214,9.25157164795426e-06,1.2052594642983664e-09
364,PWY3O-64,PWY3O-50,1.2412141128063813e-06,2.0414705802736538e-09
365,PWY3O-64,PWY3O-20,3.1270619857842794e-06,1.3947644896450845e-09
366,PWY3O-64,PWY3O-4115,9.323706802398939e-06,1.1968814893965262e-09
367,PWY3O-64,PWY3O-440,1.1132174337304084e-06,2.0925139731774596e-09
368,PWY3O-64,PWY3O-259,1.7173958436357801e-07,3.2281876760071055e-10
369,PWY3O-64,PWY3O-697,5.560823116968681e-06,1.3183554094283266e-09
370,PWY3O-64,PWY-5760-1,4.003380872665582e-07,5.544848854107454e-10
371,PWY3O-64,PWY-5041,8.288689856309897e-07,1.4541561151420873e-09
372,PWY3O-64,PWY3O-4300,2.975399199982189e-06,2.0605257617605185e-09
373,PWY3O-64,PWY3O-1565,1.4095443142375705e-06,8.242949206067664e-10
374,PWY3O-64,PWY3O-15,6.007682464599044e-07,1.7566322995903637e-09
375,PWY3O-862,PWY3O-48,2.4691345268619063e-06,5.511460997459612e-09
376,PWY3O-862,PWY-781,3.6870189001435983e-06,4.114976451053122e-09
377,PWY3O-862,PWY3O-6499,3.5855978090671087e-06,2.074998732099021e-09
378,PWY3O-862,PWY3O-6407,1.2664356802916433e-06,8.245023960232053e-10
379,PWY3O-862,PWY3O-45,1.1859889438814197e-06,6.61824187433828e-10
380,PWY3O-862,PWY3O-6635,3.711338330251665e-06,1.932988713672742e-09
381,PWY3O-862,PWY3O-188,1.0431586884087322e-05,1.417335174468386e-09
382,PWY3O-862,PWY-5651,2.8622546667271255e-06,1.064826884943127e-09
383,PWY3O-862,PWY3O-351,1.0479891277481698e-05,2.7753949357737547e-09
384,PWY3O-862,PWY3O-1743,9.453110169654248e-07,8.688520376520449e-10
385,PWY3O-862,PWY3O-7,7.572261516878683e-06,1.64328591946152e-09
386,PWY3O-862,PWY-5686-1,1.079330406436937e-05,3.0115245715316323e-09
387,PWY3O-862,PWY3O-261,1.9619417897560863e-06,8.067194859194434e-10
388,PWY3O-862,PWY3O-3827,7.917121515047535e-07,8.247001578174516e-10
389,PWY3O-862,PWY3O-355,3.6246516971980073e-06,9.764686684261873e-10
390,PWY3O-862,PWY3O-5962,1.3126179740061155e-05,2.0509655843845554e-09
391,PWY3O-862,PWY3O-4,7.958998009952643e-06,2.590819664698126e-09
392,PWY3O-862,PWY-5971-1,3.2765884733555104e-06,9.142266945746402e-10
393,PWY3O-862,PWY3O-4158,5.969866809563958e-06,1.2955440124921785e-09
394,PWY3O-862,PWY3O-450,3.33199349964201e-06,6.507799803988301e-09
395,PWY3O-862,PWY3O-123,3.1298985060524934e-07,6.986380593867173e-10
396,PWY3O-862,PWY3O-4107,1.4240657939960597e-06,1.3088840018346138e-09
397,PWY3O-862,PWY3O-2,1.0378544572695113e-05,2.221435054087139e-09
398,PWY3O-862,PWY3O-4153,2.749265693122117e-06,1.2634493075009728e-09
399,PWY3O-862,PWY-6074-1,1.0981588252325933e-06,1.5598846949326612e-09
400,PWY3O-862,PWY-6123-1,2.4819707770781336e-06,9.943793177396369e-10
401,PWY3O-862,PWY3O-10,1.2347913453422191e-05,2.1437349745524634e-09
402,PWY3O-862,PWY3O-13,1.1530893538640041e-05,1.3247809672150783e-09
403,PWY3O-862,PWY3O-8514,3.167920691635187e-06,9.166437186444407e-10
404,PWY3O-862,PWY3O-6336,1.2456582592556563e-05,2.1155880761814814e-09
405,PWY3O-862,PWY-5694,1.6868572174485309e-06,9.088670352632172e-10
406,PWY3O-862,PWY-6126-1,5.3134620977221406e-06,1.5965931784020856e-09
407,PWY3O-862,PWY0-162,1.4845518382555061e-05,2.7614431515169385e-09
408,PWY3O-862,PWY3O-4109,2.3133126244126227e-05,1.737764892136886e-09
409,PWY3O-862,PWY3O-4112,2.1452167669429123e-05,1.7277841228599486e-09
410,PWY3O-862,PWY-7220-1,3.0474966183162955e-06,1.3226981850331144e-09
411,PWY3O-862,PWY3O-4105,2.2472995159236146e-05,1.7734371179952765e-09
412,PWY3O-862,PWY3O-69,3.1019359802480913e-06,1.5146171778555133e-09
413,PWY3O-862,PWY-7222-1,3.0474966183162955e-06,1.3226981850331144e-09
414,PWY3O-862,PWY-821-1,7.800533493832093e-06,2.2996855819080465e-09
415,PWY3O-862,PWY-6075-1,2.189609717457538e-06,1.3158712244336165e-09
416,PWY3O-862,PWY3O-4031,9.705937223794691e-06,1.5963712539136005e-09
417,PWY3O-862,PWY-6482-1,4.143893791595649e-06,1.9043629556965298e-09
418,PWY3O-862,PWY3O-954,7.220620828309137e-07,8.678630803256175e-10
419,PWY3O-862,PWY-5653,1.8123071162851227e-06,1.6657234524679436e-09
420,PWY3O-862,PWY-7219,2.265967379785514e-06,2.212858769321791e-09
421,PWY3O-862,PWY-7221,4.500380312579952e-06,1.6742486281919463e-09
422,PWY3O-862,PWY3O-285,1.410264368094186e-05,1.7488397421802903e-09
423,PWY3O-862,PWY0-662,5.461173179743778e-06,4.0633729015950725e-09
424,PWY3O-862,PWY-5084,7.661616825953354e-07,3.3253545251533653e-10
425,PWY3O-862,PWY-7176,4.052214861151309e-06,2.2612806144817575e-09
426,PWY3O-862,PWY-6125,6.82582713266248e-06,1.7202185314169558e-09
427,PWY3O-862,PWY3O-4108,1.648395297584552e-05,1.399792202432534e-09
428,PWY3O-862,PWY3O-981,2.915520951437477e-06,1.0846432111002519e-09
429,PWY3O-862,PWY3O-31704,3.815783468347286e-06,1.1924323338585269e-09
430,PWY3O-862,PWY3O-2220,1.4774898102189452e-06,2.5650864760745572e-09
431,PWY3O-862,PWY-2201,9.142075029215406e-06,1.0426636666532171e-09
432,PWY3O-862,PWY3O-4120,2.358199049230747e-06,1.116571519522134e-09
433,PWY3O-862,PWY-6614,3.606786906635981e-07,4.6963371180156e-10
434,PWY3O-862,PWY3O-1,2.673286613572503e-06,4.177010333707037e-09
435,PWY3O-862,PWY3O-214,1.7862134374214375e-05,1.3816626217678199e-09
436,PWY3O-862,PWY3O-50,1.6703673515770865e-06,1.6312181167744985e-09
437,PWY3O-862,PWY3O-20,4.38437163568077e-06,1.161115369618848e-09
438,PWY3O-862,PWY3O-4115,1.8070674437580885e-05,1.3773379906692746e-09
439,PWY3O-862,PWY3O-440,1.6809748636656938e-06,1.8760880174840335e-09
440,PWY3O-862,PWY3O-259,6.617889625392475e-07,7.386037528339815e-10
441,PWY3O-862,PWY3O-697,8.895934053716417e-06,1.2522429692731444e-09
442,PWY3O-862,PWY-5760-1,4.715295878253426e-06,3.877710426195252e-09
443,PWY3O-862,PWY-5041,1.5478615480721195e-06,1.612355779241791e-09
444,PWY3O-862,PWY3O-4300,4.578289906390544e-06,1.882520520719796e-09
445,PWY3O-862,PWY3O-1565,2.8391121145998405e-06,9.858028175693891e-10
446,PWY3O-862,PWY3O-15,1.4167688790324e-06,2.4596681927645832e-09
447,PWY3O-48,PWY-781,9.994277385453669e-08,1.0198242230054763e-09
448,PWY3O-48,PWY3O-6499,3.8875232080793897e-07,2.0568905862853915e-09
449,PWY3O-48,PWY3O-6407,2.994746897522422e-07,1.7825874390014417e-09
450,PWY3O-48,PWY3O-45,1.1553212276180779e-07,5.894496059275907e-10
451,PWY3O-48,PWY3O-6635,3.977943272734367e-07,1.8942587013020795e-09
452,PWY3O-48,PWY3O-188,1.4265664221577633e-06,1.7721322014382152e-09
453,PWY3O-48,PWY-5651,5.078592274040483e-07,1.727412338109008e-09
454,PWY3O-48,PWY3O-351,5.096843384640954e-07,1.2341025144409087e-09
455,PWY3O-48,PWY3O-1743,1.845408472326833e-07,1.550763422123389e-09
456,PWY3O-48,PWY3O-7,3.4077893282949624e-07,6.761486762490004e-10
457,PWY3O-48,PWY-5686-1,1.4990542327724614e-06,3.824117940746075e-09
458,PWY3O-48,PWY3O-261,1.6053307939034584e-07,6.035078172569392e-10
459,PWY3O-48,PWY3O-3827,1.6670176269921664e-07,1.5876358352306346e-09
460,PWY3O-48,PWY3O-355,2.1336955590964802e-07,5.255407781025813e-10
461,PWY3O-48,PWY3O-5962,5.898273534807779e-07,8.426105049725398e-10
462,PWY3O-48,PWY3O-4,2.9230224965690756e-07,8.699471715979392e-10
463,PWY3O-48,PWY-5971-1,1.362985894664165e-07,3.4770048333269514e-10
464,PWY3O-48,PWY3O-4158,6.772344340411258e-07,1.3437191151609638e-09
465,PWY3O-48,PWY3O-450,6.972092144529675e-08,1.245016454380299e-09
466,PWY3O-48,PWY3O-123,8.194945314971318e-08,1.6724378193819016e-09
467,PWY3O-48,PWY3O-4107,8.390815920372914e-08,7.051105815439424e-10
468,PWY3O-48,PWY3O-2,7.926341071270688e-07,1.5511430667848705e-09
469,PWY3O-48,PWY3O-4153,1.4508433312707347e-07,6.095980383490481e-10
470,PWY3O-48,PWY-6074-1,2.4005197239481507e-07,3.1175580830495464e-09
471,PWY3O-48,PWY-6123-1,2.904124917527605e-07,1.063782021072383e-09
472,PWY3O-48,PWY3O-10,5.176771317401518e-07,8.217097329208757e-10
473,PWY3O-48,PWY3O-13,1.0235910490700836e-06,1.0752006817963063e-09
474,PWY3O-48,PWY3O-8514,1.0371764900354956e-07,2.743853148242052e-10
475,PWY3O-48,PWY3O-6336,5.502590054251776e-07,8.544394494179776e-10
476,PWY3O-48,PWY-5694,4.309927384196751e-07,2.1231169380279564e-09
477,PWY3O-48,PWY-6126-1,4.4518043006343027e-07,1.2230231595149183e-09
478,PWY3O-48,PWY0-162,1.7853217249841416e-06,3.03626143704786e-09
479,PWY3O-48,PWY3O-4109,1.472040878742064e-06,1.011017087048121e-09
480,PWY3O-48,PWY3O-4112,1.3183343703472798e-06,9.707911416401176e-10
481,PWY3O-48,PWY-7220-1,2.073464891929207e-07,8.228035285433362e-10
482,PWY3O-48,PWY3O-4105,1.3007618310300775e-06,9.385005995888005e-10
483,PWY3O-48,PWY3O-69,6.404162747202012e-07,2.85900122642947e-09
484,PWY3O-48,PWY-7222-1,2.073464891929207e-07,8.228035285433362e-10
485,PWY3O-48,PWY-821-1,4.740307725268064e-07,1.2777109771612031e-09
486,PWY3O-48,PWY-6075-1,1.1699403224143906e-07,6.428243529749399e-10
487,PWY3O-48,PWY3O-4031,7.458386151899453e-07,1.121561827353301e-09
488,PWY3O-48,PWY-6482-1,1.212433914714005e-07,5.094260145857164e-10
489,PWY3O-48,PWY3O-954,1.2501658682052732e-07,1.3738086463794212e-09
490,PWY3O-48,PWY-5653,9.614626491911236e-08,8.079518060429611e-10
491,PWY3O-48,PWY-7219,2.3783412751494131e-07,2.1235189956691187e-09
492,PWY3O-48,PWY-7221,2.067206025424433e-07,7.031313011647731e-10
493,PWY3O-48,PWY3O-285,9.617129224064717e-07,1.0903774630458862e-09
494,PWY3O-48,PWY0-662,1.100435972138748e-07,7.485958994141142e-10
495,PWY3O-48,PWY-5084,1.6076536686954002e-07,6.379578050378572e-10
496,PWY3O-48,PWY-7176,2.862684763368661e-07,1.460553450698296e-09
497,PWY3O-48,PWY-6125,3.6108421811084e-07,8.319912859696773e-10
498,PWY3O-48,PWY3O-4108,8.80380676941158e-07,6.835253702959301e-10
499,PWY3O-48,PWY3O-981,5.447253713116173e-07,1.852807385413664e-09
500,PWY3O-48,PWY3O-31704,3.712557966775002e-07,1.0607308476500005e-09
501,PWY3O-48,PWY3O-2220,6.09161061172465e-08,9.66922319321373e-10
502,PWY3O-48,PWY-2201,6.022444342385672e-07,6.279921107805705e-10
503,PWY3O-48,PWY3O-4120,7.185990481082244e-08,3.110818390078894e-10
504,PWY3O-48,PWY-6614,3.846491465872542e-08,4.5791565069911213e-10
505,PWY3O-48,PWY3O-1,6.294755683855065e-08,8.992508119792949e-10
506,PWY3O-48,PWY3O-214,1.2270752880684026e-06,8.678043055646411e-10
507,PWY3O-48,PWY3O-50,5.111620872689149e-07,4.563947207758169e-09
508,PWY3O-48,PWY3O-20,2.712540007633304e-07,6.56789348095231e-10
509,PWY3O-48,PWY3O-4115,1.2318729322844081e-06,8.584480364351276e-10
510,PWY3O-48,PWY3O-440,1.537073228432139e-07,1.5684420698287134e-09
511,PWY3O-48,PWY3O-259,7.209968351880145e-08,7.357110563143005e-10
512,PWY3O-48,PWY3O-697,4.932344484364041e-07,6.34793369931022e-10
513,PWY3O-48,PWY-5760-1,4.7216862951472574e-08,3.5501400715392915e-10
514,PWY3O-48,PWY-5041,1.0561253114573287e-07,1.0058336299593607e-09
515,PWY3O-48,PWY3O-4300,4.905605124359504e-07,1.844212452766731e-09
516,PWY3O-48,PWY3O-1565,2.534795461062882e-07,8.046969717659943e-10
517,PWY3O-48,PWY3O-15,1.8219224944450637e-07,2.891940467373117e-09
518,PWY-781,PWY3O-6499,8.459708416265814e-07,2.2380180995412207e-09
519,PWY-781,PWY3O-6407,7.760671401376215e-07,2.309723631361969e-09
520,PWY-781,PWY3O-45,6.0885096841673e-07,1.5531912459610457e-09
521,PWY-781,PWY3O-6635,8.538464221994769e-07,2.0329676719035163e-09
522,PWY-781,PWY3O-188,2.542642841358902e-06,1.579281267924784e-09
523,PWY-781,PWY-5651,6.372323921967598e-07,1.0837285581577548e-09
524,PWY-781,PWY3O-351,6.71019921040414e-07,8.12372785763213e-10
525,PWY-781,PWY3O-1743,4.7012304896155167e-07,1.975306928409881e-09
526,PWY-781,PWY3O-7,2.2756430271292464e-06,2.2575823681837756e-09
527,PWY-781,PWY-5686-1,3.126877377473568e-06,3.988364001879551e-09
528,PWY-781,PWY3O-261,9.369460886277404e-07,1.7611768583228204e-09
529,PWY-781,PWY3O-3827,4.5376430928727395e-07,2.160782425177495e-09
530,PWY-781,PWY3O-355,3.0701657044231687e-06,3.780992246826563e-09
531,PWY-781,PWY3O-5962,4.607075771686577e-06,3.290768408347555e-09
532,PWY-781,PWY3O-4,8.946725501132003e-07,1.3313579614779768e-09
533,PWY-781,PWY-5971-1,2.899165741039728e-06,3.697915486020061e-09
534,PWY-781,PWY3O-4158,1.3642362766157193e-06,1.3534090045790865e-09
535,PWY-781,PWY3O-450,1.6912232039968445e-07,1.5100207178543256e-09
536,PWY-781,PWY3O-123,1.6515527784047336e-07,1.6852579371476872e-09
537,PWY-781,PWY3O-4107,3.5314701094010425e-07,1.4838109703365726e-09
538,PWY-781,PWY3O-2,1.0101049368777326e-06,9.883609949879964e-10
539,PWY-781,PWY3O-4153,3.1113752339351296e-07,6.536502592300692e-10
540,PWY-781,PWY-6074-1,3.1747413578796337e-07,2.0615203622595027e-09
541,PWY-781,PWY-6123-1,9.947466792285246e-07,1.8218803648874077e-09
542,PWY-781,PWY3O-10,4.472717843151158e-06,3.5497760659929822e-09
543,PWY-781,PWY3O-13,1.703219214916527e-06,8.945479069939743e-10
544,PWY-781,PWY3O-8514,2.8262326986168445e-06,3.738403040498471e-09
545,PWY-781,PWY3O-6336,4.545651157056851e-06,3.529232264795692e-09
546,PWY-781,PWY-5694,2.2710100372374264e-07,5.593620781372971e-10
547,PWY-781,PWY-6126-1,1.3793547470731105e-06,1.8947180591663602e-09
548,PWY-781,PWY0-162,3.3767487982629677e-06,2.8713850325365373e-09
549,PWY-781,PWY3O-4109,2.304510065785429e-06,7.913839511625787e-10
550,PWY-781,PWY3O-4112,1.766875825467591e-06,6.505433819836491e-10
551,PWY-781,PWY-7220-1,6.915083214770144e-07,1.3720403203909017e-09
552,PWY-781,PWY3O-4105,2.228078288650359e-06,8.037800464106634e-10
553,PWY-781,PWY3O-69,7.129944891105859e-07,1.5915055560504151e-09
554,PWY-781,PWY-7222-1,6.915083214770144e-07,1.3720403203909017e-09
555,PWY-781,PWY-821-1,1.1895046462692236e-06,1.6031059922765818e-09
556,PWY-781,PWY-6075-1,6.477592738908361e-07,1.7795584447550441e-09
557,PWY-781,PWY3O-4031,2.035656431188583e-06,1.5305687452545734e-09
558,PWY-781,PWY-6482-1,3.9016538883330726e-07,8.19675186624595e-10
559,PWY-781,PWY3O-954,4.307821356299192e-07,2.366934811153402e-09
560,PWY-781,PWY-5653,3.760990839409148e-07,1.5802482518525831e-09
561,PWY-781,PWY-7219,6.878469685617158e-07,3.0707453953648026e-09
562,PWY-781,PWY-7221,7.174926877873057e-07,1.2202256595022206e-09
563,PWY-781,PWY3O-285,3.237154237807985e-06,1.8351214500045268e-09
564,PWY-781,PWY0-662,5.108582980046715e-07,1.7376132585192909e-09
565,PWY-781,PWY-5084,1.653258708511248e-07,3.2802752153000953e-10
566,PWY-781,PWY-7176,2.498739150377152e-07,6.374334567288653e-10
567,PWY-781,PWY-6125,1.3088730586819394e-06,1.507918270370898e-09
568,PWY-781,PWY3O-4108,2.1354913839484125e-06,8.289951024644458e-10
569,PWY-781,PWY3O-981,1.0574925328231803e-06,1.7984566884747964e-09
570,PWY-781,PWY3O-31704,1.450106968084316e-06,2.071581382977594e-09
571,PWY-781,PWY3O-2220,1.4165917025636092e-07,1.1242791290187376e-09
572,PWY-781,PWY-2201,3.6526247429612915e-06,1.904392462440715e-09
573,PWY-781,PWY3O-4120,4.827936267930562e-07,1.0450078502014206e-09
574,PWY-781,PWY-6614,1.1874588536201044e-07,7.06820746202443e-10
575,PWY-781,PWY3O-1,2.1349756005450124e-07,1.524982571817866e-09
576,PWY-781,PWY3O-214,2.2931715862312497e-06,8.108810418073727e-10
577,PWY-781,PWY3O-50,4.2986700101320196e-07,1.91904911166608e-09
578,PWY-781,PWY3O-20,1.594548989850915e-06,1.930446718947839e-09
579,PWY-781,PWY3O-4115,2.3099218041173585e-06,8.048508028283479e-10
580,PWY-781,PWY3O-440,5.376373284348007e-07,2.7430475940551055e-09
581,PWY-781,PWY3O-259,2.164990230973863e-07,1.1045868525376853e-09
582,PWY-781,PWY3O-697,2.142090316607899e-06,1.37843649717368e-09
583,PWY-781,PWY-5760-1,2.461959677356634e-07,9.255487508859527e-10
584,PWY-781,PWY-5041,3.859620883588076e-07,1.8379147064705126e-09
585,PWY-781,PWY3O-4300,9.292348230255183e-07,1.7466819981682675e-09
586,PWY-781,PWY3O-1565,1.5504289610050508e-06,2.460998350801668e-09
587,PWY-781,PWY3O-15,6.165549718537881e-07,4.8932934274110164e-09
588,PWY3O-6499,PWY3O-6407,9.420120257305989e-07,1.4537222619299364e-09
589,PWY3O-6499,PWY3O-45,3.8564201012597205e-07,5.101084790026085e-10
590,PWY3O-6499,PWY3O-6635,1.3238879584473654e-06,1.6344295783300806e-09
591,PWY3O-6499,PWY3O-188,4.124714345526832e-06,1.3284104172389153e-09
592,PWY3O-6499,PWY-5651,1.498194989679226e-06,1.3211596028917336e-09
593,PWY3O-6499,PWY3O-351,2.691794682652514e-06,1.6897643958898393e-09
594,PWY3O-6499,PWY3O-1743,5.275265620175511e-07,1.1492953420861682e-09
595,PWY3O-6499,PWY3O-7,2.2766895933612913e-06,1.1711366220994299e-09
596,PWY3O-6499,PWY-5686-1,2.8015999773461885e-06,1.8529100379273732e-09
597,PWY3O-6499,PWY3O-261,8.214214655785553e-07,8.00605716938163e-10
598,PWY3O-6499,PWY3O-3827,3.899125704666167e-07,9.62747087571893e-10
599,PWY3O-6499,PWY3O-355,1.9264676739561207e-06,1.2301836998442662e-09
600,PWY3O-6499,PWY3O-5962,3.259874905648734e-06,1.2073610761661977e-09
601,PWY3O-6499,PWY3O-4,2.487443870525093e-06,1.9193239741705963e-09
602,PWY3O-6499,PWY-5971-1,1.78028843368917e-06,1.177439440270615e-09
603,PWY3O-6499,PWY3O-4158,1.8663965368749973e-06,9.600805230838463e-10
604,PWY3O-6499,PWY3O-450,2.2158747630578828e-07,1.0258679458601309e-09
605,PWY3O-6499,PWY3O-123,3.010369375816335e-07,1.5927880295324524e-09
606,PWY3O-6499,PWY3O-4107,1.9415595390981447e-07,4.22997720936415e-10
607,PWY3O-6499,PWY3O-2,1.5347817777754398e-06,7.786817746197056e-10
608,PWY3O-6499,PWY3O-4153,6.863195384026902e-07,7.476247695018412e-10
609,PWY3O-6499,PWY-6074-1,3.7269686136763617e-07,1.2548715870964183e-09
610,PWY3O-6499,PWY-6123-1,6.521849187866184e-07,6.193588972332559e-10
611,PWY3O-6499,PWY3O-10,3.1196589210419607e-06,1.2838102555728233e-09
612,PWY3O-6499,PWY3O-13,3.4443724513732427e-06,9.380099268445651e-10
613,PWY3O-6499,PWY3O-8514,1.7361817075009893e-06,1.1907967815507473e-09
614,PWY3O-6499,PWY3O-6336,3.163762660919233e-06,1.2736564657484835e-09
615,PWY3O-6499,PWY-5694,2.628394759098181e-06,3.3568260014025305e-09
616,PWY3O-6499,PWY-6126-1,7.821827655248385e-07,5.57110231855298e-10
617,PWY3O-6499,PWY0-162,3.2608375836925293e-06,1.4377590757021735e-09
618,PWY3O-6499,PWY3O-4109,4.564365010106743e-06,8.127430573551892e-10
619,PWY3O-6499,PWY3O-4112,4.0680895469755906e-06,7.766493980480318e-10
620,PWY3O-6499,PWY-7220-1,4.040112157487348e-07,4.156493989184515e-10
621,PWY3O-6499,PWY3O-4105,4.256152747924919e-06,7.961378129302132e-10
622,PWY3O-6499,PWY3O-69,1.347872785992269e-06,1.5600379467503112e-09
623,PWY3O-6499,PWY-7222-1,4.040112157487348e-07,4.156493989184515e-10
624,PWY3O-6499,PWY-821-1,2.326177380323886e-06,1.6255607130145954e-09
625,PWY3O-6499,PWY-6075-1,8.088572411378169e-07,1.1522182922191124e-09
626,PWY3O-6499,PWY3O-4031,2.4526033956033616e-06,9.561806610539422e-10
627,PWY3O-6499,PWY-6482-1,1.0491131480258704e-06,1.1428247799846084e-09
628,PWY3O-6499,PWY3O-954,5.367316617810776e-07,1.5291500335643235e-09
629,PWY3O-6499,PWY-5653,1.6206373340773863e-07,3.5308002921075954e-10
630,PWY3O-6499,PWY-7219,3.781728732548018e-07,8.754001695713004e-10
631,PWY3O-6499,PWY-7221,1.1496196135159111e-06,1.013773909626024e-09
632,PWY3O-6499,PWY3O-285,2.638912274635317e-06,7.756943781996816e-10
633,PWY3O-6499,PWY0-662,4.2716584886105887e-07,7.53378922153543e-10
634,PWY3O-6499,PWY-5084,9.163379642719879e-07,9.427345311440204e-10
635,PWY3O-6499,PWY-7176,4.5923733486353097e-07,6.074567921475278e-10
636,PWY3O-6499,PWY-6125,1.4756712826170376e-06,8.815240636899866e-10
637,PWY3O-6499,PWY3O-4108,2.9907317346351618e-06,6.019991414321984e-10
638,PWY3O-6499,PWY3O-981,1.1229469704118994e-06,9.902530603279537e-10
639,PWY3O-6499,PWY3O-31704,1.307170182757036e-06,9.682742094496562e-10
640,PWY3O-6499,PWY3O-2220,1.1935722223064642e-07,4.91181984488257e-10
641,PWY3O-6499,PWY-2201,2.8437455117158754e-06,7.687876484768519e-10
642,PWY3O-6499,PWY3O-4120,5.616319632962108e-07,6.303389038116842e-10
643,PWY3O-6499,PWY-6614,1.461345813447274e-07,4.5103265847138083e-10
644,PWY3O-6499,PWY3O-1,1.2700261083228635e-07,4.703800401195791e-10
645,PWY3O-6499,PWY3O-214,3.940313176199827e-06,7.22462995269495e-10
646,PWY3O-6499,PWY3O-50,1.0233161727250911e-06,2.368787436863637e-09
647,PWY3O-6499,PWY3O-20,6.279129981702785e-07,3.9417011812321307e-10
648,PWY3O-6499,PWY3O-4115,3.954326847362456e-06,7.144221946454301e-10
649,PWY3O-6499,PWY3O-440,4.962743771999125e-07,1.3128951777775461e-09
650,PWY3O-6499,PWY3O-259,1.806357706248248e-07,4.77872409060383e-10
651,PWY3O-6499,PWY3O-697,1.8726848931999934e-06,6.248531508842153e-10
652,PWY3O-6499,PWY-5760-1,5.27263054015222e-08,1.0278032242012126e-10
653,PWY3O-6499,PWY-5041,5.774432578843876e-07,1.4257858219367593e-09
654,PWY3O-6499,PWY3O-4300,8.997502288475856e-07,8.769495407871204e-10
655,PWY3O-6499,PWY3O-1565,1.179556701667193e-06,9.708285610429571e-10
656,PWY3O-6499,PWY3O-15,3.6809390426165815e-07,1.5147897294718443e-09
657,PWY3O-6407,PWY3O-45,5.073767685155598e-07,7.550249531481546e-10
658,PWY3O-6407,PWY3O-6635,1.1164849329592894e-06,1.550673517999013e-09
659,PWY3O-6407,PWY3O-188,2.941723114831986e-06,1.0658417082724588e-09
660,PWY3O-6407,PWY-5651,1.097591969125587e-06,1.0888809217515742e-09
661,PWY3O-6407,PWY3O-351,2.362645394690782e-06,1.668534883256202e-09
662,PWY3O-6407,PWY3O-1743,4.4713435971676006e-07,1.0959175483253924e-09
663,PWY3O-6407,PWY3O-7,2.476159687532887e-06,1.4329627821370872e-09
664,PWY3O-6407,PWY-5686-1,1.4996319481918628e-06,1.115797580499898e-09
665,PWY3O-6407,PWY3O-261,7.615847539037536e-07,8.35071002087449e-10
666,PWY3O-6407,PWY3O-3827,2.858870090536488e-07,7.941305807045801e-10
667,PWY3O-6407,PWY3O-355,1.806482181116573e-06,1.297760187583745e-09
668,PWY3O-6407,PWY3O-5962,2.9217235191945548e-06,1.2173847996643978e-09
669,PWY3O-6407,PWY3O-4,2.257257939762106e-06,1.9594252949323837e-09
670,PWY3O-6407,PWY-5971-1,1.7178929965313528e-06,1.2781941938477325e-09
671,PWY3O-6407,PWY3O-4158,1.4235396603105334e-06,8.238076737908179e-10
672,PWY3O-6407,PWY3O-450,1.6305111638723225e-07,8.492245645168347e-10
673,PWY3O-6407,PWY3O-123,2.793068935464215e-07,1.662541033014414e-09
674,PWY3O-6407,PWY3O-4107,1.5125909086381508e-07,3.70733065842684e-10
675,PWY3O-6407,PWY3O-2,1.018306771917388e-06,5.812253264368654e-10
676,PWY3O-6407,PWY3O-4153,7.265344227699936e-07,8.903608122181293e-10
677,PWY3O-6407,PWY-6074-1,1.488116393974946e-07,5.636804522632371e-10
678,PWY3O-6407,PWY-6123-1,5.33131460368702e-07,5.695848935563055e-10
679,PWY3O-6407,PWY3O-10,2.829607229943516e-06,1.3100033471960724e-09
680,PWY3O-6407,PWY3O-13,2.7665675640778796e-06,8.476003566415073e-10
681,PWY3O-6407,PWY3O-8514,1.6894614163021994e-06,1.303596771838117e-09
682,PWY3O-6407,PWY3O-6336,2.8580358238617608e-06,1.2944002825460874e-09
683,PWY3O-6407,PWY-5694,2.3922218179291528e-06,3.437100313116599e-09
684,PWY3O-6407,PWY-6126-1,4.77931505409707e-07,3.8295793702700877e-10
685,PWY3O-6407,PWY0-162,1.7168462945579027e-06,8.516102651576898e-10
686,PWY3O-6407,PWY3O-4109,3.7980238773740836e-06,7.60822090820129e-10
687,PWY3O-6407,PWY3O-4112,3.2447505983109305e-06,6.96896606166437e-10
688,PWY3O-6407,PWY-7220-1,2.909890533702199e-07,3.367928858451619e-10
689,PWY3O-6407,PWY3O-4105,3.609471735884181e-06,7.595689679890953e-10
690,PWY3O-6407,PWY3O-69,7.963783980407823e-07,1.036951039115602e-09
691,PWY3O-6407,PWY-7222-1,2.909890533702199e-07,3.367928858451619e-10
692,PWY3O-6407,PWY-821-1,2.0192535755577015e-06,1.587463502796935e-09
693,PWY3O-6407,PWY-6075-1,7.877212184582739e-07,1.2623737475292853e-09
694,PWY3O-6407,PWY3O-4031,2.498226081801851e-06,1.0957131937727417e-09
695,PWY3O-6407,PWY-6482-1,1.0002049768623463e-06,1.2257413932136597e-09
696,PWY3O-6407,PWY3O-954,4.883203380949649e-07,1.5651292887659132e-09
697,PWY3O-6407,PWY-5653,8.176814505190972e-08,2.004121202252689e-10
698,PWY3O-6407,PWY-7219,1.8694195997689423e-07,4.86828020773162e-10
699,PWY3O-6407,PWY-7221,1.0378722665418385e-06,1.0296351850613478e-09
700,PWY3O-6407,PWY3O-285,2.1290986424830214e-06,7.040670114031156e-10
701,PWY3O-6407,PWY0-662,3.956499184936325e-07,7.850196795508582e-10
702,PWY3O-6407,PWY-5084,8.72599436644692e-07,1.0099530516720972e-09
703,PWY3O-6407,PWY-7176,2.1721292108128814e-07,3.2323351351382163e-10
704,PWY3O-6407,PWY-6125,1.2782678513355697e-06,8.59050975359926e-10
705,PWY3O-6407,PWY3O-4108,2.6489465507708862e-06,5.998520268955811e-10
706,PWY3O-6407,PWY3O-981,8.945600883592121e-07,8.87460405118266e-10
707,PWY3O-6407,PWY3O-31704,1.0527249553283679e-06,8.772707961069734e-10
708,PWY3O-6407,PWY3O-2220,1.0782739819853587e-07,4.992009175858142e-10
709,PWY3O-6407,PWY-2201,2.7910968503979755e-06,8.488737379555887e-10
710,PWY3O-6407,PWY3O-4120,5.431468345136339e-07,6.857914577192346e-10
711,PWY3O-6407,PWY-6614,2.3940156745307137e-07,8.312554425453867e-10
712,PWY3O-6407,PWY3O-1,1.1353266035096024e-07,4.730527514623343e-10
713,PWY3O-6407,PWY3O-214,3.3307639539961132e-06,6.870387693886372e-10
714,PWY3O-6407,PWY3O-50,5.358954268559785e-07,1.3955610074374443e-09
715,PWY3O-6407,PWY3O-20,4.818644429409283e-07,3.402997478396386e-10
716,PWY3O-6407,PWY3O-4115,3.342545493495999e-06,6.793791653447153e-10
717,PWY3O-6407,PWY3O-440,5.53274093511583e-07,1.6466490878320921e-09
718,PWY3O-6407,PWY3O-259,1.1951506403307183e-07,3.5569959533652336e-10
719,PWY3O-6407,PWY3O-697,1.724386458119205e-06,6.472922140087106e-10
720,PWY3O-6407,PWY-5760-1,1.0664297808594198e-07,2.3386618001303066e-10
721,PWY3O-6407,PWY-5041,4.848079953069332e-07,1.346688875852592e-09
722,PWY3O-6407,PWY3O-4300,4.961383982475193e-07,5.440114015871923e-10
723,PWY3O-6407,PWY3O-1565,1.4245890771120821e-06,1.319063960288965e-09
724,PWY3O-6407,PWY3O-15,2.3579082911413773e-07,1.0916242088617487e-09
725,PWY3O-45,PWY3O-6635,5.942781784071755e-07,7.074740219133043e-10
726,PWY3O-45,PWY3O-188,2.433750814837627e-06,7.558232344216233e-10
727,PWY3O-45,PWY-5651,1.0796346707960979e-06,9.180566928538247e-10
728,PWY3O-45,PWY3O-351,1.1689345295068526e-06,7.075874875949472e-10
729,PWY3O-45,PWY3O-1743,3.3258164512690604e-07,6.987009351405589e-10
730,PWY3O-45,PWY3O-7,1.4703571423552563e-06,7.293438206127264e-10
731,PWY3O-45,PWY-5686-1,9.26502552156294e-07,5.908817296915139e-10
732,PWY3O-45,PWY3O-261,8.660345750778442e-07,8.139422698100039e-10
733,PWY3O-45,PWY3O-3827,2.911181434463126e-07,6.931384367769347e-10
734,PWY3O-45,PWY3O-355,2.124461308866244e-06,1.3081658305826624e-09
735,PWY3O-45,PWY3O-5962,4.788317152589517e-06,1.7101132687819702e-09
736,PWY3O-45,PWY3O-4,5.727137558536594e-07,4.261263064387346e-10
737,PWY3O-45,PWY-5971-1,2.0290701224797552e-06,1.294049823010048e-09
738,PWY3O-45,PWY3O-4158,1.8472002588719685e-06,9.162699696785558e-10
739,PWY3O-45,PWY3O-450,3.326632596466229e-07,1.4851038377081378e-09
740,PWY3O-45,PWY3O-123,1.0947315244347531e-07,5.585364920585475e-10
741,PWY3O-45,PWY3O-4107,4.6388617256437693e-07,9.745507826982709e-10
742,PWY3O-45,PWY3O-2,1.3976027356212667e-06,6.837586769184279e-10
743,PWY3O-45,PWY3O-4153,1.1030789081958497e-06,1.1586963321384976e-09
744,PWY3O-45,PWY-6074-1,3.302952508375403e-07,1.0723871780439622e-09
745,PWY3O-45,PWY-6123-1,7.675985732372697e-07,7.029290963711261e-10
746,PWY3O-45,PWY3O-10,4.423988036193718e-06,1.7555508080133799e-09
747,PWY3O-45,PWY3O-13,4.14034741165033e-06,1.0872761060006118e-09
748,PWY3O-45,PWY3O-8514,1.9854564090742967e-06,1.3131325456840586e-09
749,PWY3O-45,PWY3O-6336,4.467607450738183e-06,1.7343196625536424e-09
750,PWY3O-45,PWY-5694,2.7970585450319967e-07,3.4446533805812767e-10
751,PWY3O-45,PWY-6126-1,7.447567561926172e-07,5.11508761121303e-10
752,PWY3O-45,PWY0-162,1.3431979877477293e-06,5.710875798247148e-10
753,PWY3O-45,PWY3O-4109,5.433844634171122e-06,9.33009037460701e-10
754,PWY3O-45,PWY3O-4112,4.798572687215129e-06,8.833896699586026e-10
755,PWY3O-45,PWY-7220-1,4.347760210519561e-07,4.313254177102739e-10
756,PWY3O-45,PWY3O-4105,4.854187569713658e-06,8.755749584620596e-10
757,PWY3O-45,PWY3O-69,2.515508677478113e-06,2.8074873632568227e-09
758,PWY3O-45,PWY-7222-1,4.347760210519561e-07,4.313254177102739e-10
759,PWY3O-45,PWY-821-1,1.6311010281474655e-06,1.0991246820400712e-09
760,PWY3O-45,PWY-6075-1,9.835545289088642e-07,1.3510364408088794e-09
761,PWY3O-45,PWY3O-4031,1.488519342335494e-06,5.595937377201106e-10
762,PWY3O-45,PWY-6482-1,7.834788923298557e-07,8.229820297582517e-10
763,PWY3O-45,PWY3O-954,4.2262631692653646e-07,1.1610613102377377e-09
764,PWY3O-45,PWY-5653,4.4661161956635725e-07,9.382597049713389e-10
765,PWY3O-45,PWY-7219,3.099810405588222e-07,6.919219655330852e-10
766,PWY3O-45,PWY-7221,1.7281701140403495e-06,1.4695324098982563e-09
767,PWY3O-45,PWY3O-285,3.5871278861835305e-06,1.0167596049273046e-09
768,PWY3O-45,PWY0-662,4.190665664528314e-07,7.126982422667201e-10
769,PWY3O-45,PWY-5084,1.9389006364582876e-06,1.923512536168936e-09
770,PWY3O-45,PWY-7176,4.1669614823381124e-07,5.315001890737389e-10
771,PWY3O-45,PWY-6125,1.9738434603993394e-06,1.1370066016125228e-09
772,PWY3O-45,PWY3O-4108,4.518228949914791e-06,8.769854328250758e-10
773,PWY3O-45,PWY3O-981,1.3618753263596933e-06,1.1580572503058618e-09
774,PWY3O-45,PWY3O-31704,1.5054514537042151e-06,1.0753224669315822e-09
775,PWY3O-45,PWY3O-2220,3.2672297821923003e-07,1.2965197548382145e-09
776,PWY3O-45,PWY-2201,4.215853839627962e-06,1.0990234201324198e-09
777,PWY3O-45,PWY3O-4120,4.5466434267269223e-07,4.920609769184981e-10
778,PWY3O-45,PWY-6614,5.097785769344712e-07,1.517198145638307e-09
779,PWY3O-45,PWY3O-1,3.6307164195583735e-07,1.296684435556562e-09
780,PWY3O-45,PWY3O-214,4.833880112569835e-06,8.546464131134785e-10
781,PWY3O-45,PWY3O-50,1.8584966585906185e-06,4.1484300414969166e-09
782,PWY3O-45,PWY3O-20,2.085329776651723e-06,1.2623061602008008e-09
783,PWY3O-45,PWY3O-4115,4.967566935599258e-06,8.654297797211251e-10
784,PWY3O-45,PWY3O-440,6.352695714814068e-07,1.620585641534201e-09
785,PWY3O-45,PWY3O-259,5.253775380299792e-07,1.3402488215050488e-09
786,PWY3O-45,PWY3O-697,4.091311643566167e-06,1.316380837698252e-09
787,PWY3O-45,PWY-5760-1,6.528957965242605e-07,1.2272477378275575e-09
788,PWY3O-45,PWY-5041,2.9806996982327745e-07,7.096904043411367e-10
789,PWY3O-45,PWY3O-4300,1.1593172509672426e-06,1.08958388248801e-09
790,PWY3O-45,PWY3O-1565,1.1792332298992341e-06,9.35899388808916e-10
791,PWY3O-45,PWY3O-15,3.992354937696264e-07,1.5842678324191524e-09
792,PWY3O-6635,PWY3O-188,4.3183060224163335e-06,1.2516829050482126e-09
793,PWY3O-6635,PWY-5651,1.5655277489587263e-06,1.2424823404434334e-09
794,PWY3O-6635,PWY3O-351,2.8305606775717765e-06,1.5991868234868792e-09
795,PWY3O-6635,PWY3O-1743,5.799776856559199e-07,1.1372111483449408e-09
796,PWY3O-6635,PWY3O-7,2.7528484517639587e-06,1.2744668758166474e-09
797,PWY3O-6635,PWY-5686-1,2.960427465983532e-06,1.7621592059425786e-09
798,PWY3O-6635,PWY3O-261,9.05012108668467e-07,7.938702707618131e-10
799,PWY3O-6635,PWY3O-3827,4.145709468628053e-07,9.212687708062339e-10
800,PWY3O-6635,PWY3O-355,1.986687176392838e-06,1.1417742393062287e-09
801,PWY3O-6635,PWY3O-5962,3.398292588122934e-06,1.132764196040978e-09
802,PWY3O-6635,PWY3O-4,2.530239606224416e-06,1.7571108376558446e-09
803,PWY3O-6635,PWY-5971-1,1.8216662146725472e-06,1.0843251277812782e-09
804,PWY3O-6635,PWY3O-4158,2.0077226146913245e-06,9.295012105052427e-10
805,PWY3O-6635,PWY3O-450,2.2998080853245515e-07,9.582533688852298e-10
806,PWY3O-6635,PWY3O-123,3.4742870064513055e-07,1.6544223840244312e-09
807,PWY3O-6635,PWY3O-4107,2.2543277579244872e-07,4.420250505734289e-10
808,PWY3O-6635,PWY3O-2,1.7407396323958804e-06,7.94858279632822e-10
809,PWY3O-6635,PWY3O-4153,8.223893696664408e-07,8.062640879082754e-10
810,PWY3O-6635,PWY-6074-1,3.8531609501272427e-07,1.1676245303415888e-09
811,PWY3O-6635,PWY-6123-1,7.948559224430369e-07,6.793640362760998e-10
812,PWY3O-6635,PWY3O-10,3.2381348337172324e-06,1.1993091976730491e-09
813,PWY3O-6635,PWY3O-13,3.542241461365406e-06,8.681964366091681e-10
814,PWY3O-6635,PWY3O-8514,1.7642667399233446e-06,1.0890535431625585e-09
815,PWY3O-6635,PWY3O-6336,3.295532000862551e-06,1.194033333645852e-09
816,PWY3O-6635,PWY-5694,2.6894466278299566e-06,3.091317963022939e-09
817,PWY3O-6635,PWY-6126-1,8.774873488949788e-07,5.624918903172942e-10
818,PWY3O-6635,PWY0-162,3.457020021036611e-06,1.371833341681195e-09
819,PWY3O-6635,PWY3O-4109,5.0599237586198405e-06,8.108852177275385e-10
820,PWY3O-6635,PWY3O-4112,4.395478540398132e-06,7.552368626113628e-10
821,PWY3O-6635,PWY-7220-1,4.599451923549132e-07,4.2587517810640115e-10
822,PWY3O-6635,PWY3O-4105,4.720533867587039e-06,7.947026713109493e-10
823,PWY3O-6635,PWY3O-69,1.4150190365813893e-06,1.4739781631056136e-09
824,PWY3O-6635,PWY-7222-1,4.599451923549132e-07,4.2587517810640115e-10
825,PWY3O-6635,PWY-821-1,2.4491381890181933e-06,1.5403384836592412e-09
826,PWY3O-6635,PWY-6075-1,8.95992567405486e-07,1.148708419750623e-09
827,PWY3O-6635,PWY3O-4031,3.2072004534638965e-06,1.1253334924434724e-09
828,PWY3O-6635,PWY-6482-1,1.0934043467833571e-06,1.0719650458660365e-09
829,PWY3O-6635,PWY3O-954,6.075603391386125e-07,1.55784702343234e-09
830,PWY3O-6635,PWY-5653,1.6892999179656787e-07,3.3123527803248603e-10
831,PWY3O-6635,PWY-7219,4.175413760269872e-07,8.6987786672289e-10
832,PWY3O-6635,PWY-7221,1.1645236125535057e-06,9.242250893281792e-10
833,PWY3O-6635,PWY3O-285,2.9465889012332684e-06,7.795208733421345e-10
834,PWY3O-6635,PWY0-662,5.034919852477391e-07,7.991936273773636e-10
835,PWY3O-6635,PWY-5084,9.245454325799482e-07,8.560605857221742e-10
836,PWY3O-6635,PWY-7176,4.965940482085332e-07,5.911833907244443e-10
837,PWY3O-6635,PWY-6125,1.5384199189104946e-06,8.271074832852121e-10
838,PWY3O-6635,PWY3O-4108,3.380879409215125e-06,6.124781538433197e-10
839,PWY3O-6635,PWY3O-981,1.3760323404459332e-06,1.0920891590840742e-09
840,PWY3O-6635,PWY3O-31704,1.410270937978185e-06,9.4018062531879e-10
841,PWY3O-6635,PWY3O-2220,1.6125220341833765e-07,5.972303830308801e-10
842,PWY3O-6635,PWY-2201,3.2605750598153857e-06,7.933272651618943e-10
843,PWY3O-6635,PWY3O-4120,6.057082155389836e-07,6.118264803424078e-10
844,PWY3O-6635,PWY-6614,2.6908500582155745e-07,7.474583495043263e-10
845,PWY3O-6635,PWY3O-1,1.6898053850223036e-07,5.632684616741012e-10
846,PWY3O-6635,PWY3O-214,4.352302457282182e-06,7.182017256241224e-10
847,PWY3O-6635,PWY3O-50,1.0436696462051866e-06,2.1743117629274725e-09
848,PWY3O-6635,PWY3O-20,7.304443860684297e-07,4.1268044410645746e-10
849,PWY3O-6635,PWY3O-4115,4.3667184659690375e-06,7.100355229217947e-10
850,PWY3O-6635,PWY3O-440,6.644494262052615e-07,1.5820224433458604e-09
851,PWY3O-6635,PWY3O-259,1.8868245323864017e-07,4.492439362824766e-10
852,PWY3O-6635,PWY3O-697,2.081056094258765e-06,6.249417700476772e-10
853,PWY3O-6635,PWY-5760-1,1.1820932503981773e-07,2.0738478077161008e-10
854,PWY3O-6635,PWY-5041,5.806644014234835e-07,1.2903653364966298e-09
855,PWY3O-6635,PWY3O-4300,9.422780110135681e-07,8.265596587838317e-10
856,PWY3O-6635,PWY3O-1565,1.650542455127806e-06,1.222624040835412e-09
857,PWY3O-6635,PWY3O-15,3.886891671192932e-07,1.4395895078492341e-09
858,PWY3O-188,PWY-5651,4.564376412384757e-06,9.450054684026411e-10
859,PWY3O-188,PWY3O-351,1.2989021194859128e-05,1.9143730574589726e-09
860,PWY3O-188,PWY3O-1743,2.0474280615659083e-06,1.047277780852127e-09
861,PWY3O-188,PWY3O-7,1.0037992192270452e-05,1.2123178976172043e-09
862,PWY3O-188,PWY-5686-1,8.794339213641613e-06,1.365580623236275e-09
863,PWY3O-188,PWY3O-261,4.193960108426074e-06,9.597162719510467e-10
864,PWY3O-188,PWY3O-3827,1.7028631652113838e-06,9.871670522964545e-10
865,PWY3O-188,PWY3O-355,4.434598941817448e-06,6.648574125663341e-10
866,PWY3O-188,PWY3O-5962,1.42074827405946e-05,1.235433281790835e-09
867,PWY3O-188,PWY3O-4,6.4721262967902436e-06,1.172486647969247e-09
868,PWY3O-188,PWY-5971-1,4.200713243321566e-06,6.522846651120446e-10
869,PWY3O-188,PWY3O-4158,8.959107560607319e-06,1.0820178213293865e-09
870,PWY3O-188,PWY3O-450,1.952663593246003e-06,2.1224604274413072e-09
871,PWY3O-188,PWY3O-123,8.981888633373264e-07,1.1157625631519582e-09
872,PWY3O-188,PWY3O-4107,1.4930032881646958e-06,7.636845463758034e-10
873,PWY3O-188,PWY3O-2,9.391410271455315e-06,1.118690919768352e-09
874,PWY3O-188,PWY3O-4153,2.905827114745484e-06,7.431782902162362e-10
875,PWY3O-188,PWY-6074-1,8.665246694203602e-07,6.849997386722216e-10
876,PWY3O-188,PWY-6123-1,2.9584969517225536e-06,6.59642575634906e-10
877,PWY3O-188,PWY3O-10,1.2494692263474737e-05,1.2072166438139844e-09
878,PWY3O-188,PWY3O-13,1.5319576235492153e-05,9.795125470263523e-10
879,PWY3O-188,PWY3O-8514,3.975074106658266e-06,6.401085517968222e-10
880,PWY3O-188,PWY3O-6336,1.2720341173519193e-05,1.2023006780263886e-09
881,PWY3O-188,PWY-5694,2.4214189796821365e-06,7.260626625733543e-10
882,PWY3O-188,PWY-6126-1,8.601466423232644e-06,1.438372311577365e-09
883,PWY3O-188,PWY0-162,1.1656016707914955e-05,1.2066269883969935e-09
884,PWY3O-188,PWY3O-4109,2.9887555569655632e-05,1.2494797478953022e-09
885,PWY3O-188,PWY3O-4112,2.5537037025917098e-05,1.1446453171634738e-09
886,PWY3O-188,PWY-7220-1,5.669061684366602e-06,1.3693385711030439e-09
887,PWY3O-188,PWY3O-4105,2.890606919679235e-05,1.2694804214665065e-09
888,PWY3O-188,PWY3O-69,6.446701931646009e-06,1.75182117707772e-09
889,PWY3O-188,PWY-7222-1,5.669061684366602e-06,1.3693385711030439e-09
890,PWY3O-188,PWY-821-1,7.660713874127729e-06,1.2568849670431057e-09
891,PWY3O-188,PWY-6075-1,3.103337374512635e-06,1.0379054764256305e-09
892,PWY3O-188,PWY3O-4031,1.094602726202681e-05,1.001924692176367e-09
893,PWY3O-188,PWY-6482-1,3.929926515377047e-06,1.005096295492851e-09
894,PWY3O-188,PWY3O-954,1.0476645836231118e-06,7.007789857010781e-10
895,PWY3O-188,PWY-5653,1.515751240027836e-06,7.753203273799672e-10
896,PWY3O-188,PWY-7219,2.932404195900422e-06,1.593697932554577e-09
897,PWY3O-188,PWY-7221,8.251973027947757e-06,1.708483028560612e-09
898,PWY3O-188,PWY3O-285,1.8034469490056753e-05,1.2446148716395273e-09
899,PWY3O-188,PWY0-662,3.0973734401454326e-06,1.282556289915293e-09
900,PWY3O-188,PWY-5084,2.6887983268799894e-06,6.494681948985481e-10
901,PWY3O-188,PWY-7176,2.861682923929541e-06,8.887214049470626e-10
902,PWY3O-188,PWY-6125,1.0169796010530623e-05,1.4263388514068195e-09
903,PWY3O-188,PWY3O-4108,2.2821557368483182e-05,1.0785235051268044e-09
904,PWY3O-188,PWY3O-981,6.218260006453621e-06,1.2874244319779753e-09
905,PWY3O-188,PWY3O-31704,5.636266560934423e-06,9.802202714668563e-10
906,PWY3O-188,PWY3O-2220,1.3331278758812575e-06,1.288046256890104e-09
907,PWY3O-188,PWY-2201,1.1691481050333767e-05,7.420806759970654e-10
908,PWY3O-188,PWY3O-4120,3.084272494189583e-06,8.127200248193894e-10
909,PWY3O-188,PWY-6614,1.0278629668247776e-06,7.44828236829549e-10
910,PWY3O-188,PWY3O-1,1.978068818852141e-06,1.7200598424801225e-09
911,PWY3O-188,PWY3O-214,2.376370913999016e-05,1.0229749952643202e-09
912,PWY3O-188,PWY3O-50,4.3782266222793854e-06,2.379470990369231e-09
913,PWY3O-188,PWY3O-20,6.383798278668117e-06,9.408693115207247e-10
914,PWY3O-188,PWY3O-4115,2.3944987985520862e-05,1.0156940821005669e-09
915,PWY3O-188,PWY3O-440,4.350516914841673e-06,2.7021844191563193e-09
916,PWY3O-188,PWY3O-259,7.587732779247499e-07,4.712877502638198e-10
917,PWY3O-188,PWY3O-697,1.1592690627684908e-05,9.081622113345013e-10
918,PWY3O-188,PWY-5760-1,4.190319523945731e-06,1.9177663725152088e-09
919,PWY3O-188,PWY-5041,2.210525974802492e-06,1.2814643332188357e-09
920,PWY3O-188,PWY3O-4300,5.056959166336071e-06,1.1571988938984145e-09
921,PWY3O-188,PWY3O-1565,4.552604374783217e-06,8.797303139677713e-10
922,PWY3O-188,PWY3O-15,2.0890546565445307e-06,2.0184102961782907e-09
923,PWY-5651,PWY3O-351,3.6262881955758977e-06,1.4633931378433809e-09
924,PWY-5651,PWY3O-1743,1.152716553669492e-06,1.6144489547191765e-09
925,PWY-5651,PWY3O-7,5.660702728650734e-06,1.871925505506195e-09
926,PWY-5651,PWY-5686-1,2.281142725891573e-06,9.698736079470974e-10
927,PWY-5651,PWY3O-261,1.2542941545858708e-06,7.858985930989166e-10
928,PWY-5651,PWY3O-3827,1.0930280716088787e-06,1.7349651930299662e-09
929,PWY-5651,PWY3O-355,1.8944403039102525e-06,7.776848538219427e-10
930,PWY-5651,PWY3O-5962,3.959363124968336e-06,9.42705505944842e-10
931,PWY-5651,PWY3O-4,1.5676162662150487e-06,7.77587433638417e-10
932,PWY-5651,PWY-5971-1,1.718097558828589e-06,7.304836559645362e-10
933,PWY-5651,PWY3O-4158,3.4794447726146023e-06,1.150610043854035e-09
934,PWY-5651,PWY3O-450,2.561279457549386e-07,7.622855528420791e-10
935,PWY-5651,PWY3O-123,1.782129222881487e-07,6.061664023406418e-10
936,PWY-5651,PWY3O-4107,6.825616733484831e-07,9.559687301799485e-10
937,PWY-5651,PWY3O-2,2.394358387642822e-06,7.809388087549974e-10
938,PWY-5651,PWY3O-4153,1.2762226355874216e-06,8.937133302432924e-10
939,PWY-5651,PWY-6074-1,4.958649132519275e-07,1.073300678034475e-09
940,PWY-5651,PWY-6123-1,1.131805658110033e-06,6.909680452442203e-10
941,PWY-5651,PWY3O-10,3.3911121392847082e-06,8.971196135673832e-10
942,PWY-5651,PWY3O-13,4.985410957726329e-06,8.727960360165142e-10
943,PWY-5651,PWY3O-8514,1.6794542884476175e-06,7.405001271814891e-10
944,PWY-5651,PWY3O-6336,3.429754459475845e-06,8.876176137359848e-10
945,PWY-5651,PWY-5694,1.0524975884751027e-06,8.641195307677362e-10
946,PWY-5651,PWY-6126-1,2.515396826560447e-06,1.1517384736998383e-09
947,PWY-5651,PWY0-162,3.9827236777919455e-06,1.1288899313469233e-09
948,PWY-5651,PWY3O-4109,5.9107552284743165e-06,6.765974391568585e-10
949,PWY-5651,PWY3O-4112,5.291159784891401e-06,6.493814168987973e-10
950,PWY-5651,PWY-7220-1,1.3108110387201894e-06,8.669385176720829e-10
951,PWY-5651,PWY3O-4105,5.728849800618437e-06,6.888948774192445e-10
952,PWY-5651,PWY3O-69,2.192944748035374e-06,1.631655318478701e-09
953,PWY-5651,PWY-7222-1,1.3108110387201894e-06,8.669385176720829e-10
954,PWY-5651,PWY-821-1,2.8124918676781337e-06,1.2634734356146151e-09
955,PWY-5651,PWY-6075-1,5.17650594295487e-07,4.74039005765098e-10
956,PWY-5651,PWY3O-4031,5.294431695715942e-06,1.3269252370215393e-09
957,PWY-5651,PWY-6482-1,1.9140778772207234e-06,1.3403906703226354e-09
958,PWY-5651,PWY3O-954,6.324887051892159e-07,1.1584042219582707e-09
959,PWY-5651,PWY-5653,1.0868282186798998e-06,1.5221683735012602e-09
960,PWY-5651,PWY-7219,1.204586873771497e-06,1.7925399907313946e-09
961,PWY-5651,PWY-7221,1.6907342634562704e-06,9.58466135746185e-10
962,PWY-5651,PWY3O-285,5.488323632593159e-06,1.0370981920999922e-09
963,PWY-5651,PWY0-662,1.6679854971447005e-06,1.891140019438436e-09
964,PWY-5651,PWY-5084,4.4234282386397673e-07,2.9255477768781536e-10
965,PWY-5651,PWY-7176,1.7015823093144218e-06,1.4469237324102226e-09
966,PWY-5651,PWY-6125,2.5963426841166147e-06,9.970594025025403e-10
967,PWY-5651,PWY3O-4108,5.144877788380914e-06,6.65745055432313e-10
968,PWY-5651,PWY3O-981,1.5649714806813047e-06,8.871720412025537e-10
969,PWY-5651,PWY3O-31704,1.384626807499362e-06,6.5934609880922e-10
970,PWY-5651,PWY3O-2220,3.662009903698464e-07,9.687856888091173e-10
971,PWY-5651,PWY-2201,6.818113763068482e-06,1.1849346129767956e-09
972,PWY-5651,PWY3O-4120,1.0715580572024945e-06,7.731299114015111e-10
973,PWY-5651,PWY-6614,3.5547368649138427e-07,7.053049335146513e-10
974,PWY-5651,PWY3O-1,4.283858247379078e-07,1.019966249375971e-09
975,PWY-5651,PWY3O-214,5.565322130093831e-06,6.55978563188806e-10
976,PWY-5651,PWY3O-50,1.2152589987688535e-06,1.8084211291203177e-09
977,PWY-5651,PWY3O-20,3.5384515613396344e-06,1.4279465542129274e-09
978,PWY-5651,PWY3O-4115,5.608279398065026e-06,6.513681066277614e-10
979,PWY-5651,PWY3O-440,6.195867561330005e-07,1.053718973015307e-09
980,PWY-5651,PWY3O-259,5.674653144318665e-07,9.65077065360317e-10
981,PWY-5651,PWY3O-697,4.604235518529727e-06,9.876095063341328e-10
982,PWY-5651,PWY-5760-1,6.750882945584087e-07,8.459753064641713e-10
983,PWY-5651,PWY-5041,9.67752328994818e-07,1.5361148079282826e-09
984,PWY-5651,PWY3O-4300,1.1376155938533375e-06,7.12791725472016e-10
985,PWY-5651,PWY3O-1565,4.0889720047107155e-06,2.163477251169691e-09
986,PWY-5651,PWY3O-15,1.622655333673845e-06,4.292738977973135e-09
987,PWY3O-351,PWY3O-1743,1.0636567536333638e-06,1.0604753276504126e-09
988,PWY3O-351,PWY3O-7,6.735232233077948e-06,1.58550664620479e-09
989,PWY3O-351,PWY-5686-1,7.0408230572476755e-06,2.1309997146633402e-09
990,PWY3O-351,PWY3O-261,2.262081374845049e-06,1.008956902250245e-09
991,PWY3O-351,PWY3O-3827,9.250975607445193e-07,1.0453079782423947e-09
992,PWY3O-351,PWY3O-355,2.321150333133541e-06,6.783022598286211e-10
993,PWY3O-351,PWY3O-5962,9.52154827119413e-06,1.613821740880361e-09
994,PWY3O-351,PWY3O-4,3.304784406505697e-06,1.166943646365006e-09
995,PWY3O-351,PWY-5971-1,2.1456335745009042e-06,6.494048348973682e-10
996,PWY3O-351,PWY3O-4158,5.349965676337129e-06,1.259408115898571e-09
997,PWY3O-351,PWY3O-450,6.995465881237238e-07,1.482090229075686e-09
998,PWY3O-351,PWY3O-123,4.0751246167691316e-07,9.867129822685549e-10
999,PWY3O-351,PWY3O-4107,7.955340865020897e-07,7.931546226341871e-10
1000,PWY3O-351,PWY3O-2,5.9681195461996415e-06,1.3856790216391087e-09
1001,PWY3O-351,PWY3O-4153,2.644320212207908e-06,1.3182054896350489e-09
1002,PWY3O-351,PWY-6074-1,9.37032012937064e-07,1.4438089567597287e-09
1003,PWY3O-351,PWY-6123-1,2.8715369354793573e-06,1.2479517320640405e-09
1004,PWY3O-351,PWY3O-10,9.070803733071731e-06,1.7082492905973128e-09
1005,PWY3O-351,PWY3O-13,1.1758739287581958e-05,1.465446072729556e-09
1006,PWY3O-351,PWY3O-8514,2.0353728673936746e-06,6.388489853715238e-10
1007,PWY3O-351,PWY3O-6336,9.181065390368797e-06,1.6914269326397929e-09
1008,PWY3O-351,PWY-5694,2.983899598241998e-06,1.743950671094096e-09
1009,PWY3O-351,PWY-6126-1,3.416702923391392e-06,1.1136580584717705e-09
1010,PWY3O-351,PWY0-162,9.288465075884222e-06,1.874185850662676e-09
1011,PWY3O-351,PWY3O-4109,1.5961976235104066e-05,1.3006825484928346e-09
1012,PWY3O-351,PWY3O-4112,1.466430143510501e-05,1.2811725873759399e-09
1013,PWY3O-351,PWY-7220-1,1.7529699329804798e-06,8.253154110077588e-10
1014,PWY3O-351,PWY3O-4105,1.467534426987924e-05,1.2562355992021264e-09
1015,PWY3O-351,PWY3O-69,3.1543837442866878e-06,1.6707541018467625e-09
1016,PWY3O-351,PWY-7222-1,1.7529699329804798e-06,8.253154110077588e-10
1017,PWY3O-351,PWY-821-1,3.616328034247423e-06,1.156484820673944e-09
1018,PWY3O-351,PWY-6075-1,1.8418999642334905e-06,1.2007170562147916e-09
1019,PWY3O-351,PWY3O-4031,5.469856828900248e-06,9.75888818715477e-10
1020,PWY3O-351,PWY-6482-1,1.630312370584796e-06,8.127180311988016e-10
1021,PWY3O-351,PWY3O-954,1.3811625511040284e-06,1.800733443421158e-09
1022,PWY3O-351,PWY-5653,8.537458378184204e-07,8.511922610353144e-10
1023,PWY3O-351,PWY-7219,1.6637342120835567e-06,1.7624303094105472e-09
1024,PWY3O-351,PWY-7221,4.5386072640719895e-06,1.831560639254233e-09
1025,PWY3O-351,PWY3O-285,1.1511874538911858e-05,1.548543790545044e-09
1026,PWY3O-351,PWY0-662,1.2437523413372518e-06,1.0038356265837384e-09
1027,PWY3O-351,PWY-5084,1.757876034579028e-06,8.276252516850414e-10
1028,PWY3O-351,PWY-7176,2.247644733464644e-06,1.3605597660197605e-09
1029,PWY3O-351,PWY-6125,5.500767318666315e-06,1.503763619099594e-09
1030,PWY3O-351,PWY3O-4108,1.3026110090412195e-05,1.1998996030224938e-09
1031,PWY3O-351,PWY3O-981,3.8568064212981645e-06,1.5564190562139485e-09
1032,PWY3O-351,PWY3O-31704,3.36140594726322e-06,1.1394596431400746e-09
1033,PWY3O-351,PWY3O-2220,1.058097464394271e-06,1.992650592079606e-09
1034,PWY3O-351,PWY-2201,8.355565438537579e-06,1.0337208262449063e-09
1035,PWY3O-351,PWY3O-4120,2.1027092916911083e-06,1.0799739556708312e-09
1036,PWY3O-351,PWY-6614,8.091488136756162e-07,1.1428655560390058e-09
1037,PWY3O-351,PWY3O-1,1.4119720492648241e-06,2.393172964855634e-09
1038,PWY3O-351,PWY3O-214,1.4833074696481905e-05,1.2445942856588273e-09
1039,PWY3O-351,PWY3O-50,1.9517676999734348e-06,2.0675505296328758e-09
1040,PWY3O-351,PWY3O-20,4.05463974560906e-06,1.164791653435524e-09
1041,PWY3O-351,PWY3O-4115,1.497695298419381e-05,1.2382763938977932e-09
1042,PWY3O-351,PWY3O-440,1.297681044103684e-06,1.5710424262756462e-09
1043,PWY3O-351,PWY3O-259,3.805333484159105e-07,4.606941264115139e-10
1044,PWY3O-351,PWY3O-697,7.365524099369704e-06,1.1246792028355022e-09
1045,PWY3O-351,PWY-5760-1,5.182206403255096e-07,4.622842464991164e-10
1046,PWY3O-351,PWY-5041,1.0246041550458122e-06,1.1577448079613698e-09
1047,PWY3O-351,PWY3O-4300,3.6935662510692095e-06,1.6474425740719042e-09
1048,PWY3O-351,PWY3O-1565,2.3449365710030256e-06,8.832152809804239e-10
1049,PWY3O-351,PWY3O-15,9.0589714262864e-07,1.7060209842347268e-09
1050,PWY3O-1743,PWY3O-7,1.7957377059503865e-06,1.4671059689137143e-09
1051,PWY3O-1743,PWY-5686-1,6.954032174795028e-07,7.304655645793096e-10
1052,PWY3O-1743,PWY3O-261,7.356770136165477e-07,1.1388189065271638e-09
1053,PWY3O-1743,PWY3O-3827,3.333208928181794e-07,1.307140756149723e-09
1054,PWY3O-1743,PWY3O-355,1.100355867742161e-06,1.1159795818886013e-09
1055,PWY3O-1743,PWY3O-5962,2.5792023454327243e-06,1.5171778502545436e-09
1056,PWY3O-1743,PWY3O-4,1.2452408815837636e-06,1.5260304921369651e-09
1057,PWY3O-1743,PWY-5971-1,1.0538783500460966e-06,1.1070150735778326e-09
1058,PWY3O-1743,PWY3O-4158,1.6678568142928227e-06,1.3626281162523062e-09
1059,PWY3O-1743,PWY3O-450,1.7358554869695804e-07,1.2763643286541033e-09
1060,PWY3O-1743,PWY3O-123,1.8952632361776678e-07,1.5926581816619059e-09
1061,PWY3O-1743,PWY3O-4107,2.1100095323191885e-07,7.301071046087158e-10
1062,PWY3O-1743,PWY3O-2,1.2808906467617145e-06,1.032143953877288e-09
1063,PWY3O-1743,PWY3O-4153,6.75015129941149e-07,1.1678462455729222e-09
1064,PWY3O-1743,PWY-6074-1,2.0386592686131927e-07,1.0901921222530442e-09
1065,PWY3O-1743,PWY-6123-1,5.431212133234525e-07,8.191873504124472e-10
1066,PWY3O-1743,PWY3O-10,2.265290030174891e-06,1.4805817190685562e-09
1067,PWY3O-1743,PWY3O-13,1.912990317084388e-06,8.274179572164309e-10
1068,PWY3O-1743,PWY3O-8514,9.368974253340714e-07,1.0205854306471367e-09
1069,PWY3O-1743,PWY3O-6336,2.3822706155334036e-06,1.5231909306479564e-09
1070,PWY3O-1743,PWY-5694,5.300240002562387e-07,1.0750993920004843e-09
1071,PWY3O-1743,PWY-6126-1,9.85699039494722e-07,1.1150441623243463e-09
1072,PWY3O-1743,PWY0-162,1.0263700149826053e-06,7.187465090914604e-10
1073,PWY3O-1743,PWY3O-4109,4.7417187571723585e-06,1.3409838114175223e-09
1074,PWY3O-1743,PWY3O-4112,4.116823969140799e-06,1.2482789475866582e-09
1075,PWY3O-1743,PWY-7220-1,5.561839141384617e-07,9.087972453242837e-10
1076,PWY3O-1743,PWY3O-4105,4.3965631142235585e-06,1.3061684831323705e-09
1077,PWY3O-1743,PWY3O-69,8.192178396108484e-07,1.5059151463434715e-09
1078,PWY3O-1743,PWY-7222-1,5.561839141384617e-07,9.087972453242837e-10
1079,PWY3O-1743,PWY-821-1,1.386044490732498e-06,1.5383401672946703e-09
1080,PWY3O-1743,PWY-6075-1,4.812623958746925e-07,1.0888289499427433e-09
1081,PWY3O-1743,PWY3O-4031,1.3944768825484347e-06,8.634531780485665e-10
1082,PWY3O-1743,PWY-6482-1,6.743542729112253e-07,1.1667028943100783e-09
1083,PWY3O-1743,PWY3O-954,2.439879471399718e-07,1.1040178603618632e-09
1084,PWY3O-1743,PWY-5653,1.8736739050763463e-07,6.483300709606735e-10
1085,PWY3O-1743,PWY-7219,4.295145484552895e-07,1.579097604615035e-09
1086,PWY3O-1743,PWY-7221,8.365886672003179e-07,1.171692811204927e-09
1087,PWY3O-1743,PWY3O-285,2.3123513037828763e-06,1.079529086733369e-09
1088,PWY3O-1743,PWY0-662,2.9383612753266754e-07,8.230703852455673e-10
1089,PWY3O-1743,PWY-5084,9.446359749586855e-07,1.5435228348998129e-09
1090,PWY3O-1743,PWY-7176,3.3096764588688345e-07,6.953101804346292e-10
1091,PWY3O-1743,PWY-6125,1.1903467859454373e-06,1.129361276988081e-09
1092,PWY3O-1743,PWY3O-4108,4.066470423497532e-06,1.3000225139058607e-09
1093,PWY3O-1743,PWY3O-981,1.0958934369256413e-06,1.5348647575989374e-09
1094,PWY3O-1743,PWY3O-31704,9.46163540859116e-07,1.113133577481313e-09
1095,PWY3O-1743,PWY3O-2220,1.0385626642950112e-07,6.787991269902034e-10
1096,PWY3O-1743,PWY-2201,2.4458220264956435e-06,1.0501597365803536e-09
1097,PWY3O-1743,PWY3O-4120,4.768981060939406e-07,8.500857506130849e-10
1098,PWY3O-1743,PWY-6614,1.682710521139889e-07,8.248580985979848e-10
1099,PWY3O-1743,PWY3O-1,1.1854853432691127e-07,6.973443195700664e-10
1100,PWY3O-1743,PWY3O-214,4.309514323101535e-06,1.2549546660167546e-09
1101,PWY3O-1743,PWY3O-50,2.4687073825959285e-07,9.076130083073268e-10
1102,PWY3O-1743,PWY3O-20,1.0265426780496821e-06,1.0234722612658845e-09
1103,PWY3O-1743,PWY3O-4115,4.338062369456122e-06,1.2447811677062043e-09
1104,PWY3O-1743,PWY3O-440,6.248983851787903e-07,2.6256234671377746e-09
1105,PWY3O-1743,PWY3O-259,2.353532327599801e-07,9.88879129243614e-10
1106,PWY3O-1743,PWY3O-697,2.037069499213951e-06,1.0795280864938796e-09
1107,PWY3O-1743,PWY-5760-1,2.151692663592966e-07,6.661587193786273e-10
1108,PWY3O-1743,PWY-5041,4.2615847795968863e-07,1.671209717488975e-09
1109,PWY3O-1743,PWY3O-4300,6.992806707114571e-07,1.0824778184387882e-09
1110,PWY3O-1743,PWY3O-1565,6.861889551711432e-07,8.969790263675074e-10
1111,PWY3O-1743,PWY3O-15,1.788409129304026e-07,1.1688948557542654e-09
1112,PWY3O-7,PWY-5686-1,9.73371534490049e-06,2.4141159089534946e-09
1113,PWY3O-7,PWY3O-261,4.361650424874402e-06,1.5941704769277786e-09
1114,PWY3O-7,PWY3O-3827,1.3333662377883226e-06,1.234598368322521e-09
1115,PWY3O-7,PWY3O-355,3.55929221072204e-06,8.523209316863122e-10
1116,PWY3O-7,PWY3O-5962,8.151074269797456e-06,1.13209364858298e-09
1117,PWY3O-7,PWY3O-4,5.898321858747935e-06,1.706690352646972e-09
1118,PWY3O-7,PWY-5971-1,3.2418802105621853e-06,8.040377506354625e-10
1119,PWY3O-7,PWY3O-4158,7.1653337613035256e-06,1.3822017286465134e-09
1120,PWY3O-7,PWY3O-450,1.3969145266982487e-06,2.4251988310733485e-09
1121,PWY3O-7,PWY3O-123,8.10194022493612e-07,1.6075278224079603e-09
1122,PWY3O-7,PWY3O-4107,8.179291107124002e-07,6.682427375101308e-10
1123,PWY3O-7,PWY3O-2,5.108796637018081e-06,9.719932718831966e-10
1124,PWY3O-7,PWY3O-4153,2.4151892636440723e-06,9.86596921423232e-10
1125,PWY3O-7,PWY-6074-1,1.1720831871357136e-06,1.4799030140602444e-09
1126,PWY3O-7,PWY-6123-1,3.7883406285116755e-06,1.3491241554528758e-09
1127,PWY3O-7,PWY3O-10,7.71568045567629e-06,1.1906914283451066e-09
1128,PWY3O-7,PWY3O-13,8.439534528664448e-06,8.618805686953071e-10
1129,PWY3O-7,PWY3O-8514,3.160484234507255e-06,8.128817475584502e-10
1130,PWY3O-7,PWY3O-6336,7.7970786035937e-06,1.1770951998178895e-09
1131,PWY3O-7,PWY-5694,1.2745023847626865e-06,6.103938624342368e-10
1132,PWY3O-7,PWY-6126-1,6.330035451898515e-06,1.6907145971951162e-09
1133,PWY3O-7,PWY0-162,1.51143580357872e-05,2.4990671355468254e-09
1134,PWY3O-7,PWY3O-4109,2.2830379473872687e-05,1.5244644413643619e-09
1135,PWY3O-7,PWY3O-4112,2.1128256099318196e-05,1.5126185638114401e-09
1136,PWY3O-7,PWY-7220-1,4.2542871180554994e-06,1.6413144745584489e-09
1137,PWY3O-7,PWY3O-4105,2.122603769184558e-05,1.4889195911788425e-09
1138,PWY3O-7,PWY3O-69,2.6908026844652525e-06,1.1678831095769324e-09
1139,PWY3O-7,PWY-7222-1,4.2542871180554994e-06,1.6413144745584489e-09
1140,PWY3O-7,PWY-821-1,6.9053813693352595e-06,1.8095863127188834e-09
1141,PWY3O-7,PWY-6075-1,2.5670741223846354e-06,1.3713002790516213e-09
1142,PWY3O-7,PWY3O-4031,8.987240238262806e-06,1.313924011441931e-09
1143,PWY3O-7,PWY-6482-1,1.90705787472313e-06,7.790269096091217e-10
1144,PWY3O-7,PWY3O-954,1.9306349350876103e-06,2.062644161418387e-09
1145,PWY3O-7,PWY-5653,8.511854834385457e-07,6.954129766654785e-10
1146,PWY3O-7,PWY-7219,2.075751727378139e-06,1.8018678189046343e-09
1147,PWY3O-7,PWY-7221,4.70328602171044e-06,1.555319451623823e-09
1148,PWY3O-7,PWY3O-285,1.4427539104755755e-05,1.5903372029051758e-09
1149,PWY3O-7,PWY0-662,1.1806879705359173e-06,7.808782873914797e-10
1150,PWY3O-7,PWY-5084,5.253702215682532e-06,2.026891286914557e-09
1151,PWY3O-7,PWY-7176,5.380644319783568e-06,2.66897039671804e-09
1152,PWY3O-7,PWY-6125,6.616046935820489e-06,1.4820893673432994e-09
1153,PWY3O-7,PWY3O-4108,1.745534778970035e-05,1.3175836193916326e-09
1154,PWY3O-7,PWY3O-981,3.2255730526217825e-06,1.0666577554966212e-09
1155,PWY3O-7,PWY3O-31704,4.207631168282649e-06,1.168786435634069e-09
1156,PWY3O-7,PWY3O-2220,1.135562505103703e-06,1.7524112733081838e-09
1157,PWY3O-7,PWY-2201,1.2361147697437685e-05,1.253157714663188e-09
1158,PWY3O-7,PWY3O-4120,1.4590995646784175e-06,6.140991433831724e-10
1159,PWY3O-7,PWY-6614,9.398418600192084e-07,1.0877799305777874e-09
1160,PWY3O-7,PWY3O-1,1.9659445323047953e-06,2.7304785170899934e-09
1161,PWY3O-7,PWY3O-214,1.844948091777857e-05,1.268528665963873e-09
1162,PWY3O-7,PWY3O-50,9.874285886056953e-07,8.571428720535548e-10
1163,PWY3O-7,PWY3O-20,4.6019865549327725e-06,1.0833301682986751e-09
1164,PWY3O-7,PWY3O-4115,1.875052277598613e-05,1.2703606216792774e-09
1165,PWY3O-7,PWY3O-440,1.7021239175201104e-06,1.6886149975397924e-09
1166,PWY3O-7,PWY3O-259,5.397489896006645e-07,5.354652674609766e-10
1167,PWY3O-7,PWY3O-697,1.2087818804461553e-05,1.5124898403980922e-09
1168,PWY3O-7,PWY-5760-1,1.3913827929643576e-06,1.017092684915466e-09
1169,PWY3O-7,PWY-5041,1.5795247239285485e-06,1.4625228925264338e-09
1170,PWY3O-7,PWY3O-4300,4.513596095764376e-06,1.6497061753524764e-09
1171,PWY3O-7,PWY3O-1565,1.6064027437782262e-06,4.95803315980934e-10
1172,PWY3O-7,PWY3O-15,6.336693160586338e-07,9.778847470040645e-10
1173,PWY-5686-1,PWY3O-261,2.276197259285594e-06,1.069641569213155e-09
1174,PWY-5686-1,PWY3O-3827,5.223626874910324e-07,6.218603422512291e-10
1175,PWY-5686-1,PWY3O-355,3.6693874490566543e-06,1.12973751510365e-09
1176,PWY-5686-1,PWY3O-5962,1.1135197569874785e-05,1.9884281374776404e-09
1177,PWY-5686-1,PWY3O-4,5.119487630070724e-06,1.90457129094893e-09
1178,PWY-5686-1,PWY-5971-1,3.59687086126411e-06,1.1469613715765656e-09
1179,PWY-5686-1,PWY3O-4158,4.550840008001878e-06,1.1286805575401482e-09
1180,PWY-5686-1,PWY3O-450,8.81345323235325e-07,1.9672886679359935e-09
1181,PWY-5686-1,PWY3O-123,4.936278948986068e-07,1.2592548339250173e-09
1182,PWY-5686-1,PWY3O-4107,6.9974619585968e-07,7.350275166593277e-10
1183,PWY-5686-1,PWY3O-2,1.0013406709008713e-05,2.449463480677278e-09
1184,PWY-5686-1,PWY3O-4153,1.8303881429052093e-06,9.613383103493747e-10
1185,PWY-5686-1,PWY-6074-1,6.810648528762703e-07,1.1056247611627765e-09
1186,PWY-5686-1,PWY-6123-1,4.1873910388756735e-06,1.917303589228788e-09
1187,PWY-5686-1,PWY3O-10,9.574347333988697e-06,1.8996720900771225e-09
1188,PWY-5686-1,PWY3O-13,1.6202213545419644e-05,2.1273914844301e-09
1189,PWY-5686-1,PWY3O-8514,3.2573262250296833e-06,1.0771581431976466e-09
1190,PWY-5686-1,PWY3O-6336,9.913889798360645e-06,1.924279852166274e-09
1191,PWY-5686-1,PWY-5694,1.1547868815775531e-06,7.110756659960303e-10
1192,PWY-5686-1,PWY-6126-1,6.385872407335516e-06,2.1929506893322518e-09
1193,PWY-5686-1,PWY0-162,4.488338149582592e-06,9.541535181935782e-10
1194,PWY-5686-1,PWY3O-4109,1.838323042472061e-05,1.578230633990437e-09
1195,PWY-5686-1,PWY3O-4112,1.686053003920856e-05,1.5519633688520396e-09
1196,PWY-5686-1,PWY-7220-1,3.5075402571251374e-06,1.7398513180184215e-09
1197,PWY-5686-1,PWY3O-4105,1.7731331784557002e-05,1.599146084465819e-09
1198,PWY-5686-1,PWY3O-69,2.651970597790017e-06,1.479894306802465e-09
1199,PWY-5686-1,PWY-7222-1,3.5075402571251374e-06,1.7398513180184215e-09
1200,PWY-5686-1,PWY-821-1,8.999221860593566e-06,3.0320828371272125e-09
1201,PWY-5686-1,PWY-6075-1,2.1407533995106986e-06,1.4702976644991062e-09
1202,PWY-5686-1,PWY3O-4031,5.532959750260584e-06,1.0400300282444708e-09
1203,PWY-5686-1,PWY-6482-1,1.9064269486729946e-06,1.0012746579164887e-09
1204,PWY-5686-1,PWY3O-954,5.376362764389124e-07,7.385113687347698e-10
1205,PWY-5686-1,PWY-5653,4.917740066607137e-07,5.165693347276404e-10
1206,PWY-5686-1,PWY-7219,2.8783307927963295e-06,3.212422759817332e-09
1207,PWY-5686-1,PWY-7221,6.056335170438482e-06,2.574972436410919e-09
1208,PWY-5686-1,PWY3O-285,1.62814398308581e-05,2.3074602934889598e-09
1209,PWY-5686-1,PWY0-662,3.823932024885504e-06,3.2516428783040003e-09
1210,PWY-5686-1,PWY-5084,1.1519004763430257e-06,5.71379204535231e-10
1211,PWY-5686-1,PWY-7176,1.3498183675491952e-06,8.608535507329052e-10
1212,PWY-5686-1,PWY-6125,7.79318282527208e-06,2.244580306817995e-09
1213,PWY-5686-1,PWY3O-4108,1.4178191917272212e-05,1.3759891224060766e-09
1214,PWY-5686-1,PWY3O-981,4.240085852271251e-06,1.8027575902513824e-09
1215,PWY-5686-1,PWY3O-31704,3.2984325232031917e-06,1.1780116154297112e-09
1216,PWY-5686-1,PWY3O-2220,9.899044439609982e-07,1.9640961189702345e-09
1217,PWY-5686-1,PWY-2201,9.18344032198953e-06,1.1970073412395113e-09
1218,PWY-5686-1,PWY3O-4120,1.487304863985545e-06,8.048186493428273e-10
1219,PWY-5686-1,PWY-6614,2.993277496814006e-07,4.4542819893065567e-10
1220,PWY-5686-1,PWY3O-1,1.5170804198649547e-06,2.709072178330276e-09
1221,PWY-5686-1,PWY3O-214,1.6421321891608736e-05,1.451672727334577e-09
1222,PWY-5686-1,PWY3O-50,6.354786811157084e-07,7.092395994594959e-10
1223,PWY-5686-1,PWY3O-20,5.170544859157171e-06,1.5649348847328e-09
1224,PWY-5686-1,PWY3O-4115,1.647565537524468e-05,1.4351616180526727e-09
1225,PWY-5686-1,PWY3O-440,1.5227089372205642e-06,1.942230787271128e-09
1226,PWY-5686-1,PWY3O-259,3.9319191313307835e-07,5.015202973636203e-10
1227,PWY-5686-1,PWY3O-697,7.77378103478198e-06,1.2506082745788256e-09
1228,PWY-5686-1,PWY-5760-1,2.9263237954077852e-06,2.7503043189922795e-09
1229,PWY-5686-1,PWY-5041,1.7607175094085221e-06,2.096092273105383e-09
1230,PWY-5686-1,PWY3O-4300,6.102403631410776e-06,2.867670879422357e-09
1231,PWY-5686-1,PWY3O-1565,2.234714278713392e-06,8.867913804418223e-10
1232,PWY-5686-1,PWY3O-15,2.5014059599538468e-06,4.9631070634004894e-09
1233,PWY3O-261,PWY3O-3827,6.424339349631478e-07,1.1270770788827154e-09
1234,PWY3O-261,PWY3O-355,1.2961135023595e-06,5.880732769326225e-10
1235,PWY3O-261,PWY3O-5962,2.9679410242294673e-06,7.810371116393335e-10
1236,PWY3O-261,PWY3O-4,1.9678493914402413e-06,1.0788647979387288e-09
1237,PWY3O-261,PWY-5971-1,1.0763446384939976e-06,5.058010519238711e-10
1238,PWY3O-261,PWY3O-4158,2.070407859748677e-06,7.5672801891399e-10
1239,PWY3O-261,PWY3O-450,3.3326842876517217e-07,1.0962777262012242e-09
1240,PWY3O-261,PWY3O-123,3.348353936083849e-07,1.2587796752194923e-09
1241,PWY3O-261,PWY3O-4107,3.3475245560997e-07,5.181926557429876e-10
1242,PWY3O-261,PWY3O-2,2.7813962266357357e-06,1.0026662677129543e-09
1243,PWY3O-261,PWY3O-4153,1.4576036943960392e-06,1.128176234052662e-09
1244,PWY3O-261,PWY-6074-1,3.2386348371823087e-07,7.747930232493561e-10
1245,PWY3O-261,PWY-6123-1,1.3172240056549155e-06,8.88815118525584e-10
1246,PWY3O-261,PWY3O-10,2.581082363891067e-06,7.547024455821834e-10
1247,PWY3O-261,PWY3O-13,3.2881959923742704e-06,6.362608344377457e-10
1248,PWY3O-261,PWY3O-8514,1.0452036598223517e-06,5.093585086853565e-10
1249,PWY3O-261,PWY3O-6336,2.612223885528333e-06,7.472036285836193e-10
1250,PWY3O-261,PWY-5694,6.819753383498685e-07,6.188523941468861e-10
1251,PWY3O-261,PWY-6126-1,1.6655255914044772e-06,8.428773235852618e-10
1252,PWY3O-261,PWY0-162,3.2021785644469392e-06,1.003188773322976e-09
1253,PWY3O-261,PWY3O-4109,4.818651012867423e-06,6.096471423162225e-10
1254,PWY3O-261,PWY3O-4112,4.419802042748347e-06,5.995390725377573e-10
1255,PWY3O-261,PWY-7220-1,1.4721656250931988e-06,1.076144462787426e-09
1256,PWY3O-261,PWY3O-4105,4.287087671143875e-06,5.697883667123704e-10
1257,PWY3O-261,PWY3O-69,9.94905360930893e-07,8.18178750765537e-10
1258,PWY3O-261,PWY-7222-1,1.4721656250931988e-06,1.076144462787426e-09
1259,PWY3O-261,PWY-821-1,2.360391815886059e-06,1.171991964193674e-09
1260,PWY3O-261,PWY-6075-1,9.760551556397448e-07,9.87910076558446e-10
1261,PWY3O-261,PWY3O-4031,3.6413310580707404e-06,1.0086789634544988e-09
1262,PWY3O-261,PWY-6482-1,1.5638897574253816e-06,1.2104409887193355e-09
1263,PWY3O-261,PWY3O-954,6.964216852407265e-07,1.4097604964387174e-09
1264,PWY3O-261,PWY-5653,3.241140284163887e-07,5.017245021925522e-10
1265,PWY3O-261,PWY-7219,1.9336054321224948e-07,3.180272092306735e-10
1266,PWY3O-261,PWY-7221,1.3152860256166653e-06,8.241140511382615e-10
1267,PWY3O-261,PWY3O-285,4.340172333854424e-06,9.064687414065214e-10
1268,PWY3O-261,PWY0-662,6.746526325192714e-07,8.454293640592374e-10
1269,PWY3O-261,PWY-5084,2.1715605900676107e-06,1.5873980921546863e-09
1270,PWY3O-261,PWY-7176,9.25981101549238e-07,8.702829901778552e-10
1271,PWY3O-261,PWY-6125,2.4892649772136945e-06,1.0565640820092082e-09
1272,PWY3O-261,PWY3O-4108,3.7659712594268975e-06,5.386114501468675e-10
1273,PWY3O-261,PWY3O-981,9.170598370634296e-07,5.745988954031514e-10
1274,PWY3O-261,PWY3O-31704,1.544382088639433e-06,8.128326782312806e-10
1275,PWY3O-261,PWY3O-2220,2.889064069296609e-07,8.447555758177218e-10
1276,PWY3O-261,PWY-2201,4.17259956946277e-06,8.014981885253112e-10
1277,PWY3O-261,PWY3O-4120,1.0764487521515825e-06,8.584120830554883e-10
1278,PWY3O-261,PWY-6614,3.9504600498307887e-07,8.663289582962256e-10
1279,PWY3O-261,PWY3O-1,3.5655537581195616e-07,9.383036205577794e-10
1280,PWY3O-261,PWY3O-214,4.5153840815501735e-06,5.882470142717788e-10
1281,PWY3O-261,PWY3O-50,4.807203125740865e-07,7.906584088389581e-10
1282,PWY3O-261,PWY3O-20,1.279981586572868e-06,5.709106095329473e-10
1283,PWY3O-261,PWY3O-4115,4.59823846325972e-06,5.902745138972684e-10
1284,PWY3O-261,PWY3O-440,3.9884483000622483e-07,7.4970832707937e-10
1285,PWY3O-261,PWY3O-259,1.990764440972856e-07,3.7420384228813083e-10
1286,PWY3O-261,PWY3O-697,3.992398510687248e-06,9.465145829035675e-10
1287,PWY3O-261,PWY-5760-1,4.474690301506261e-07,6.197631996546067e-10
1288,PWY3O-261,PWY-5041,4.5850870893719375e-07,8.044012437494628e-10
1289,PWY3O-261,PWY3O-4300,1.0846159052622771e-06,7.511190479655658e-10
1290,PWY3O-261,PWY3O-1565,1.6068164835804666e-06,9.396587623277583e-10
1291,PWY3O-261,PWY3O-15,3.339698046044688e-07,9.765198965042948e-10
1292,PWY3O-3827,PWY3O-355,9.219012578825263e-07,1.0596566182557775e-09
1293,PWY3O-3827,PWY3O-5962,2.273597947122503e-06,1.5157319647483353e-09
1294,PWY3O-3827,PWY3O-4,1.152975684011512e-06,1.6013551166826556e-09
1295,PWY3O-3827,PWY-5971-1,8.908476966756581e-07,1.0605329722329263e-09
1296,PWY3O-3827,PWY3O-4158,1.5632136294874028e-06,1.4474200273031508e-09
1297,PWY3O-3827,PWY3O-450,1.7250815219831722e-07,1.4375679349859768e-09
1298,PWY3O-3827,PWY3O-123,1.6174922057250537e-07,1.5404687673571938e-09
1299,PWY3O-3827,PWY3O-4107,1.9389724775968493e-07,7.603813637634702e-10
1300,PWY3O-3827,PWY3O-2,1.021811614992797e-06,9.33161292230865e-10
1301,PWY3O-3827,PWY3O-4153,6.516008913918877e-07,1.2776488066507603e-09
1302,PWY3O-3827,PWY-6074-1,1.9425972821388692e-07,1.1773316861447692e-09
1303,PWY3O-3827,PWY-6123-1,4.324835183993684e-07,7.39288065639946e-10
1304,PWY3O-3827,PWY3O-10,1.961625783765399e-06,1.4530561361225176e-09
1305,PWY3O-3827,PWY3O-13,1.6245984718854827e-06,7.963717999438641e-10
1306,PWY3O-3827,PWY3O-8514,7.754953294693348e-07,9.574016413201665e-10
1307,PWY3O-3827,PWY3O-6336,2.0769780152303173e-06,1.5050565327755922e-09
1308,PWY3O-3827,PWY-5694,4.7322501154711517e-07,1.087873589763483e-09
1309,PWY3O-3827,PWY-6126-1,8.592494730814901e-07,1.101601888566013e-09
1310,PWY3O-3827,PWY0-162,8.395341878166943e-07,6.662969744576939e-10
1311,PWY3O-3827,PWY3O-4109,4.439722093922486e-06,1.4229878506161817e-09
1312,PWY3O-3827,PWY3O-4112,3.85161241217975e-06,1.323578148515378e-09
1313,PWY3O-3827,PWY-7220-1,4.793492904488967e-07,8.876838712016605e-10
1314,PWY3O-3827,PWY3O-4105,4.097455842519123e-06,1.3796147617909505e-09
1315,PWY3O-3827,PWY3O-69,7.293655133820102e-07,1.5195114862125212e-09
1316,PWY3O-3827,PWY-7222-1,4.793492904488967e-07,8.876838712016605e-10
1317,PWY3O-3827,PWY-821-1,1.233311519693904e-06,1.5513352448979925e-09
1318,PWY3O-3827,PWY-6075-1,3.6429721716563985e-07,9.340954286298459e-10
1319,PWY3O-3827,PWY3O-4031,1.210867628577817e-06,8.497316691774155e-10
1320,PWY3O-3827,PWY-6482-1,6.515656664973072e-07,1.2775797382300142e-09
1321,PWY3O-3827,PWY3O-954,1.715828709115811e-07,8.799121585209287e-10
1322,PWY3O-3827,PWY-5653,1.5062843629648934e-07,5.906997501823111e-10
1323,PWY3O-3827,PWY-7219,3.7990025050329593e-07,1.5829177104303995e-09
1324,PWY3O-3827,PWY-7221,7.034848535050888e-07,1.116642624611252e-09
1325,PWY3O-3827,PWY3O-285,1.965163340519397e-06,1.0397689632377763e-09
1326,PWY3O-3827,PWY0-662,2.880390872228318e-07,9.144098007074027e-10
1327,PWY3O-3827,PWY-5084,8.8874526592533e-07,1.6458245665283888e-09
1328,PWY3O-3827,PWY-7176,3.1717143245495943e-07,7.551700772737129e-10
1329,PWY3O-3827,PWY-6125,1.0108351577655777e-06,1.0869195244791157e-09
1330,PWY3O-3827,PWY3O-4108,3.825073067135384e-06,1.3858960388171682e-09
1331,PWY3O-3827,PWY3O-981,9.847867215121573e-07,1.5631535262097734e-09
1332,PWY3O-3827,PWY3O-31704,7.774316806107257e-07,1.0365755741476342e-09
1333,PWY3O-3827,PWY3O-2220,9.298752000709724e-08,6.887964444970166e-10
1334,PWY3O-3827,PWY-2201,2.2526138190750815e-06,1.0961624423723025e-09
1335,PWY3O-3827,PWY3O-4120,4.378063121757141e-07,8.84457196314574e-10
1336,PWY3O-3827,PWY-6614,1.4472034254974157e-07,8.040019030541198e-10
1337,PWY3O-3827,PWY3O-1,1.0751816231041943e-07,7.167877487361295e-10
1338,PWY3O-3827,PWY3O-214,4.0640992926361355e-06,1.3412868952594505e-09
1339,PWY3O-3827,PWY3O-50,1.8055072863463333e-07,7.522947026443055e-10
1340,PWY3O-3827,PWY3O-20,9.793354824313922e-07,1.1065937654592003e-09
1341,PWY3O-3827,PWY3O-4115,4.089278780285868e-06,1.3298467578165424e-09
1342,PWY3O-3827,PWY3O-440,5.881076456216625e-07,2.800512598198393e-09
1343,PWY3O-3827,PWY3O-259,2.244587124383143e-07,1.0688510116110205e-09
1344,PWY3O-3827,PWY3O-697,1.9723657794652223e-06,1.1846040717508843e-09
1345,PWY3O-3827,PWY-5760-1,1.5325808666358316e-07,5.377476725038005e-10
1346,PWY3O-3827,PWY-5041,3.711586737022695e-07,1.64959410534342e-09
1347,PWY3O-3827,PWY3O-4300,6.697151746561835e-07,1.1749389029055852e-09
1348,PWY3O-3827,PWY3O-1565,6.405095290653913e-07,9.48903006022802e-10
1349,PWY3O-3827,PWY3O-15,1.4958855532863727e-07,1.1080633728047206e-09
1350,PWY3O-355,PWY3O-5962,3.2818299919656516e-06,5.658327572354571e-10
1351,PWY3O-355,PWY3O-4,2.1649558205277124e-06,7.776421769136897e-10
1352,PWY3O-355,PWY-5971-1,2.402759966159839e-06,7.397659994334479e-10
1353,PWY3O-355,PWY3O-4158,3.9679061460292944e-06,9.501690962713826e-10
1354,PWY3O-355,PWY3O-450,6.716794885269909e-07,1.447585104584032e-09
1355,PWY3O-355,PWY3O-123,1.437285106457012e-06,3.5401110996478126e-09
1356,PWY3O-355,PWY3O-4107,1.14135160454135e-06,1.1575574082569474e-09
1357,PWY3O-355,PWY3O-2,3.251307722617697e-06,7.679045164425359e-10
1358,PWY3O-355,PWY3O-4153,1.0019146398574963e-06,5.080703041873715e-10
1359,PWY3O-355,PWY-6074-1,5.759196284847001e-07,9.026953424525081e-10
1360,PWY3O-355,PWY-6123-1,2.101478117148352e-06,9.290354187216411e-10
1361,PWY3O-355,PWY3O-10,2.7676814580467724e-06,5.302071758710291e-10
1362,PWY3O-355,PWY3O-13,7.962394259904103e-06,1.0094313209817575e-09
1363,PWY3O-355,PWY3O-8514,2.074768280899388e-06,6.624419798529337e-10
1364,PWY3O-355,PWY3O-6336,3.0956668992025956e-06,5.801474698655539e-10
1365,PWY3O-355,PWY-5694,1.1556906478516072e-06,6.870931318975072e-10
1366,PWY3O-355,PWY-6126-1,3.7737465271015464e-06,1.2512422172087356e-09
1367,PWY3O-355,PWY0-162,4.741856670439772e-06,9.732874939326297e-10
1368,PWY3O-355,PWY3O-4109,7.631003881346903e-06,6.325434251779595e-10
1369,PWY3O-355,PWY3O-4112,6.79973111904663e-06,6.043131104733941e-10
1370,PWY3O-355,PWY-7220-1,1.8071606166584355e-06,8.654983796256875e-10
1371,PWY3O-355,PWY3O-4105,5.7349874839839556e-06,4.993893664214521e-10
1372,PWY3O-355,PWY3O-69,2.435135648650769e-06,1.312034293454078e-09
1373,PWY3O-355,PWY-7222-1,1.8071606166584355e-06,8.654983796256875e-10
1374,PWY3O-355,PWY-821-1,5.032114688473717e-06,1.6369924165496803e-09
1375,PWY3O-355,PWY-6075-1,6.909935900695027e-07,4.582185610540469e-10
1376,PWY3O-355,PWY3O-4031,1.6949877203798934e-06,3.0762027593101515e-10
1377,PWY3O-355,PWY-6482-1,3.027564350415712e-06,1.5352760397645598e-09
1378,PWY3O-355,PWY3O-954,1.1802764025961559e-06,1.5653533190930447e-09
1379,PWY3O-355,PWY-5653,1.2430477077042367e-06,1.2606974723166702e-09
1380,PWY3O-355,PWY-7219,1.966584145804847e-06,2.1191639502207397e-09
1381,PWY3O-355,PWY-7221,1.7426253519932306e-06,7.153634449890108e-10
1382,PWY3O-355,PWY3O-285,7.503027427740265e-06,1.0266868401396094e-09
1383,PWY3O-355,PWY0-662,6.574647164729512e-07,5.397904076132604e-10
1384,PWY3O-355,PWY-5084,4.252179936355999e-07,2.0364846438486585e-10
1385,PWY3O-355,PWY-7176,1.0724696964780346e-06,6.603877441367208e-10
1386,PWY3O-355,PWY-6125,3.2141876065414957e-06,8.938230274030855e-10
1387,PWY3O-355,PWY3O-4108,5.15618287554948e-06,4.831505692981147e-10
1388,PWY3O-355,PWY3O-981,2.3308398261005767e-06,9.568307988918623e-10
1389,PWY3O-355,PWY3O-31704,1.565716972477205e-06,5.399024043024845e-10
1390,PWY3O-355,PWY3O-2220,3.806335595081034e-07,7.291830641917689e-10
1391,PWY3O-355,PWY-2201,4.344419139449206e-06,5.467429070537636e-10
1392,PWY3O-355,PWY3O-4120,8.605689474081561e-07,4.496180498475215e-10
1393,PWY3O-355,PWY-6614,9.33919801875428e-07,1.3418387957980286e-09
1394,PWY3O-355,PWY3O-1,4.264693597123399e-07,7.352919995040344e-10
1395,PWY3O-355,PWY3O-214,5.936537950927578e-06,5.06703478228711e-10
1396,PWY3O-355,PWY3O-50,1.5014313362556747e-06,1.6179216985513735e-09
1397,PWY3O-355,PWY3O-20,2.8335448166178567e-06,8.280376436638973e-10
1398,PWY3O-355,PWY3O-4115,5.975510394215516e-06,5.025660550223309e-10
1399,PWY3O-355,PWY3O-440,8.312701153428763e-07,1.0237316691414733e-09
1400,PWY3O-355,PWY3O-259,3.142189890269313e-07,3.8696919830902876e-10
1401,PWY3O-355,PWY3O-697,4.286617734399992e-06,6.658306515066778e-10
1402,PWY3O-355,PWY-5760-1,3.3906913409294113e-07,3.076852396487669e-10
1403,PWY3O-355,PWY-5041,7.639871052882845e-07,8.78146098032511e-10
1404,PWY3O-355,PWY3O-4300,2.6526438751584924e-06,1.2035589270229095e-09
1405,PWY3O-355,PWY3O-1565,7.737510524159264e-07,2.964563419218109e-10
1406,PWY3O-355,PWY3O-15,5.517571493760886e-07,1.0570060332875259e-09
1407,PWY3O-5962,PWY3O-4,3.733583631692333e-06,7.778299232692361e-10
1408,PWY3O-5962,PWY-5971-1,2.959834276043968e-06,5.285418350078514e-10
1409,PWY3O-5962,PWY3O-4158,8.186268215337636e-06,1.1369816965746716e-09
1410,PWY3O-5962,PWY3O-450,2.587361489800528e-06,3.23420186225066e-09
1411,PWY3O-5962,PWY3O-123,1.8168965331859584e-06,2.5955664759799403e-09
1412,PWY3O-5962,PWY3O-4107,2.4210676809261662e-06,1.424157459368333e-09
1413,PWY3O-5962,PWY3O-2,8.353957717337533e-06,1.1443777694982923e-09
1414,PWY3O-5962,PWY3O-4153,2.255054721018614e-06,6.632513885348865e-10
1415,PWY3O-5962,PWY-6074-1,1.0890466404607445e-06,9.900424004188586e-10
1416,PWY3O-5962,PWY-6123-1,4.593120469328069e-06,1.1777231972636077e-09
1417,PWY3O-5962,PWY3O-10,8.093654569578917e-06,8.992949521754353e-10
1418,PWY3O-5962,PWY3O-13,2.5282429587509533e-05,1.8590021755521716e-09
1419,PWY3O-5962,PWY3O-8514,2.4415494300339247e-06,4.521387833396157e-10
1420,PWY3O-5962,PWY3O-6336,8.611957061971603e-06,9.360822893447394e-10
1421,PWY3O-5962,PWY-5694,3.305156066472408e-06,1.1397089884387614e-09
1422,PWY3O-5962,PWY-6126-1,5.7252097591037134e-06,1.1010018767507141e-09
1423,PWY3O-5962,PWY0-162,1.4614004357886194e-05,1.7397624235578804e-09
1424,PWY3O-5962,PWY3O-4109,2.5746469724762457e-05,1.2378110444597337e-09
1425,PWY3O-5962,PWY3O-4112,2.4410044554413935e-05,1.2582497192996875e-09
1426,PWY3O-5962,PWY-7220-1,3.1450631964582644e-06,8.736286656828513e-10
1427,PWY3O-5962,PWY3O-4105,2.2819463693053473e-05,1.1524981663158319e-09
1428,PWY3O-5962,PWY3O-69,3.6272997405254695e-06,1.1335311689142094e-09
1429,PWY3O-5962,PWY-7222-1,3.1450631964582644e-06,8.736286656828513e-10
1430,PWY3O-5962,PWY-821-1,9.318404200156577e-06,1.758189471727656e-09
1431,PWY3O-5962,PWY-6075-1,1.6545071900831331e-06,6.363489192627435e-10
1432,PWY3O-5962,PWY3O-4031,5.409996498220988e-06,5.694733156022093e-10
1433,PWY3O-5962,PWY-6482-1,4.066851313879778e-06,1.1961327393764054e-09
1434,PWY3O-5962,PWY3O-954,1.9049014867643406e-06,1.4653088359725697e-09
1435,PWY3O-5962,PWY-5653,2.3717188931622245e-06,1.3951287606836614e-09
1436,PWY3O-5962,PWY-7219,2.5801452052313993e-06,1.6125907532696247e-09
1437,PWY3O-5962,PWY-7221,6.100366967371139e-06,1.452468325564557e-09
1438,PWY3O-5962,PWY3O-285,1.6549853799044364e-05,1.3134804602416162e-09
1439,PWY3O-5962,PWY0-662,1.3088665430945026e-06,6.232697824259536e-10
1440,PWY3O-5962,PWY-5084,1.4925649791681621e-06,4.1460138310226726e-10
1441,PWY3O-5962,PWY-7176,3.47880678801141e-06,1.2424309957183609e-09
1442,PWY3O-5962,PWY-6125,8.090493423740803e-06,1.3049182941517422e-09
1443,PWY3O-5962,PWY3O-4108,1.800839845285941e-05,9.787173072206201e-10
1444,PWY3O-5962,PWY3O-981,6.001792102073316e-06,1.4289981195412657e-09
1445,PWY3O-5962,PWY3O-31704,3.865567986021067e-06,7.731135972042134e-10
1446,PWY3O-5962,PWY3O-2220,9.59871861731345e-07,1.0665242908126055e-09
1447,PWY3O-5962,PWY-2201,1.1421380630932597e-05,8.336774183162479e-10
1448,PWY3O-5962,PWY3O-4120,1.9431330534641457e-06,5.88828198019438e-10
1449,PWY3O-5962,PWY-6614,2.062765618650864e-06,1.71897134887572e-09
1450,PWY3O-5962,PWY3O-1,1.654951064477269e-06,1.654951064477269e-09
1451,PWY3O-5962,PWY3O-214,1.931166471281053e-05,9.560230055846798e-10
1452,PWY3O-5962,PWY3O-50,2.2853281763713237e-06,1.4283301102320771e-09
1453,PWY3O-5962,PWY3O-20,6.965282422436e-06,1.1805563427857629e-09
1454,PWY3O-5962,PWY3O-4115,1.940228784660729e-05,9.464530656881604e-10
1455,PWY3O-5962,PWY3O-440,1.336439015971825e-06,9.545992971227322e-10
1456,PWY3O-5962,PWY3O-259,1.1270965851607473e-06,8.050689894005339e-10
1457,PWY3O-5962,PWY3O-697,1.0339037308271732e-05,9.31444802547003e-10
1458,PWY3O-5962,PWY-5760-1,1.3435473861240307e-06,7.071302032231741e-10
1459,PWY3O-5962,PWY-5041,1.466852842245467e-06,9.779018948303113e-10
1460,PWY3O-5962,PWY3O-4300,4.8398130978967125e-06,1.2736350257622929e-09
1461,PWY3O-5962,PWY3O-1565,1.598188895624234e-06,3.551530879164964e-10
1462,PWY3O-5962,PWY3O-15,1.1101897895640465e-06,1.2335442106267184e-09
1463,PWY3O-4,PWY-5971-1,1.8947393422253233e-06,7.048881481493018e-10
1464,PWY3O-4,PWY3O-4158,2.769538128983467e-06,8.013709863956789e-10
1465,PWY3O-4,PWY3O-450,4.0335398980139316e-07,1.0504010151077947e-09
1466,PWY3O-4,PWY3O-123,2.937635398163788e-07,8.742962494535084e-10
1467,PWY3O-4,PWY3O-4107,9.769057112830644e-07,1.197188371670422e-09
1468,PWY3O-4,PWY3O-2,4.314165909565831e-06,1.2312117321820294e-09
1469,PWY3O-4,PWY3O-4153,1.7821627510085058e-06,1.0920114895885451e-09
1470,PWY3O-4,PWY-6074-1,1.0427882093922443e-06,1.9749776693034936e-09
1471,PWY3O-4,PWY-6123-1,2.2437120334808815e-06,1.1985641204491886e-09
1472,PWY3O-4,PWY3O-10,3.224320702419857e-06,7.463705329675595e-10
1473,PWY3O-4,PWY3O-13,7.742369387748895e-06,1.1860247223880046e-09
1474,PWY3O-4,PWY3O-8514,1.7998339743270952e-06,6.943803913298979e-10
1475,PWY3O-4,PWY3O-6336,3.3192186045408132e-06,7.516346477673944e-10
1476,PWY3O-4,PWY-5694,1.4682088988807627e-06,1.054747772184456e-09
1477,PWY3O-4,PWY-6126-1,3.3419123955833845e-06,1.3389072097689844e-09
1478,PWY3O-4,PWY0-162,7.018759106324e-06,1.7407636672430557e-09
1479,PWY3O-4,PWY3O-4109,1.0642384598500703e-05,1.0659439702023942e-09
1480,PWY3O-4,PWY3O-4112,8.883481137227725e-06,9.53982080887857e-10
1481,PWY3O-4,PWY-7220-1,2.318118141630114e-06,1.3415035541840938e-09
1482,PWY3O-4,PWY3O-4105,9.79077560187876e-06,1.0301742005343815e-09
1483,PWY3O-4,PWY3O-69,2.1204409199348935e-06,1.380495390582613e-09
1484,PWY3O-4,PWY-7222-1,2.318118141630114e-06,1.3415035541840938e-09
1485,PWY3O-4,PWY-821-1,3.435986075893579e-06,1.3506234575053378e-09
1486,PWY3O-4,PWY-6075-1,1.419508955032408e-06,1.137427047301609e-09
1487,PWY3O-4,PWY3O-4031,3.5202733438736145e-06,7.719897683933364e-10
1488,PWY3O-4,PWY-6482-1,1.2083900764549523e-06,7.404350958670051e-10
1489,PWY3O-4,PWY3O-954,1.2417588430643836e-06,1.9899981459365122e-09
1490,PWY3O-4,PWY-5653,8.110939880083278e-07,9.939877304023624e-10
1491,PWY3O-4,PWY-7219,1.0237953398845101e-06,1.3330668488079557e-09
1492,PWY3O-4,PWY-7221,1.4498870670083222e-06,7.191900133969852e-10
1493,PWY3O-4,PWY3O-285,6.738864130108375e-06,1.114230180242787e-09
1494,PWY3O-4,PWY0-662,1.7173974046619367e-06,1.7037672665296992e-09
1495,PWY3O-4,PWY-5084,2.1104815730548483e-06,1.2213435029252594e-09
1496,PWY3O-4,PWY-7176,1.8992717477360865e-06,1.4131486218274453e-09
1497,PWY3O-4,PWY-6125,3.2013928931951783e-06,1.0757368592725734e-09
1498,PWY3O-4,PWY3O-4108,8.954701937568765e-06,1.0138928824239995e-09
1499,PWY3O-4,PWY3O-981,3.4764989126447136e-06,1.7244538257166237e-09
1500,PWY3O-4,PWY3O-31704,2.712113270591541e-06,1.1300471960798089e-09
1501,PWY3O-4,PWY3O-2220,3.0598498327430634e-07,7.082985723942276e-10
1502,PWY3O-4,PWY-2201,7.1188276700417224e-06,1.0825467868068313e-09
1503,PWY3O-4,PWY3O-4120,1.615459138832647e-06,1.0198605674448528e-09
1504,PWY3O-4,PWY-6614,3.0164550023530616e-07,5.236901045751843e-10
1505,PWY3O-4,PWY3O-1,4.2147047886351913e-07,8.780634976323315e-10
1506,PWY3O-4,PWY3O-214,1.0103937538650116e-05,1.0420727659498882e-09
1507,PWY3O-4,PWY3O-50,5.932135585682741e-07,7.72413487719107e-10
1508,PWY3O-4,PWY3O-20,4.072053467482488e-06,1.4378719871053984e-09
1509,PWY3O-4,PWY3O-4115,1.0274758866344664e-05,1.0441828116203928e-09
1510,PWY3O-4,PWY3O-440,1.758895859754301e-06,2.617404553205805e-09
1511,PWY3O-4,PWY3O-259,9.234797946805098e-07,1.3742258849412347e-09
1512,PWY3O-4,PWY3O-697,6.7068172133001965e-06,1.258787014508295e-09
1513,PWY3O-4,PWY-5760-1,1.031011556582936e-06,1.1304951278321668e-09
1514,PWY3O-4,PWY-5041,1.1014388805414308e-06,1.5297762229742096e-09
1515,PWY3O-4,PWY3O-4300,1.4879872360281508e-06,8.157824758926264e-10
1516,PWY3O-4,PWY3O-1565,1.8003290232308915e-06,8.334856589031904e-10
1517,PWY3O-4,PWY3O-15,9.995537574721728e-07,2.3137818460004e-09
1518,PWY-5971-1,PWY3O-4158,3.7473003006609656e-06,9.293899555210727e-10
1519,PWY-5971-1,PWY3O-450,6.25776971422229e-07,1.3968235969246182e-09
1520,PWY-5971-1,PWY3O-123,1.4003143059262384e-06,3.5722303722608124e-09
1521,PWY-5971-1,PWY3O-4107,1.1167576374418029e-06,1.1730647452119777e-09
1522,PWY-5971-1,PWY3O-2,3.007039435541184e-06,7.35577161335906e-10
1523,PWY-5971-1,PWY3O-4153,9.897754896263105e-07,5.198400680810453e-10
1524,PWY-5971-1,PWY-6074-1,5.691764366471197e-07,9.239877218297398e-10
1525,PWY-5971-1,PWY-6123-1,1.7455598096851049e-06,7.992489971085644e-10
1526,PWY-5971-1,PWY3O-10,2.4764860098703495e-06,4.913662717996725e-10
1527,PWY-5971-1,PWY3O-13,7.750201123847996e-06,1.0176209458834029e-09
1528,PWY-5971-1,PWY3O-8514,1.8214092561930064e-06,6.023178757252005e-10
1529,PWY-5971-1,PWY3O-6336,2.78996911080578e-06,5.41531271507333e-10
1530,PWY-5971-1,PWY-5694,9.61196154877886e-07,5.918695534962353e-10
1531,PWY-5971-1,PWY-6126-1,3.637847390654501e-06,1.249260779757727e-09
1532,PWY-5971-1,PWY0-162,4.518848202204102e-06,9.606394987678789e-10
1533,PWY-5971-1,PWY3O-4109,6.841895657213008e-06,5.873880200217212e-10
1534,PWY-5971-1,PWY3O-4112,6.186990073447287e-06,5.694946680271803e-10
1535,PWY-5971-1,PWY-7220-1,1.749663543839085e-06,8.678886626185938e-10
1536,PWY-5971-1,PWY3O-4105,4.949650699044762e-06,4.4639706881716823e-10
1537,PWY-5971-1,PWY3O-69,2.3925334801948827e-06,1.335119129573037e-09
1538,PWY-5971-1,PWY-7222-1,1.749663543839085e-06,8.678886626185938e-10
1539,PWY-5971-1,PWY-821-1,4.792614725469744e-06,1.6147623738105604e-09
1540,PWY-5971-1,PWY-6075-1,5.71233292220741e-07,3.9233055784391557e-10
1541,PWY-5971-1,PWY3O-4031,1.5930428032217617e-06,2.9944413594394017e-10
1542,PWY-5971-1,PWY-6482-1,2.840761372669795e-06,1.4919965192593462e-09
1543,PWY-5971-1,PWY3O-954,1.153184997257921e-06,1.5840453259037377e-09
1544,PWY-5971-1,PWY-5653,1.2345258623024482e-06,1.2967708637630758e-09
1545,PWY-5971-1,PWY-7219,1.8881846612638456e-06,2.1073489523033992e-09
1546,PWY-5971-1,PWY-7221,1.6868188026309344e-06,7.171848650641727e-10
1547,PWY-5971-1,PWY3O-285,6.928762554852419e-06,9.81967482263665e-10
1548,PWY-5971-1,PWY0-662,4.922366812394329e-07,4.185686064961165e-10
1549,PWY-5971-1,PWY-5084,3.076528718520879e-07,1.5260559119647217e-10
1550,PWY-5971-1,PWY-7176,9.219764586208601e-07,5.879951904469771e-10
1551,PWY-5971-1,PWY-6125,3.115931733545269e-06,8.974457757906881e-10
1552,PWY-5971-1,PWY3O-4108,4.384743295647481e-06,4.255379751210677e-10
1553,PWY-5971-1,PWY3O-981,2.1009654218619146e-06,8.93267611335848e-10
1554,PWY-5971-1,PWY3O-31704,1.425501395094647e-06,5.091076411052311e-10
1555,PWY-5971-1,PWY3O-2220,3.163656036045657e-07,6.277095309614399e-10
1556,PWY-5971-1,PWY-2201,3.532704813220327e-06,4.6046725928315004e-10
1557,PWY-5971-1,PWY3O-4120,8.053773744809158e-07,4.358102675762531e-10
1558,PWY-5971-1,PWY-6614,8.981655158156777e-07,1.336555827106663e-09
1559,PWY-5971-1,PWY3O-1,3.602670548531342e-07,6.433340265234539e-10
1560,PWY-5971-1,PWY3O-214,5.160964230796893e-06,4.562379977720026e-10
1561,PWY-5971-1,PWY3O-50,1.4615419597774043e-06,1.6311852229658528e-09
1562,PWY-5971-1,PWY3O-20,2.322546026259078e-06,7.029497658169122e-10
1563,PWY-5971-1,PWY3O-4115,5.188843886473582e-06,4.5198988558132254e-10
1564,PWY-5971-1,PWY3O-440,6.548893626678312e-07,8.353180646273356e-10
1565,PWY-5971-1,PWY3O-259,2.015283750299689e-07,2.5705149876271546e-10
1566,PWY-5971-1,PWY3O-697,3.6187713795362443e-06,5.821704278533212e-10
1567,PWY-5971-1,PWY-5760-1,2.847111491334036e-07,2.6758566647876285e-10
1568,PWY-5971-1,PWY-5041,7.279654086608131e-07,8.66625486500968e-10
1569,PWY-5971-1,PWY3O-4300,2.06962422461799e-06,9.725677747264991e-10
1570,PWY-5971-1,PWY3O-1565,7.401414126834388e-07,2.937069097950154e-10
1571,PWY-5971-1,PWY3O-15,5.26432927453345e-07,1.044509776693145e-09
1572,PWY3O-4158,PWY3O-450,5.525122788117393e-07,9.592227062703808e-10
1573,PWY3O-4158,PWY3O-123,3.1438483108841006e-07,6.237794267627185e-10
1574,PWY3O-4158,PWY3O-4107,1.197034357742346e-06,9.779692465215244e-10
1575,PWY3O-4158,PWY3O-2,4.64178810672205e-06,8.83140811781212e-10
1576,PWY3O-4158,PWY3O-4153,2.0754935472259535e-06,8.478323313831509e-10
1577,PWY3O-4158,PWY-6074-1,7.334573701630586e-07,9.260825380846698e-10
1578,PWY3O-4158,PWY-6123-1,2.1354433314910657e-06,7.604855169127726e-10
1579,PWY3O-4158,PWY3O-10,7.362177259289638e-06,1.136138465939759e-09
1580,PWY3O-4158,PWY3O-13,1.0155548592668697e-05,1.0371271030094665e-09
1581,PWY3O-4158,PWY3O-8514,3.5736522939500616e-06,9.191492525591724e-10
1582,PWY3O-4158,PWY3O-6336,7.5358241800693025e-06,1.1376546165563561e-09
1583,PWY3O-4158,PWY-5694,1.6888543807393324e-06,8.088383049517875e-10
1584,PWY3O-4158,PWY-6126-1,4.1169773569283745e-06,1.0996200205471087e-09
1585,PWY3O-4158,PWY0-162,6.601433559130859e-06,1.0915068715494145e-09
1586,PWY3O-4158,PWY3O-4109,9.425070882085356e-06,6.293450108230072e-10
1587,PWY3O-4158,PWY3O-4112,8.529243851323187e-06,6.106274234910644e-10
1588,PWY3O-4158,PWY-7220-1,2.403684093644633e-06,9.273472583505529e-10
1589,PWY3O-4158,PWY3O-4105,8.973827901524038e-06,6.294772658195874e-10
1590,PWY3O-4158,PWY3O-69,2.767705077051231e-06,1.201260884136819e-09
1591,PWY3O-4158,PWY-7222-1,2.403684093644633e-06,9.273472583505529e-10
1592,PWY3O-4158,PWY-821-1,4.667689738646034e-06,1.2231891348653128e-09
1593,PWY3O-4158,PWY-6075-1,1.5721740553685347e-06,8.398365680387473e-10
1594,PWY3O-4158,PWY3O-4031,7.4976260057551115e-06,1.096144152888174e-09
1595,PWY3O-4158,PWY-6482-1,3.74957125436552e-06,1.5316876039074835e-09
1596,PWY3O-4158,PWY3O-954,9.599147560153043e-07,1.0255499530078037e-09
1597,PWY3O-4158,PWY-5653,1.8890504199445178e-06,1.5433418463599e-09
1598,PWY3O-4158,PWY-7219,1.7132954351462208e-06,1.48723562078665e-09
1599,PWY3O-4158,PWY-7221,2.7755061355928175e-06,9.178261030399528e-10
1600,PWY3O-4158,PWY3O-285,8.934468866714847e-06,9.84840042627298e-10
1601,PWY3O-4158,PWY0-662,2.1746701541718508e-06,1.4382739114893193e-09
1602,PWY3O-4158,PWY-5084,1.5300021871662905e-06,5.902786215919331e-10
1603,PWY3O-4158,PWY-7176,2.0505947728016256e-06,1.0171601055563619e-09
1604,PWY3O-4158,PWY-6125,4.211929012645686e-06,9.435324849116678e-10
1605,PWY3O-4158,PWY3O-4108,7.431149638999343e-06,5.609261502867862e-10
1606,PWY3O-4158,PWY3O-981,2.489727583921711e-06,8.233226137307246e-10
1607,PWY3O-4158,PWY3O-31704,3.003412153718524e-06,8.342811538107011e-10
1608,PWY3O-4158,PWY3O-2220,6.471525776814813e-07,9.986922495084588e-10
1609,PWY3O-4158,PWY-2201,1.0310593511316135e-05,1.0452750923880915e-09
1610,PWY3O-4158,PWY3O-4120,1.6018176706023482e-06,6.741656862804496e-10
1611,PWY3O-4158,PWY-6614,6.548808109593203e-07,7.579639015732874e-10
1612,PWY3O-4158,PWY3O-1,7.51259448196005e-07,1.0434159002722291e-09
1613,PWY3O-4158,PWY3O-214,8.690049092230426e-06,5.975006251533573e-10
1614,PWY3O-4158,PWY3O-50,1.5266732649516766e-06,1.3252372091594416e-09
1615,PWY3O-4158,PWY3O-20,5.103169884300736e-06,1.2013111780368967e-09
1616,PWY3O-4158,PWY3O-4115,8.829275793478038e-06,5.98189416902306e-10
1617,PWY3O-4158,PWY3O-440,8.958342929273324e-07,8.887244969517187e-10
1618,PWY3O-4158,PWY3O-259,9.490344037027785e-07,9.415023846257722e-10
1619,PWY3O-4158,PWY3O-697,7.79880089053951e-06,9.758259372546935e-10
1620,PWY3O-4158,PWY-5760-1,1.1067314379198275e-06,8.090142090057218e-10
1621,PWY3O-4158,PWY-5041,1.3633965802847945e-06,1.2624042410044394e-09
1622,PWY3O-4158,PWY3O-4300,2.3685056226246145e-06,8.656818796142598e-10
1623,PWY3O-4158,PWY3O-1565,4.847062231885835e-06,1.496006861693159e-09
1624,PWY3O-4158,PWY3O-15,2.02004440498285e-06,3.1173524768253855e-09
1625,PWY3O-450,PWY3O-123,5.534930019785533e-08,9.883803606759881e-10
1626,PWY3O-450,PWY3O-4107,1.9860945972895962e-07,1.4603636744776444e-09
1627,PWY3O-450,PWY3O-2,9.231174330000371e-07,1.5806805359589676e-09
1628,PWY3O-450,PWY3O-4153,4.4968002008955066e-07,1.6532353679762892e-09
1629,PWY3O-450,PWY-6074-1,1.5600773243263908e-07,1.7728151412799896e-09
1630,PWY3O-450,PWY-6123-1,3.158480216275504e-07,1.012333402652405e-09
1631,PWY3O-450,PWY3O-10,2.3156139841918824e-06,3.2161305335998365e-09
1632,PWY3O-450,PWY3O-13,9.993808907929887e-07,9.18548612861203e-10
1633,PWY3O-450,PWY3O-8514,6.128307027973023e-07,1.4185895898085703e-09
1634,PWY3O-450,PWY3O-6336,2.3285615423601555e-06,3.1638064434241244e-09
1635,PWY3O-450,PWY-5694,1.1217454214307702e-07,4.83510957513263e-10
1636,PWY3O-450,PWY-6126-1,1.1597294976140286e-06,2.787811292341415e-09
1637,PWY3O-450,PWY0-162,1.1366191161997132e-06,1.6913974943448114e-09
1638,PWY3O-450,PWY3O-4109,2.314563888683309e-06,1.3909638754106424e-09
1639,PWY3O-450,PWY3O-4112,2.213945708017007e-06,1.4265114098047727e-09
1640,PWY3O-450,PWY-7220-1,6.662674108415494e-07,2.3134285098664907e-09
1641,PWY3O-450,PWY3O-4105,2.2125379339064314e-06,1.3968042512035551e-09
1642,PWY3O-450,PWY3O-69,7.298628020189878e-07,2.851026570386671e-09
1643,PWY3O-450,PWY-7222-1,6.662674108415494e-07,2.3134285098664907e-09
1644,PWY3O-450,PWY-821-1,6.677472636381454e-07,1.5748756217880787e-09
1645,PWY3O-450,PWY-6075-1,4.883364573868008e-07,2.347771429744235e-09
1646,PWY3O-450,PWY3O-4031,6.134681444348749e-07,8.071949268879932e-10
1647,PWY3O-450,PWY-6482-1,3.447178090471834e-07,1.2673448862028803e-09
1648,PWY3O-450,PWY3O-954,1.977661832184796e-07,1.9015979155623038e-09
1649,PWY3O-450,PWY-5653,1.8011306440977322e-07,1.3243607677189207e-09
1650,PWY3O-450,PWY-7219,4.934623582552891e-07,3.855174673869446e-09
1651,PWY3O-450,PWY-7221,1.3332196370709934e-06,3.967915586520813e-09
1652,PWY3O-450,PWY3O-285,2.6344488257582606e-06,2.613540501744306e-09
1653,PWY3O-450,PWY0-662,3.1567410295247804e-07,1.8790125175742744e-09
1654,PWY3O-450,PWY-5084,2.631504594685231e-07,9.13716873154594e-10
1655,PWY3O-450,PWY-7176,2.5527396264114434e-07,1.1396159046479659e-09
1656,PWY3O-450,PWY-6125,1.6693191564481822e-06,3.365562815419722e-09
1657,PWY3O-450,PWY3O-4108,2.1935204273337013e-06,1.4901633337864818e-09
1658,PWY3O-450,PWY3O-981,3.5069317962775186e-07,1.043729701273071e-09
1659,PWY3O-450,PWY3O-31704,9.19848915710619e-07,2.2996222892765475e-09
1660,PWY3O-450,PWY3O-2220,1.1672613809496299e-07,1.6211963624300416e-09
1661,PWY3O-450,PWY-2201,1.7678089118851108e-06,1.6129643356615974e-09
1662,PWY3O-450,PWY3O-4120,4.2295022985406146e-07,1.602084203992657e-09
1663,PWY3O-450,PWY-6614,1.748155524700965e-07,1.820995338230172e-09
1664,PWY3O-450,PWY3O-1,1.3070149624604933e-07,1.6337687030756166e-09
1665,PWY3O-450,PWY3O-214,2.3037586013677118e-06,1.4255931939156633e-09
1666,PWY3O-450,PWY3O-50,4.336769568315526e-07,3.3881012252465047e-09
1667,PWY3O-450,PWY3O-20,8.11211811547811e-07,1.7186690922623114e-09
1668,PWY3O-450,PWY3O-4115,2.335752850510776e-06,1.4242395429943757e-09
1669,PWY3O-450,PWY3O-440,1.006187236319215e-07,8.983814609992992e-10
1670,PWY3O-450,PWY3O-259,2.443969020576882e-07,2.182115196943645e-09
1671,PWY3O-450,PWY3O-697,1.5760139082313222e-06,1.7747904371974349e-09
1672,PWY3O-450,PWY-5760-1,2.5732694958472515e-07,1.6929404577942444e-09
1673,PWY3O-450,PWY-5041,1.5716844021855848e-07,1.3097370018213205e-09
1674,PWY3O-450,PWY3O-4300,4.7339397566090736e-07,1.5572170252003533e-09
1675,PWY3O-450,PWY3O-1565,4.3221312152073883e-07,1.2005920042242746e-09
1676,PWY3O-450,PWY3O-15,2.8844403776910273e-07,4.006167191237538e-09
1677,PWY3O-123,PWY3O-4107,8.203497871865974e-08,6.893695690643674e-10
1678,PWY3O-123,PWY3O-2,4.957264909542455e-07,9.701105498126137e-10
1679,PWY3O-123,PWY3O-4153,1.0340702176603254e-07,4.344832847312292e-10
1680,PWY3O-123,PWY-6074-1,5.0964407416985664e-08,6.618754209998138e-10
1681,PWY3O-123,PWY-6123-1,2.2032160286639587e-07,8.070388383384465e-10
1682,PWY3O-123,PWY3O-10,1.7907883028436643e-06,2.842521115624864e-09
1683,PWY3O-123,PWY3O-13,1.424906711999629e-06,1.49675074789877e-09
1684,PWY3O-123,PWY3O-8514,1.3930987000641346e-06,3.6854462964659647e-09
1685,PWY3O-123,PWY3O-6336,1.7980045874127928e-06,2.7919325891502995e-09
1686,PWY3O-123,PWY-5694,1.5868455293794765e-07,7.816973051130426e-10
1687,PWY3O-123,PWY-6126-1,2.6181077664019756e-07,7.192603753851581e-10
1688,PWY3O-123,PWY0-162,5.950999568726491e-07,1.0120747565861378e-09
1689,PWY3O-123,PWY3O-4109,1.2035291767442476e-06,8.265997093023677e-10
1690,PWY3O-123,PWY3O-4112,1.1071415805748372e-06,8.1527362339826e-10
1691,PWY3O-123,PWY-7220-1,1.2618154500918872e-07,5.007204167031298e-10
1692,PWY3O-123,PWY3O-4105,1.1399552327087888e-06,8.224785228779139e-10
1693,PWY3O-123,PWY3O-69,2.3534598756249174e-07,1.0506517301896952e-09
1694,PWY3O-123,PWY-7222-1,1.2618154500918872e-07,5.007204167031298e-10
1695,PWY3O-123,PWY-821-1,5.635610522724375e-07,1.5190324859095352e-09
1696,PWY3O-123,PWY-6075-1,1.8017869537905907e-07,9.899928317530718e-10
1697,PWY3O-123,PWY3O-4031,3.6963657139338764e-07,5.558444682607333e-10
1698,PWY3O-123,PWY-6482-1,2.6400722528111847e-07,1.1092740558030189e-09
1699,PWY3O-123,PWY3O-954,1.8271173180119074e-07,2.0078212285845137e-09
1700,PWY3O-123,PWY-5653,1.0290525366269212e-07,8.647500307789253e-10
1701,PWY3O-123,PWY-7219,1.356292146633332e-07,1.2109751309226177e-09
1702,PWY3O-123,PWY-7221,3.101906592233923e-07,1.0550702694673206e-09
1703,PWY3O-123,PWY3O-285,7.384956160193103e-07,8.372966168019391e-10
1704,PWY3O-123,PWY0-662,1.345921079104445e-07,9.155925708193502e-10
1705,PWY3O-123,PWY-5084,1.4416186847448974e-07,5.720709066448005e-10
1706,PWY3O-123,PWY-7176,1.0147179049123245e-07,5.177132167920022e-10
1707,PWY3O-123,PWY-6125,3.902230789304044e-07,8.991315182728213e-10
1708,PWY3O-123,PWY3O-4108,8.238109215296175e-07,6.396047527403863e-10
1709,PWY3O-123,PWY3O-981,2.8210767988978654e-07,9.595499315979133e-10
1710,PWY3O-123,PWY3O-31704,3.123380203787538e-07,8.923943439392967e-10
1711,PWY3O-123,PWY3O-2220,2.537509313520224e-08,4.0277925611432134e-10
1712,PWY3O-123,PWY-2201,6.310440094164979e-07,6.580229503821667e-10
1713,PWY3O-123,PWY3O-4120,9.967752666545684e-08,4.3150444443920707e-10
1714,PWY3O-123,PWY-6614,5.7181160150878894e-08,6.807280970342724e-10
1715,PWY3O-123,PWY3O-1,2.7702795230857054e-08,3.957542175836722e-10
1716,PWY3O-123,PWY3O-214,1.0888688192202804e-06,7.700628141586142e-10
1717,PWY3O-123,PWY3O-50,1.6610618031739085e-07,1.4830908956909897e-09
1718,PWY3O-123,PWY3O-20,2.9262799509339917e-07,7.085423610009665e-10
1719,PWY3O-123,PWY3O-4115,1.1110079708822894e-06,7.742215824963688e-10
1720,PWY3O-123,PWY3O-440,9.638639146444152e-08,9.835346067800155e-10
1721,PWY3O-123,PWY3O-259,4.794714746810134e-08,4.892566068173606e-10
1722,PWY3O-123,PWY3O-697,4.3359639430772396e-07,5.580391175131583e-10
1723,PWY3O-123,PWY-5760-1,8.603981677530728e-08,6.469159156038142e-10
1724,PWY3O-123,PWY-5041,1.518783431531263e-07,1.4464604109821553e-09
1725,PWY3O-123,PWY3O-4300,2.692206623881139e-07,1.012107753338774e-09
1726,PWY3O-123,PWY3O-1565,3.188965360349209e-07,1.0123699556664156e-09
1727,PWY3O-123,PWY3O-15,7.776142358326869e-08,1.2343083108455349e-09
1728,PWY3O-4107,PWY3O-2,1.4259008820493693e-06,1.1489934585409906e-09
1729,PWY3O-4107,PWY3O-4153,4.528176826646119e-07,7.834215963055569e-10
1730,PWY3O-4107,PWY-6074-1,1.6375893994326327e-07,8.757162563810869e-10
1731,PWY3O-4107,PWY-6123-1,6.240272647126231e-07,9.412175938350273e-10
1732,PWY3O-4107,PWY3O-10,2.2679987499103594e-06,1.4823521241244178e-09
1733,PWY3O-4107,PWY3O-13,3.045392083574191e-06,1.3172111088123664e-09
1734,PWY3O-4107,PWY3O-8514,1.0294795112161426e-06,1.121437376052443e-09
1735,PWY3O-4107,PWY3O-6336,2.3552773512309366e-06,1.5059318102499595e-09
1736,PWY3O-4107,PWY-5694,4.243534226922207e-07,8.607574496799609e-10
1737,PWY3O-4107,PWY-6126-1,8.211180835385266e-07,9.288666103376999e-10
1738,PWY3O-4107,PWY0-162,8.736939874633814e-07,6.118305234337405e-10
1739,PWY3O-4107,PWY3O-4109,1.9007171222158292e-06,5.375331227985942e-10
1740,PWY3O-4107,PWY3O-4112,1.7598708902659454e-06,5.336176137859143e-10
1741,PWY3O-4107,PWY-7220-1,5.267976306730528e-07,8.607804422762301e-10
1742,PWY3O-4107,PWY3O-4105,1.817239280233418e-06,5.398809507526495e-10
1743,PWY3O-4107,PWY3O-69,2.85301081279249e-07,5.24450517057443e-10
1744,PWY3O-4107,PWY-7222-1,5.267976306730528e-07,8.607804422762301e-10
1745,PWY3O-4107,PWY-821-1,8.972601206447645e-07,9.95849190504733e-10
1746,PWY3O-4107,PWY-6075-1,4.0833933044507174e-07,9.238446390159994e-10
1747,PWY3O-4107,PWY3O-4031,1.2313144921445074e-06,7.624238341452058e-10
1748,PWY3O-4107,PWY-6482-1,1.4056086279428993e-06,2.431848837271452e-09
1749,PWY3O-4107,PWY3O-954,1.3460021845938932e-07,6.090507622596802e-10
1750,PWY3O-4107,PWY-5653,2.787295174805326e-07,9.644619982025349e-10
1751,PWY3O-4107,PWY-7219,2.9432021531801523e-07,1.0820596151397618e-09
1752,PWY3O-4107,PWY-7221,4.881295535503295e-07,6.836548369052233e-10
1753,PWY3O-4107,PWY3O-285,1.9428327934764303e-06,9.07018110866681e-10
1754,PWY3O-4107,PWY0-662,3.7222726397726523e-07,1.0426534004965412e-09
1755,PWY3O-4107,PWY-5084,4.4842159545975403e-07,7.32715025261036e-10
1756,PWY3O-4107,PWY-7176,1.7394760495926961e-07,3.6543614487241517e-10
1757,PWY3O-4107,PWY-6125,8.574830701790774e-07,8.135512999801493e-10
1758,PWY3O-4107,PWY3O-4108,1.315635016768752e-06,4.2059942991328394e-10
1759,PWY3O-4107,PWY3O-981,7.09525413895377e-07,9.937330726826008e-10
1760,PWY3O-4107,PWY3O-31704,6.864521577553112e-07,8.075907738297778e-10
1761,PWY3O-4107,PWY3O-2220,1.3924947186828786e-07,9.101272671129925e-10
1762,PWY3O-4107,PWY-2201,1.4944839554097215e-06,6.416848241347022e-10
1763,PWY3O-4107,PWY3O-4120,1.9712025774309874e-07,3.513730084547214e-10
1764,PWY3O-4107,PWY-6614,1.657663517101373e-07,8.125801554418496e-10
1765,PWY3O-4107,PWY3O-1,1.5141366638868424e-07,8.906686258157897e-10
1766,PWY3O-4107,PWY3O-214,1.571383904650411e-06,4.5759577887315405e-10
1767,PWY3O-4107,PWY3O-50,1.6478163265571548e-07,6.058148259401306e-10
1768,PWY3O-4107,PWY3O-20,6.266168034945587e-07,6.24742575767257e-10
1769,PWY3O-4107,PWY3O-4115,1.59956531347027e-06,4.58985742746132e-10
1770,PWY3O-4107,PWY3O-440,1.4084519692167112e-07,5.917865416876938e-10
1771,PWY3O-4107,PWY3O-259,2.072281226878178e-07,8.70706397847974e-10
1772,PWY3O-4107,PWY3O-697,1.3081479280967793e-06,6.932421452553149e-10
1773,PWY3O-4107,PWY-5760-1,2.13900169061537e-07,6.62229625577514e-10
1774,PWY3O-4107,PWY-5041,1.8850269768315565e-07,7.392262654241398e-10
1775,PWY3O-4107,PWY3O-4300,6.456984478811203e-07,9.99533201054366e-10
1776,PWY3O-4107,PWY3O-1565,1.9417533099536889e-07,2.538239620854495e-10
1777,PWY3O-4107,PWY3O-15,1.132031311228061e-07,7.398897459006934e-10
1778,PWY3O-2,PWY3O-4153,1.75561241091034e-06,7.073377964989283e-10
1779,PWY3O-2,PWY-6074-1,9.110540264728046e-07,1.1345629221330068e-09
1780,PWY3O-2,PWY-6123-1,3.057434518054361e-06,1.0739144777149144e-09
1781,PWY3O-2,PWY3O-10,7.512376752746535e-06,1.1434363398396551e-09
1782,PWY3O-2,PWY3O-13,9.629977419524578e-06,9.699816095411542e-10
1783,PWY3O-2,PWY3O-8514,2.927166749532429e-06,7.425587898357252e-10
1784,PWY3O-2,PWY3O-6336,7.5922469954100015e-06,1.130471559769208e-09
1785,PWY3O-2,PWY-5694,1.6943262525136475e-06,8.003430573989832e-10
1786,PWY3O-2,PWY-6126-1,3.5661867881614735e-06,9.394591117390605e-10
1787,PWY3O-2,PWY0-162,1.1994825082769018e-05,1.956103242460701e-09
1788,PWY3O-2,PWY3O-4109,1.678458326611332e-05,1.1054124911823841e-09
1789,PWY3O-2,PWY3O-4112,1.5664889338470676e-05,1.1061212638377825e-09
1790,PWY3O-2,PWY-7220-1,2.166745163727559e-06,8.244844610835461e-10
1791,PWY3O-2,PWY3O-4105,1.6009150174078148e-05,1.1075930658695273e-09
1792,PWY3O-2,PWY3O-69,4.3492056528700066e-06,1.8618174883861327e-09
1793,PWY3O-2,PWY-7222-1,2.166745163727559e-06,8.244844610835461e-10
1794,PWY3O-2,PWY-821-1,4.056217332217208e-06,1.0483890752693741e-09
1795,PWY3O-2,PWY-6075-1,1.898275541565272e-06,1.0001451746919243e-09
1796,PWY3O-2,PWY3O-4031,5.0959055472742605e-06,7.34809740053967e-10
1797,PWY3O-2,PWY-6482-1,2.5494996826877643e-06,1.0271956819854005e-09
1798,PWY3O-2,PWY3O-954,1.0538746850281634e-06,1.1105107323795187e-09
1799,PWY3O-2,PWY-5653,1.407078843099745e-06,1.133826626188352e-09
1800,PWY3O-2,PWY-7219,1.39944067424408e-06,1.198151262195274e-09
1801,PWY3O-2,PWY-7221,4.454931103896969e-06,1.4530107970962064e-09
1802,PWY3O-2,PWY3O-285,1.1140116838389612e-05,1.2111455575548611e-09
1803,PWY3O-2,PWY0-662,1.7219493569350107e-06,1.1232546359654344e-09
1804,PWY3O-2,PWY-5084,1.8338371962631905e-06,6.978071523071501e-10
1805,PWY3O-2,PWY-7176,1.9814187809845197e-06,9.693829652566143e-10
1806,PWY3O-2,PWY-6125,6.129108309486353e-06,1.3541998032448857e-09
1807,PWY3O-2,PWY3O-4108,1.206552137832139e-05,8.982669281061189e-10
1808,PWY3O-2,PWY3O-981,3.0373879558908224e-06,9.906679569115533e-10
1809,PWY3O-2,PWY3O-31704,3.907839216931724e-06,1.070640881351157e-09
1810,PWY3O-2,PWY3O-2220,5.378733488026306e-07,8.186808961988289e-10
1811,PWY3O-2,PWY-2201,8.85733191298114e-06,8.856446268354305e-10
1812,PWY3O-2,PWY3O-4120,1.1913374267186494e-06,4.945360841505393e-10
1813,PWY3O-2,PWY-6614,6.487913157925531e-07,7.406293559275722e-10
1814,PWY3O-2,PWY3O-1,7.118036297650954e-07,9.750734654316376e-10
1815,PWY3O-2,PWY3O-214,1.3745326694042168e-05,9.32139339077863e-10
1816,PWY3O-2,PWY3O-50,3.330369217990564e-06,2.851343508553565e-09
1817,PWY3O-2,PWY3O-20,3.879599575049147e-06,9.00766095901822e-10
1818,PWY3O-2,PWY3O-4115,1.407671381480565e-05,9.406424199669663e-10
1819,PWY3O-2,PWY3O-440,1.119693520418429e-06,1.0955905287851556e-09
1820,PWY3O-2,PWY3O-259,7.461395538846851e-07,7.300778413744472e-10
1821,PWY3O-2,PWY3O-697,7.491049063203224e-06,9.244784725661142e-10
1822,PWY3O-2,PWY-5760-1,1.4808982768968507e-06,1.0676988297742255e-09
1823,PWY3O-2,PWY-5041,8.751439771508919e-07,7.992182439734173e-10
1824,PWY3O-2,PWY3O-4300,2.549247203674586e-06,9.189788044969668e-10
1825,PWY3O-2,PWY3O-1565,2.6488618481342067e-06,8.063506387014329e-10
1826,PWY3O-2,PWY3O-15,7.78466505211244e-07,1.1848805254356834e-09
1827,PWY3O-4153,PWY-6074-1,2.659954635745455e-07,7.112178170442393e-10
1828,PWY3O-4153,PWY-6123-1,7.184533297100273e-07,5.418200073227959e-10
1829,PWY3O-4153,PWY3O-10,2.071869523197012e-06,6.770815435284352e-10
1830,PWY3O-4153,PWY3O-13,5.983023952461451e-06,1.2939065641136357e-09
1831,PWY3O-4153,PWY3O-8514,9.340471273132565e-07,5.087402654211637e-10
1832,PWY3O-4153,PWY3O-6336,2.1275954421647767e-06,6.80177571024545e-10
1833,PWY3O-4153,PWY-5694,6.746815454385225e-07,6.842612022703067e-10
1834,PWY3O-4153,PWY-6126-1,1.034763313273921e-06,5.852733672363807e-10
1835,PWY3O-4153,PWY0-162,2.3742871205435852e-06,8.313330254004151e-10
1836,PWY3O-4153,PWY3O-4109,3.890172473079497e-06,5.500809492476663e-10
1837,PWY3O-4153,PWY3O-4112,3.4652554520739878e-06,5.253571031040006e-10
1838,PWY3O-4153,PWY-7220-1,6.191153941043653e-07,5.058132304774226e-10
1839,PWY3O-4153,PWY3O-4105,3.704600126910716e-06,5.502971073842418e-10
1840,PWY3O-4153,PWY3O-69,1.5133811950976795e-06,1.3909753631412493e-09
1841,PWY3O-4153,PWY-7222-1,6.191153941043653e-07,5.058132304774226e-10
1842,PWY3O-4153,PWY-821-1,1.2134658548096685e-06,6.733994754770636e-10
1843,PWY3O-4153,PWY-6075-1,5.164040809739735e-07,5.841675124139971e-10
1844,PWY3O-4153,PWY3O-4031,2.474114336043334e-06,7.659796706016513e-10
1845,PWY3O-4153,PWY-6482-1,4.6293510041070325e-07,4.0046288962863606e-10
1846,PWY3O-4153,PWY3O-954,2.794206448437567e-07,6.321734046238838e-10
1847,PWY3O-4153,PWY-5653,4.4630338477110223e-07,7.721511847250904e-10
1848,PWY3O-4153,PWY-7219,4.1564849607052665e-07,7.640597354237623e-10
1849,PWY3O-4153,PWY-7221,3.954388066736081e-07,2.769179318442634e-10
1850,PWY3O-4153,PWY3O-285,2.296523855967512e-06,5.360699943901756e-10
1851,PWY3O-4153,PWY0-662,4.0585220855315917e-07,5.684204601584861e-10
1852,PWY3O-4153,PWY-5084,3.6511797757057637e-07,2.982990012831506e-10
1853,PWY3O-4153,PWY-7176,5.439008101473426e-07,5.713243804068725e-10
1854,PWY3O-4153,PWY-6125,7.819250604675704e-07,3.7093219187266144e-10
1855,PWY3O-4153,PWY3O-4108,2.495394516094917e-06,3.988801975855047e-10
1856,PWY3O-4153,PWY3O-981,1.951536532360831e-06,1.3666222215411983e-09
1857,PWY3O-4153,PWY3O-31704,1.1413407452289552e-06,6.713769089582089e-10
1858,PWY3O-4153,PWY3O-2220,1.417372639833873e-07,4.631936731483245e-10
1859,PWY3O-4153,PWY-2201,6.660639073272715e-06,1.4299353957219225e-09
1860,PWY3O-4153,PWY3O-4120,3.772173216347653e-07,3.3620082142135946e-10
1861,PWY3O-4153,PWY-6614,2.953189327048209e-07,7.238209134922081e-10
1862,PWY3O-4153,PWY3O-1,3.2711710338845736e-07,9.6210912761311e-10
1863,PWY3O-4153,PWY3O-214,2.646966898121321e-06,3.854057801574434e-10
1864,PWY3O-4153,PWY3O-50,7.782622143968174e-07,1.4306290705823852e-09
1865,PWY3O-4153,PWY3O-20,3.2787983434278443e-06,1.6344956846599421e-09
1866,PWY3O-4153,PWY3O-4115,2.7375039718673513e-06,3.927552326925899e-10
1867,PWY3O-4153,PWY3O-440,4.24916613781294e-07,8.926819617254076e-10
1868,PWY3O-4153,PWY3O-259,2.630132079404587e-07,5.525487561774343e-10
1869,PWY3O-4153,PWY3O-697,4.94559094510598e-06,1.3104374523333281e-09
1870,PWY3O-4153,PWY-5760-1,6.018764392897898e-07,9.31697274442399e-10
1871,PWY3O-4153,PWY-5041,3.7722183503647935e-07,7.396506569342733e-10
1872,PWY3O-4153,PWY3O-4300,1.8847518968744566e-06,1.4587862978904462e-09
1873,PWY3O-4153,PWY3O-1565,1.4042607157918995e-06,9.178174613018951e-10
1874,PWY3O-4153,PWY3O-15,2.4884923710721584e-07,8.132328010039734e-10
1875,PWY-6074-1,PWY-6123-1,5.370498396342441e-07,1.2518644280518513e-09
1876,PWY-6074-1,PWY3O-10,7.978558074920895e-07,8.059149570627167e-10
1877,PWY-6074-1,PWY3O-13,1.5959684377223152e-06,1.0668238220068952e-09
1878,PWY-6074-1,PWY3O-8514,5.152758662868602e-07,8.674677883617175e-10
1879,PWY-6074-1,PWY3O-6336,8.517556652099731e-07,8.416557956620288e-10
1880,PWY-6074-1,PWY-5694,1.3568649753621557e-07,4.253495220571021e-10
1881,PWY-6074-1,PWY-6126-1,8.353834192659044e-07,1.4604605231921406e-09
1882,PWY-6074-1,PWY0-162,8.876554660558132e-07,9.606660888049925e-10
1883,PWY-6074-1,PWY3O-4109,1.971570334832306e-06,8.61700321167966e-10
1884,PWY-6074-1,PWY3O-4112,1.751342393535315e-06,8.206852828187981e-10
1885,PWY-6074-1,PWY-7220-1,5.697478740265427e-07,1.4387572576427848e-09
1886,PWY-6074-1,PWY3O-4105,1.840342467353272e-06,8.449689932751479e-10
1887,PWY-6074-1,PWY3O-69,2.989338620596319e-07,8.492439263057725e-10
1888,PWY-6074-1,PWY-7222-1,5.697478740265427e-07,1.4387572576427848e-09
1889,PWY-6074-1,PWY-821-1,6.591403083754628e-07,1.1306008719990786e-09
1890,PWY-6074-1,PWY-6075-1,3.4829968536989287e-07,1.2178310677268983e-09
1891,PWY-6074-1,PWY3O-4031,9.387756112834478e-07,8.983498672568879e-10
1892,PWY-6074-1,PWY-6482-1,3.3342955381282945e-07,8.91522871157298e-10
1893,PWY-6074-1,PWY3O-954,1.2104190032345085e-07,8.464468554087472e-10
1894,PWY-6074-1,PWY-5653,1.0008569258625711e-07,5.352176074131396e-10
1895,PWY-6074-1,PWY-7219,2.6563563007773975e-07,1.5092933527144303e-09
1896,PWY-6074-1,PWY-7221,5.02827429264531e-07,1.0883710590141362e-09
1897,PWY-6074-1,PWY3O-285,1.7368576996975632e-06,1.2531440834758752e-09
1898,PWY-6074-1,PWY0-662,5.321333198828673e-07,2.303607445380378e-09
1899,PWY-6074-1,PWY-5084,5.918951023021452e-07,1.4946846017730942e-09
1900,PWY-6074-1,PWY-7176,2.065911561451626e-07,6.707505069648136e-10
1901,PWY-6074-1,PWY-6125,7.993812015300412e-07,1.1721131987244004e-09
1902,PWY-6074-1,PWY3O-4108,1.1081468135490797e-06,5.475033663780038e-10
1903,PWY-6074-1,PWY3O-981,6.954488944622632e-07,1.505300637364206e-09
1904,PWY-6074-1,PWY3O-31704,5.775540907415166e-07,1.0500983468027575e-09
1905,PWY-6074-1,PWY3O-2220,8.509425063237128e-08,8.595378851754675e-10
1906,PWY-6074-1,PWY-2201,2.218727741971445e-06,1.4722811824628036e-09
1907,PWY-6074-1,PWY3O-4120,1.6427579231022703e-07,4.5255039203919293e-10
1908,PWY-6074-1,PWY-6614,2.614605807831421e-07,1.9807619756298644e-09
1909,PWY-6074-1,PWY3O-1,1.0032265466008372e-07,9.120241332734883e-10
1910,PWY-6074-1,PWY3O-214,1.3640447454933567e-06,6.13881523624373e-10
1911,PWY-6074-1,PWY3O-50,2.1919902144758746e-07,1.2454489854976558e-09
1912,PWY-6074-1,PWY3O-20,1.1179930878388143e-06,1.7226395806453226e-09
1913,PWY-6074-1,PWY3O-4115,1.3778580623423024e-06,6.110235309721962e-10
1914,PWY-6074-1,PWY3O-440,2.2022709291321022e-07,1.4300460578779884e-09
1915,PWY-6074-1,PWY3O-259,9.452992413985467e-08,6.138306762328226e-10
1916,PWY-6074-1,PWY3O-697,2.0269775329812848e-06,1.6600962596079319e-09
1917,PWY-6074-1,PWY-5760-1,1.3327023265767878e-07,6.376566155869798e-10
1918,PWY-6074-1,PWY-5041,1.4041026449258534e-07,8.509712999550626e-10
1919,PWY-6074-1,PWY3O-4300,8.343492055017083e-07,1.996050730865331e-09
1920,PWY-6074-1,PWY3O-1565,2.6527001060354864e-07,5.358990113203002e-10
1921,PWY-6074-1,PWY3O-15,2.687856790560013e-07,2.7150068591515275e-09
1922,PWY-6123-1,PWY3O-10,4.3592260833822715e-06,1.2419447531003625e-09
1923,PWY-6123-1,PWY3O-13,4.613791713437117e-06,8.698702325484761e-10
1924,PWY-6123-1,PWY3O-8514,1.7132666579683747e-06,8.135169316089149e-10
1925,PWY-6123-1,PWY3O-6336,4.39152385030677e-06,1.223947561400995e-09
1926,PWY-6123-1,PWY-5694,3.611243296959981e-07,3.192964895632167e-10
1927,PWY-6123-1,PWY-6126-1,1.6141319951166022e-06,7.959230745150899e-10
1928,PWY-6123-1,PWY0-162,5.658895196102627e-06,1.7273794859898128e-09
1929,PWY-6123-1,PWY3O-4109,6.2227590195787705e-06,7.671054018218405e-10
1930,PWY-6123-1,PWY3O-4112,5.6552692716940155e-06,7.474582701155189e-10
1931,PWY-6123-1,PWY-7220-1,1.2342197654343208e-06,8.790739070045019e-10
1932,PWY-6123-1,PWY3O-4105,5.804102120686032e-06,7.516319762608174e-10
1933,PWY-6123-1,PWY3O-69,3.0078639288347565e-06,2.410147378874003e-09
1934,PWY-6123-1,PWY-7222-1,1.2342197654343208e-06,8.790739070045019e-10
1935,PWY-6123-1,PWY-821-1,4.02541353519542e-06,1.9474666353146683e-09
1936,PWY-6123-1,PWY-6075-1,9.061209123346745e-07,8.936103671939592e-10
1937,PWY-6123-1,PWY3O-4031,3.0533628188719453e-06,8.24119519263683e-10
1938,PWY-6123-1,PWY-6482-1,1.2869216373829548e-06,9.705291382978543e-10
1939,PWY-6123-1,PWY3O-954,1.4350208040812994e-06,2.830415787142602e-09
1940,PWY-6123-1,PWY-5653,6.621377500792267e-07,9.986994722160282e-10
1941,PWY-6123-1,PWY-7219,3.7991256903579373e-07,6.088342452496695e-10
1942,PWY-6123-1,PWY-7221,1.2569496636906048e-06,7.673685370516513e-10
1943,PWY-6123-1,PWY3O-285,5.054551656778152e-06,1.0286022907566447e-09
1944,PWY-6123-1,PWY0-662,9.414236546109103e-07,1.1494794317593532e-09
1945,PWY-6123-1,PWY-5084,9.171756244818387e-07,6.532589917961814e-10
1946,PWY-6123-1,PWY-7176,1.471504021485548e-06,1.3475311552065458e-09
1947,PWY-6123-1,PWY-6125,2.4000198901598307e-06,9.925640571380606e-10
1948,PWY-6123-1,PWY3O-4108,3.723398682597287e-06,5.188682668056419e-10
1949,PWY-6123-1,PWY3O-981,1.0090836864177076e-06,6.160462066042171e-10
1950,PWY-6123-1,PWY3O-31704,1.9927674411440695e-06,1.021932021099523e-09
1951,PWY-6123-1,PWY3O-2220,5.364460279297442e-07,1.528336261908103e-09
1952,PWY-6123-1,PWY-2201,3.7875237367367796e-06,7.088758631362118e-10
1953,PWY-6123-1,PWY3O-4120,4.364950162686955e-07,3.3915696679774323e-10
1954,PWY-6123-1,PWY-6614,2.0346879841350774e-07,4.3476238977245244e-10
1955,PWY-6123-1,PWY3O-1,8.740064641775407e-07,2.241042215839848e-09
1956,PWY-6123-1,PWY3O-214,4.530944933246246e-06,5.751389861952584e-10
1957,PWY-6123-1,PWY3O-50,1.903542986783756e-06,3.050549658307301e-09
1958,PWY-6123-1,PWY3O-20,1.956827460842369e-06,8.504247982800385e-10
1959,PWY-6123-1,PWY3O-4115,4.607046994508731e-06,5.762410249541877e-10
1960,PWY-6123-1,PWY3O-440,5.674889673716762e-07,1.0393570830983082e-09
1961,PWY-6123-1,PWY3O-259,3.855367087310941e-07,7.06111188152187e-10
1962,PWY-6123-1,PWY3O-697,3.4579745545961104e-06,7.987929209046225e-10
1963,PWY-6123-1,PWY-5760-1,5.178017423498816e-07,6.987877764505824e-10
1964,PWY-6123-1,PWY-5041,1.1742741891527615e-06,2.0073063062440368e-09
1965,PWY-6123-1,PWY3O-4300,1.5128971412476829e-06,1.0208482734464799e-09
1966,PWY-6123-1,PWY3O-1565,7.642529548298487e-07,4.354717691338169e-10
1967,PWY-6123-1,PWY3O-15,5.886267207541321e-07,1.6769992044277269e-09
1968,PWY3O-10,PWY3O-13,2.023843969796653e-05,1.6534672955855007e-09
1969,PWY3O-10,PWY3O-8514,1.9616371860434134e-06,4.0362905062621676e-10
1970,PWY3O-10,PWY3O-6336,6.587217090309258e-06,7.955576196025674e-10
1971,PWY3O-10,PWY-5694,2.1333901070000262e-06,8.173908455938797e-10
1972,PWY3O-10,PWY-6126-1,4.566640036053445e-06,9.757777854815054e-10
1973,PWY3O-10,PWY0-162,1.2799259054485639e-05,1.6930236844557722e-09
1974,PWY3O-10,PWY3O-4109,2.3916686445557636e-05,1.2776007716644037e-09
1975,PWY3O-10,PWY3O-4112,2.273166832420431e-05,1.3019283118100978e-09
1976,PWY3O-10,PWY-7220-1,2.178438064090023e-06,6.723574271882787e-10
1977,PWY3O-10,PWY3O-4105,2.157913257808619e-05,1.2109502007904709e-09
1978,PWY3O-10,PWY3O-69,3.2915344164872295e-06,1.1428938946136213e-09
1979,PWY3O-10,PWY-7222-1,2.178438064090023e-06,6.723574271882787e-10
1980,PWY3O-10,PWY-821-1,8.802789930547214e-06,1.8454486227562294e-09
1981,PWY3O-10,PWY-6075-1,1.243009700110855e-06,5.312007265431005e-10
1982,PWY3O-10,PWY3O-4031,3.678568726203615e-06,4.3024195628112454e-10
1983,PWY3O-10,PWY-6482-1,3.554931110864304e-06,1.1617421930929098e-09
1984,PWY3O-10,PWY3O-954,1.7908860366552173e-06,1.5306718262010404e-09
1985,PWY3O-10,PWY-5653,2.180920502903465e-06,1.4254382371918072e-09
1986,PWY3O-10,PWY-7219,2.3882014289978026e-06,1.6584732145818074e-09
1987,PWY3O-10,PWY-7221,4.9509820507443594e-06,1.3097836113080316e-09
1988,PWY3O-10,PWY3O-285,1.4606689525057084e-05,1.2880678593524765e-09
1989,PWY3O-10,PWY0-662,1.0178892313558094e-06,5.385657308760897e-10
1990,PWY3O-10,PWY-5084,1.3954888347222215e-06,4.3070643046982145e-10
1991,PWY3O-10,PWY-7176,3.224910634565702e-06,1.279726442287977e-09
1992,PWY3O-10,PWY-6125,6.7645230564003366e-06,1.212280117634469e-09
1993,PWY3O-10,PWY3O-4108,1.6842272277279247e-05,1.0170454273719353e-09
1994,PWY3O-10,PWY3O-981,4.776814968900986e-06,1.2637076637304194e-09
1995,PWY3O-10,PWY3O-31704,3.0415763926814818e-06,6.759058650403293e-10
1996,PWY3O-10,PWY3O-2220,8.990040583446606e-07,1.1098815535119266e-09
1997,PWY3O-10,PWY-2201,9.46181119371055e-06,7.673812809173195e-10
1998,PWY3O-10,PWY3O-4120,1.8002044126211615e-06,6.06129431858977e-10
1999,PWY3O-10,PWY-6614,1.9118677356655797e-06,1.7702479033940553e-09
2000,PWY3O-10,PWY3O-1,1.586442648889631e-06,1.7627140543218122e-09
2001,PWY3O-10,PWY3O-214,1.8084379975754313e-05,9.947403727037575e-10
2002,PWY3O-10,PWY3O-50,1.9957122151827187e-06,1.3859112605435547e-09
2003,PWY3O-10,PWY3O-20,5.556277951765854e-06,1.0463800285811402e-09
2004,PWY3O-10,PWY3O-4115,1.8155105591450153e-05,9.840165632222304e-10
2005,PWY3O-10,PWY3O-440,1.1850087551963877e-06,9.404831390447522e-10
2006,PWY3O-10,PWY3O-259,9.896009940502672e-07,7.853976143256089e-10
2007,PWY3O-10,PWY3O-697,8.328591449514612e-06,8.336928377892504e-10
2008,PWY3O-10,PWY-5760-1,7.370109444028391e-07,4.3100055228236205e-10
2009,PWY3O-10,PWY-5041,1.2734137386951117e-06,9.43269436070453e-10
2010,PWY3O-10,PWY3O-4300,3.485186634043332e-06,1.0190604193109157e-09
2011,PWY3O-10,PWY3O-1565,1.3253615671393345e-06,3.272497696640332e-10
2012,PWY3O-10,PWY3O-15,9.834652110644174e-07,1.214154581561009e-09
2013,PWY3O-13,PWY3O-8514,7.083468662953142e-06,9.645246000753188e-10
2014,PWY3O-13,PWY3O-6336,2.0905184104105015e-05,1.6708107500083932e-09
2015,PWY3O-13,PWY-5694,3.3122018598369387e-06,8.398077737923272e-10
2016,PWY3O-13,PWY-6126-1,8.003061841856864e-06,1.1316546722082668e-09
2017,PWY3O-13,PWY0-162,1.878234273316526e-05,1.6441126342056426e-09
2018,PWY3O-13,PWY3O-4109,1.68503364026636e-05,5.956708287140694e-10
2019,PWY3O-13,PWY3O-4112,1.5417875817220767e-05,5.843646079904779e-10
2020,PWY3O-13,PWY-7220-1,6.004220244324785e-06,1.2263521740859444e-09
2021,PWY3O-13,PWY3O-4105,1.4756962861838265e-05,5.480155548811001e-10
2022,PWY3O-13,PWY3O-69,5.966338618966901e-06,1.370941778255262e-09
2023,PWY3O-13,PWY-7222-1,6.004220244324785e-06,1.2263521740859444e-09
2024,PWY3O-13,PWY-821-1,7.034758674240821e-06,9.759654098558298e-10
2025,PWY3O-13,PWY-6075-1,2.909195673450339e-06,8.227363329893492e-10
2026,PWY3O-13,PWY3O-4031,1.152778560343266e-05,8.922434677579458e-10
2027,PWY3O-13,PWY-6482-1,3.5524790781255667e-06,7.682696968264633e-10
2028,PWY3O-13,PWY3O-954,1.885513677638949e-06,1.0664670122392247e-09
2029,PWY3O-13,PWY-5653,1.9467029166725182e-06,8.419995314327502e-10
2030,PWY3O-13,PWY-7219,1.9988422762391037e-06,9.18585604889294e-10
2031,PWY3O-13,PWY-7221,7.745388276594639e-06,1.355985342541078e-09
2032,PWY3O-13,PWY3O-285,1.7470574717540282e-05,1.0195246683905393e-09
2033,PWY3O-13,PWY0-662,3.456900297117459e-06,1.2103992636965892e-09
2034,PWY3O-13,PWY-5084,2.2430667188418228e-06,4.581427121817448e-10
2035,PWY3O-13,PWY-7176,2.5801308166424762e-06,6.775553615132554e-10
2036,PWY3O-13,PWY-6125,9.636340976587908e-06,1.1428298122139361e-09
2037,PWY3O-13,PWY3O-4108,1.1168796282424176e-05,4.463233808513497e-10
2038,PWY3O-13,PWY3O-981,3.4509236030581925e-06,6.041532918519243e-10
2039,PWY3O-13,PWY3O-31704,5.468972337905695e-06,8.04260637927308e-10
2040,PWY3O-13,PWY3O-2220,9.27860101947044e-07,7.580556388456241e-10
2041,PWY3O-13,PWY-2201,1.4708549875319942e-05,7.89424102367966e-10
2042,PWY3O-13,PWY3O-4120,4.9156072976528054e-06,1.0952779183718372e-09
2043,PWY3O-13,PWY-6614,2.3125725622729194e-06,1.4170175013927202e-09
2044,PWY3O-13,PWY3O-1,1.179815696267808e-06,8.675115413733883e-10
2045,PWY3O-13,PWY3O-214,1.3234455772086839e-05,4.817434395780008e-10
2046,PWY3O-13,PWY3O-50,2.371041815034411e-06,1.0896331870562551e-09
2047,PWY3O-13,PWY3O-20,9.10824121255267e-06,1.1351247772373717e-09
2048,PWY3O-13,PWY3O-4115,1.3471971738716288e-05,4.832127596383174e-10
2049,PWY3O-13,PWY3O-440,1.4324047957254015e-06,7.52313443133089e-10
2050,PWY3O-13,PWY3O-259,1.3475624811405886e-06,7.077534039603932e-10
2051,PWY3O-13,PWY3O-697,1.352273142264312e-05,8.957824206838315e-10
2052,PWY3O-13,PWY-5760-1,2.095311113639367e-06,8.108789139471236e-10
2053,PWY3O-13,PWY-5041,2.48154292016978e-06,1.2164426079263627e-09
2054,PWY3O-13,PWY3O-4300,3.1465009694193307e-06,6.088430668381058e-10
2055,PWY3O-13,PWY3O-1565,8.23507159413655e-06,1.3455999336824427e-09
2056,PWY3O-13,PWY3O-15,1.647194936340716e-06,1.3457474970103888e-09
2057,PWY3O-8514,PWY3O-6336,2.2743986856702114e-06,4.5780971933780427e-10
2058,PWY3O-8514,PWY-5694,9.573327508813424e-07,6.113235957096695e-10
2059,PWY3O-8514,PWY-6126-1,3.4095121582063914e-06,1.2142137315549825e-09
2060,PWY3O-8514,PWY0-162,4.093261433106646e-06,9.023944958347985e-10
2061,PWY3O-8514,PWY3O-4109,6.545509729194699e-06,5.827554958328614e-10
2062,PWY3O-8514,PWY3O-4112,5.973307039730618e-06,5.701896754229304e-10
2063,PWY3O-8514,PWY-7220-1,1.6081729474399772e-06,8.27249458559659e-10
2064,PWY3O-8514,PWY3O-4105,4.6655482822417865e-06,4.36358799311802e-10
2065,PWY3O-8514,PWY3O-69,2.2627387704691468e-06,1.30945530698446e-09
2066,PWY3O-8514,PWY-7222-1,1.6081729474399772e-06,8.27249458559659e-10
2067,PWY3O-8514,PWY-821-1,4.652278202495389e-06,1.6255339631360548e-09
2068,PWY3O-8514,PWY-6075-1,5.303813055693775e-07,3.7776446265625186e-10
2069,PWY3O-8514,PWY3O-4031,1.293962544056908e-06,2.5223441404618087e-10
2070,PWY3O-8514,PWY-6482-1,2.83573513992788e-06,1.5445180500696513e-09
2071,PWY3O-8514,PWY3O-954,1.1443828458549427e-06,1.6301749940953597e-09
2072,PWY3O-8514,PWY-5653,1.1216783312413814e-06,1.2218718205243805e-09
2073,PWY3O-8514,PWY-7219,1.8013377176109597e-06,2.0848816176052775e-09
2074,PWY3O-8514,PWY-7221,1.5732884923030472e-06,6.936898114210967e-10
2075,PWY3O-8514,PWY3O-285,6.593212516682405e-06,9.690200641802477e-10
2076,PWY3O-8514,PWY0-662,3.637534370974722e-07,3.207702267173476e-10
2077,PWY3O-8514,PWY-5084,2.9461687815849964e-07,1.5155189205684136e-10
2078,PWY3O-8514,PWY-7176,8.359313394469225e-07,5.528646424913509e-10
2079,PWY3O-8514,PWY-6125,2.9286843384395967e-06,8.747563734885294e-10
2080,PWY3O-8514,PWY3O-4108,4.111360649074995e-06,4.1378428432719347e-10
2081,PWY3O-8514,PWY3O-981,1.7963128422830941e-06,7.920250627350503e-10
2082,PWY3O-8514,PWY3O-31704,1.3094385573748965e-06,4.849772434721839e-10
2083,PWY3O-8514,PWY3O-2220,2.9425967465141447e-07,6.054725815872725e-10
2084,PWY3O-8514,PWY-2201,3.3639665731259048e-06,4.5471297284751344e-10
2085,PWY3O-8514,PWY3O-4120,7.636661447363168e-07,4.2854441343227656e-10
2086,PWY3O-8514,PWY-6614,8.613569262638009e-07,1.329254515839199e-09
2087,PWY3O-8514,PWY3O-1,3.370421076930541e-07,6.241520512834335e-10
2088,PWY3O-8514,PWY3O-214,4.861951435110292e-06,4.457234538971665e-10
2089,PWY3O-8514,PWY3O-50,1.3586768516352216e-06,1.5725426523555803e-09
2090,PWY3O-8514,PWY3O-20,2.1986339417989894e-06,6.900922604516601e-10
2091,PWY3O-8514,PWY3O-4115,4.889652998063708e-06,4.4170307118913346e-10
2092,PWY3O-8514,PWY3O-440,5.722244759595729e-07,7.569106824862075e-10
2093,PWY3O-8514,PWY3O-259,1.837121629232337e-07,2.430055065122139e-10
2094,PWY3O-8514,PWY3O-697,3.4772788827574672e-06,5.801266070666445e-10
2095,PWY3O-8514,PWY-5760-1,2.7271944800332776e-07,2.65808428853146e-10
2096,PWY3O-8514,PWY-5041,6.878251820662238e-07,8.491668914397825e-10
2097,PWY3O-8514,PWY3O-4300,1.8433014942394394e-06,8.982950751654188e-10
2098,PWY3O-8514,PWY3O-1565,5.102465114926317e-07,2.099779882685727e-10
2099,PWY3O-8514,PWY3O-15,4.280085993735948e-07,8.806761303983432e-10
2100,PWY3O-6336,PWY-5694,2.137256293695371e-06,8.010705748483399e-10
2101,PWY3O-6336,PWY-6126-1,4.794976082949984e-06,1.0022943317203143e-09
2102,PWY3O-6336,PWY0-162,1.322485288213615e-05,1.7112904868188601e-09
2103,PWY3O-6336,PWY3O-4109,2.4213043596398098e-05,1.2653137330893654e-09
2104,PWY3O-6336,PWY3O-4112,2.2945357873508413e-05,1.2855982672292927e-09
2105,PWY3O-6336,PWY-7220-1,2.3199335471797085e-06,7.004630275301052e-10
2106,PWY3O-6336,PWY3O-4105,2.186326648689511e-05,1.2002232370934951e-09
2107,PWY3O-6336,PWY3O-69,3.421331976782469e-06,1.1621372203744799e-09
2108,PWY3O-6336,PWY-7222-1,2.3199335471797085e-06,7.004630275301052e-10
2109,PWY3O-6336,PWY-821-1,8.94312482462471e-06,1.8341109156326315e-09
2110,PWY3O-6336,PWY-6075-1,1.2838621618571359e-06,5.367316730171973e-10
2111,PWY3O-6336,PWY3O-4031,3.977646677764585e-06,4.5510831553370534e-10
2112,PWY3O-6336,PWY-6482-1,3.5599565291577895e-06,1.1380935195517228e-09
2113,PWY3O-6336,PWY3O-954,1.799687237868361e-06,1.5047552156089976e-09
2114,PWY3O-6336,PWY-5653,2.293769934344201e-06,1.4666048173556273e-09
2115,PWY3O-6336,PWY-7219,2.4750490513577128e-06,1.6814191924984462e-09
2116,PWY3O-6336,PWY-7221,5.064513989969106e-06,1.31069202638952e-09
2117,PWY3O-6336,PWY3O-285,1.494223359060528e-05,1.289012559576025e-09
2118,PWY3O-6336,PWY0-662,1.1463715931786381e-06,5.933600378771419e-10
2119,PWY3O-6336,PWY-5084,1.4085244890622975e-06,4.2527913317098355e-10
2120,PWY3O-6336,PWY-7176,3.3109587400505484e-06,1.2853100698953992e-09
2121,PWY3O-6336,PWY-6125,6.951766922229481e-06,1.2187529667302737e-09
2122,PWY3O-6336,PWY3O-4108,1.7115692388479495e-05,1.0110876883553579e-09
2123,PWY3O-6336,PWY3O-981,5.081469720342286e-06,1.3150801553680864e-09
2124,PWY3O-6336,PWY3O-31704,3.1576388231770176e-06,6.864432224297863e-10
2125,PWY3O-6336,PWY3O-2220,9.211113107765099e-07,1.1124532738846737e-09
2126,PWY3O-6336,PWY-2201,9.630567080187613e-06,7.640881529821973e-10
2127,PWY3O-6336,PWY3O-4120,1.8419170676505123e-06,6.066920512682847e-10
2128,PWY3O-6336,PWY-6614,1.948676596700266e-06,1.7651056129531396e-09
2129,PWY3O-6336,PWY3O-1,1.6096670530840914e-06,1.7496381011783601e-09
2130,PWY3O-6336,PWY3O-214,1.8383410689306364e-05,9.89206343591604e-10
2131,PWY3O-6336,PWY3O-50,2.0985769161006866e-06,1.425663665829271e-09
2132,PWY3O-6336,PWY3O-20,5.680190307708753e-06,1.0464609999463435e-09
2133,PWY3O-6336,PWY3O-4115,1.8454282905719535e-05,9.784879589458925e-10
2134,PWY3O-6336,PWY3O-440,1.2676743206116706e-06,9.842191930214834e-10
2135,PWY3O-6336,PWY3O-259,1.0074178678963514e-06,7.821567297331921e-10
2136,PWY3O-6336,PWY3O-697,8.470079059602811e-06,8.294241147280465e-10
2137,PWY3O-6336,PWY-5760-1,7.490039690116131e-07,4.284919731187718e-10
2138,PWY3O-6336,PWY-5041,1.3135551869623453e-06,9.518515847553228e-10
2139,PWY3O-6336,PWY3O-4300,3.711516694457749e-06,1.0616466517327657e-09
2140,PWY3O-6336,PWY3O-1565,1.555264205590223e-06,3.7566768250971567e-10
2141,PWY3O-6336,PWY3O-15,1.0818890640492502e-06,1.306629304407307e-09
2142,PWY-5694,PWY-6126-1,8.365457729163585e-07,5.547385762044818e-10
2143,PWY-5694,PWY0-162,1.50524444806169e-06,6.179164400910058e-10
2144,PWY-5694,PWY3O-4109,5.383553529574125e-06,8.924989273166653e-10
2145,PWY-5694,PWY3O-4112,5.044121287222984e-06,8.965732824783121e-10
2146,PWY-5694,PWY-7220-1,6.34388202539167e-07,6.076515349992022e-10
2147,PWY-5694,PWY3O-4105,4.90357572248503e-06,8.539839293773999e-10
2148,PWY-5694,PWY3O-69,5.963301812255706e-07,6.42597178044796e-10
2149,PWY-5694,PWY-7222-1,6.34388202539167e-07,6.076515349992022e-10
2150,PWY-5694,PWY-821-1,1.115772833549003e-06,7.259419866942115e-10
2151,PWY-5694,PWY-6075-1,2.42876055356802e-07,3.221167842928408e-10
2152,PWY-5694,PWY3O-4031,4.740641649124203e-07,1.7207410704625054e-10
2153,PWY-5694,PWY-6482-1,1.0918110820429383e-06,1.1073134706317833e-09
2154,PWY-5694,PWY3O-954,3.7134239969384837e-07,9.849931026362026e-10
2155,PWY-5694,PWY-5653,1.2466268352634963e-07,2.52865483826267e-10
2156,PWY-5694,PWY-7219,2.0216072636485634e-07,4.356912206139145e-10
2157,PWY-5694,PWY-7221,2.08898366378975e-06,1.7150933200244254e-09
2158,PWY-5694,PWY3O-285,3.862369647038e-06,1.0570250812911878e-09
2159,PWY-5694,PWY0-662,2.0059099579051802e-07,3.293776613965813e-10
2160,PWY-5694,PWY-5084,5.095006803432189e-07,4.880274715931217e-10
2161,PWY-5694,PWY-7176,3.5045800764370285e-07,4.315985315809148e-10
2162,PWY-5694,PWY-6125,2.680612034231199e-06,1.4908854472921018e-09
2163,PWY-5694,PWY3O-4108,2.656422915871869e-06,4.978303815352078e-10
2164,PWY-5694,PWY3O-981,5.955081312772872e-07,4.889229320831586e-10
2165,PWY-5694,PWY3O-31704,7.503811334353762e-07,5.175042299554319e-10
2166,PWY-5694,PWY3O-2220,2.1938659910153133e-07,8.405616823813462e-10
2167,PWY-5694,PWY-2201,1.6293537647831485e-06,4.1010666115860774e-10
2168,PWY-5694,PWY3O-4120,6.33313334224193e-07,6.617694192520303e-10
2169,PWY-5694,PWY-6614,1.9341185346331472e-07,5.557811881129733e-10
2170,PWY-5694,PWY3O-1,3.4825176865395096e-07,1.2008681677722447e-09
2171,PWY-5694,PWY3O-214,3.241354348359469e-06,5.53320988111893e-10
2172,PWY-5694,PWY3O-50,3.348521916072456e-07,7.216642060500982e-10
2173,PWY-5694,PWY3O-20,6.802326223226169e-07,3.975643613808398e-10
2174,PWY-5694,PWY3O-4115,3.257389209041573e-06,5.479208089220476e-10
2175,PWY-5694,PWY3O-440,3.3943404092475633e-07,8.360444357752618e-10
2176,PWY-5694,PWY3O-259,3.597776052822916e-07,8.861517371485014e-10
2177,PWY-5694,PWY3O-697,1.2945249206975516e-06,4.0215126458451437e-10
2178,PWY-5694,PWY-5760-1,5.55707529677844e-07,1.0085436110305697e-09
2179,PWY-5694,PWY-5041,1.3753534637445045e-07,3.16173210056208e-10
2180,PWY-5694,PWY3O-4300,8.605891050067889e-07,7.809338520932748e-10
2181,PWY-5694,PWY3O-1565,3.5800064848564515e-07,2.743299988395748e-10
2182,PWY-5694,PWY3O-15,2.97742357942468e-07,1.1407753177872336e-09
2183,PWY-6126-1,PWY0-162,7.428860495946527e-06,1.7007464505372084e-09
2184,PWY-6126-1,PWY3O-4109,1.7481890121055623e-05,1.616299012671563e-09
2185,PWY-6126-1,PWY3O-4112,1.537647577464698e-05,1.5242343154884002e-09
2186,PWY-6126-1,PWY-7220-1,1.8038747244691857e-06,9.636082929856761e-10
2187,PWY-6126-1,PWY3O-4105,1.65492054980944e-05,1.6073431913456098e-09
2188,PWY-6126-1,PWY3O-69,1.8953446131499261e-06,1.1390292146333692e-09
2189,PWY-6126-1,PWY-7222-1,1.8038747244691857e-06,9.636082929856761e-10
2190,PWY-6126-1,PWY-821-1,3.533252122565023e-06,1.2820218151542173e-09
2191,PWY-6126-1,PWY-6075-1,1.4689133967723728e-06,1.0864744058967256e-09
2192,PWY-6126-1,PWY3O-4031,5.3778534764981155e-06,1.0886343069834243e-09
2193,PWY-6126-1,PWY-6482-1,1.5878234104606248e-06,8.980901642876837e-10
2194,PWY-6126-1,PWY3O-954,8.263058485523138e-07,1.222345929811115e-09
2195,PWY-6126-1,PWY-5653,7.075741990701459e-07,8.004233021155496e-10
2196,PWY-6126-1,PWY-7219,9.820142033163698e-07,1.1803055328321754e-09
2197,PWY-6126-1,PWY-7221,1.5129206245107365e-06,6.927292236770772e-10
2198,PWY-6126-1,PWY3O-285,6.058516806298589e-06,9.246820522433744e-10
2199,PWY-6126-1,PWY0-662,1.5982180800262948e-06,1.4635696703537497e-09
2200,PWY-6126-1,PWY-5084,8.331144338117215e-07,4.4503976165156066e-10
2201,PWY-6126-1,PWY-7176,1.0429883600938205e-06,7.163381594050965e-10
2202,PWY-6126-1,PWY-6125,2.595817093396708e-06,8.051541852967458e-10
2203,PWY-6126-1,PWY3O-4108,1.4334561672031812e-05,1.4981774322775724e-09
2204,PWY-6126-1,PWY3O-981,3.4131345533384734e-06,1.5627905464004e-09
2205,PWY-6126-1,PWY3O-31704,2.7696334194497308e-06,1.065243622865281e-09
2206,PWY-6126-1,PWY3O-2220,6.191474969466323e-07,1.322964737065454e-09
2207,PWY-6126-1,PWY-2201,7.398772599094363e-06,1.038569988643229e-09
2208,PWY-6126-1,PWY3O-4120,7.692723326308147e-07,4.482939001345074e-10
2209,PWY-6126-1,PWY-6614,3.521311562009256e-07,5.643127503219961e-10
2210,PWY-6126-1,PWY3O-1,6.833776149335445e-07,1.314187721026047e-09
2211,PWY-6126-1,PWY3O-214,1.612046572764312e-05,1.534697803469452e-09
2212,PWY-6126-1,PWY3O-50,7.809554596121231e-07,9.386483889568788e-10
2213,PWY-6126-1,PWY3O-20,4.547098974881882e-06,1.4821052721257766e-09
2214,PWY-6126-1,PWY3O-4115,1.6310189860423232e-05,1.5300365722723481e-09
2215,PWY-6126-1,PWY3O-440,2.1054009080095546e-06,2.8920342142988385e-09
2216,PWY-6126-1,PWY3O-259,4.795629134849125e-07,6.587402657759785e-10
2217,PWY-6126-1,PWY3O-697,6.386939877743921e-06,1.1065384403575747e-09
2218,PWY-6126-1,PWY-5760-1,9.069572151304761e-07,9.179728898081743e-10
2219,PWY-6126-1,PWY-5041,8.316909136981733e-07,1.0662704021771454e-09
2220,PWY-6126-1,PWY3O-4300,2.5837616277416646e-06,1.3075716739583323e-09
2221,PWY-6126-1,PWY3O-1565,2.115370571236375e-06,9.040045176223823e-10
2222,PWY-6126-1,PWY3O-15,9.115511114976747e-07,1.9477587852514416e-09
2223,PWY0-162,PWY3O-4109,2.1566831149005404e-05,1.234365335909192e-09
2224,PWY0-162,PWY3O-4112,1.9419313076579796e-05,1.1916613326325353e-09
2225,PWY0-162,PWY-7220-1,4.394094249550609e-06,1.4530734952217626e-09
2226,PWY0-162,PWY3O-4105,2.0809511390044694e-05,1.2511731234995608e-09
2227,PWY0-162,PWY3O-69,4.83857350738685e-06,1.8000645488790368e-09
2228,PWY0-162,PWY-7222-1,4.394094249550609e-06,1.4530734952217626e-09
2229,PWY0-162,PWY-821-1,1.0382896985102932e-05,2.3321871035720875e-09
2230,PWY0-162,PWY-6075-1,3.334341825947377e-06,1.5267132902689455e-09
2231,PWY0-162,PWY3O-4031,6.651712718484222e-06,8.335479597098022e-10
2232,PWY0-162,PWY-6482-1,2.3916484462347093e-06,8.374119209505285e-10
2233,PWY0-162,PWY3O-954,8.043500835283714e-07,7.365843255754317e-10
2234,PWY0-162,PWY-5653,6.289450400719955e-07,4.4043770313164957e-10
2235,PWY0-162,PWY-7219,3.034765160464678e-06,2.2580097920124095e-09
2236,PWY0-162,PWY-7221,7.731625184065519e-06,2.191503736980022e-09
2237,PWY0-162,PWY3O-285,2.0216595105153227e-05,1.910109136919239e-09
2238,PWY0-162,PWY0-662,4.406372602592556e-06,2.497943652263354e-09
2239,PWY0-162,PWY-5084,1.3694225484740522e-06,4.52851371849885e-10
2240,PWY0-162,PWY-7176,1.5962171159761553e-06,6.786637397857802e-10
2241,PWY0-162,PWY-6125,9.85128151867989e-06,1.8915671118816995e-09
2242,PWY0-162,PWY3O-4108,1.6564008912750935e-05,1.0716879472535542e-09
2243,PWY0-162,PWY3O-981,5.445821369811304e-06,1.5436001615111407e-09
2244,PWY0-162,PWY3O-31704,4.963843820344714e-06,1.181867576272551e-09
2245,PWY0-162,PWY3O-2220,1.192059706734306e-06,1.5767985538813572e-09
2246,PWY0-162,PWY-2201,1.1966669057591881e-05,1.039856539589145e-09
2247,PWY0-162,PWY3O-4120,2.097399495154285e-06,7.566376245145327e-10
2248,PWY0-162,PWY-6614,5.198115974620444e-07,5.15686108593298e-10
2249,PWY0-162,PWY3O-1,1.734227981459767e-06,2.0645571207854367e-09
2250,PWY0-162,PWY3O-214,1.9152617051614383e-05,1.1287492368938226e-09
2251,PWY0-162,PWY3O-50,2.208623287529525e-06,1.643320898459468e-09
2252,PWY0-162,PWY3O-20,6.006254193536323e-06,1.2119156968394518e-09
2253,PWY0-162,PWY3O-4115,1.933494056299746e-05,1.1228188480254042e-09
2254,PWY0-162,PWY3O-440,2.147522823374783e-06,1.8261248498084889e-09
2255,PWY0-162,PWY3O-259,6.553639824901847e-07,5.572822980358714e-10
2256,PWY0-162,PWY3O-697,1.0069853414836681e-05,1.0799928587340927e-09
2257,PWY0-162,PWY-5760-1,3.5337046844090743e-06,2.2141006794543075e-09
2258,PWY0-162,PWY-5041,2.258271928056967e-06,1.7922793079817198e-09
2259,PWY0-162,PWY3O-4300,6.731083975743149e-06,2.108735581373167e-09
2260,PWY0-162,PWY3O-1565,2.9155060198829342e-06,7.712978888579192e-10
2261,PWY0-162,PWY3O-15,2.761362152681451e-06,3.6525954400548296e-09
2262,PWY3O-4109,PWY3O-4112,2.9765340524240035e-05,7.37642261207376e-10
2263,PWY3O-4109,PWY-7220-1,9.438787279571177e-06,1.2605218054982878e-09
2264,PWY3O-4109,PWY3O-4105,3.1151405783407486e-05,7.563958280741911e-10
2265,PWY3O-4109,PWY3O-69,6.509582237102253e-06,9.780021389877182e-10
2266,PWY3O-4109,PWY-7222-1,9.438787279571177e-06,1.2605218054982878e-09
2267,PWY3O-4109,PWY-821-1,1.4687582714948138e-05,1.3323278950424653e-09
2268,PWY3O-4109,PWY-6075-1,7.07198928382064e-06,1.3076903261502662e-09
2269,PWY3O-4109,PWY3O-4031,1.2048766545227515e-05,6.097553919649553e-10
2270,PWY3O-4109,PWY-6482-1,7.204129197799429e-06,1.0186834272906431e-09
2271,PWY3O-4109,PWY3O-954,3.1986609616794662e-06,1.1829367461832346e-09
2272,PWY3O-4109,PWY-5653,1.548938384637465e-06,4.380481857006405e-10
2273,PWY3O-4109,PWY-7219,8.043093611068911e-06,2.4167949552490713e-09
2274,PWY3O-4109,PWY-7221,1.0202547696713222e-05,1.167874049532191e-09
2275,PWY3O-4109,PWY3O-285,3.2064235239586135e-05,1.2234521993126578e-09
2276,PWY3O-4109,PWY0-662,3.4673705746456774e-06,7.938119447448896e-10
2277,PWY3O-4109,PWY-5084,7.732789845319857e-06,1.0326909515651518e-09
2278,PWY3O-4109,PWY-7176,3.183597466491074e-06,5.466341803727805e-10
2279,PWY3O-4109,PWY-6125,1.5677723959790045e-05,1.2157044013484837e-09
2280,PWY3O-4109,PWY3O-4108,2.4244555149105217e-05,6.334802244226907e-10
2281,PWY3O-4109,PWY3O-981,9.316330071489177e-06,1.066429724300501e-09
2282,PWY3O-4109,PWY3O-31704,1.0509607785849961e-05,1.0105392101778807e-09
2283,PWY3O-4109,PWY3O-2220,2.0316861308356533e-06,1.085302420318191e-09
2284,PWY3O-4109,PWY-2201,2.2645645195137972e-05,7.946955781561612e-10
2285,PWY3O-4109,PWY3O-4120,3.707589152647374e-06,5.401499348262491e-10
2286,PWY3O-4109,PWY-6614,3.1469975114785813e-06,1.260816310688534e-09
2287,PWY3O-4109,PWY3O-1,2.788896482223987e-06,1.34081561645384e-09
2288,PWY3O-4109,PWY3O-214,2.7135445279651706e-05,6.458359977068665e-10
2289,PWY3O-4109,PWY3O-50,3.3937810867885307e-06,1.0197659515590537e-09
2290,PWY3O-4109,PWY3O-20,8.802807305447046e-06,7.173082876016172e-10
2291,PWY3O-4109,PWY3O-4115,2.764419537789634e-05,6.483160266861243e-10
2292,PWY3O-4109,PWY3O-440,3.5669539985821633e-06,1.2249155214911275e-09
2293,PWY3O-4109,PWY3O-259,1.3597729634800677e-06,4.669550011950782e-10
2294,PWY3O-4109,PWY3O-697,1.978116274047306e-05,8.567724679692075e-10
2295,PWY3O-4109,PWY-5760-1,1.4461131844683328e-06,3.6591932805372795e-10
2296,PWY3O-4109,PWY-5041,5.581850003558657e-06,1.7890544883200823e-09
2297,PWY3O-4109,PWY3O-4300,5.719019408073079e-06,7.235601477825253e-10
2298,PWY3O-4109,PWY3O-1565,5.6247562327615965e-06,6.00935494953162e-10
2299,PWY3O-4109,PWY3O-15,2.6395396714089245e-06,1.410010508231263e-09
2300,PWY3O-4112,PWY-7220-1,7.907463514086444e-06,1.1322255890730878e-09
2301,PWY3O-4112,PWY3O-4105,2.7794045201494127e-05,7.235771425985141e-10
2302,PWY3O-4112,PWY3O-69,5.804231346503529e-06,9.349599462795633e-10
2303,PWY3O-4112,PWY-7222-1,7.907463514086444e-06,1.1322255890730878e-09
2304,PWY3O-4112,PWY-821-1,1.3060537368497305e-05,1.2702331616900707e-09
2305,PWY3O-4112,PWY-6075-1,6.623219511657229e-06,1.3130887215815283e-09
2306,PWY3O-4112,PWY3O-4031,1.0416807359918052e-05,5.652092978794385e-10
2307,PWY3O-4112,PWY-6482-1,6.193018620723239e-06,9.38905188102371e-10
2308,PWY3O-4112,PWY3O-954,2.6659856263666955e-06,1.0570918423341379e-09
2309,PWY3O-4112,PWY-5653,1.4317335544780003e-06,4.34121756967253e-10
2310,PWY3O-4112,PWY-7219,7.469017690216733e-06,2.4062556991677622e-09
2311,PWY3O-4112,PWY-7221,8.713543757562112e-06,1.069408904953622e-09
2312,PWY3O-4112,PWY3O-285,2.797332376168171e-05,1.1443840517788298e-09
2313,PWY3O-4112,PWY0-662,3.0729584480882914e-06,7.542853333550053e-10
2314,PWY3O-4112,PWY-5084,6.7451353830163504e-06,9.65798307992032e-10
2315,PWY3O-4112,PWY-7176,2.55877326399008e-06,4.710554609701915e-10
2316,PWY3O-4112,PWY-6125,1.3195471926520886e-05,1.0970628472331965e-09
2317,PWY3O-4112,PWY3O-4108,2.1386297252304983e-05,5.991230740784678e-10
2318,PWY3O-4112,PWY3O-981,8.991135473618808e-06,1.1034775986277378e-09
2319,PWY3O-4112,PWY3O-31704,9.71019081645972e-06,1.0010505996350226e-09
2320,PWY3O-4112,PWY3O-2220,1.7009701155781671e-06,9.742096881890991e-10
2321,PWY3O-4112,PWY-2201,1.9527115642585065e-05,7.347097465040661e-10
2322,PWY3O-4112,PWY3O-4120,3.2356304047961904e-06,5.054093103399235e-10
2323,PWY3O-4112,PWY-6614,2.800711142626677e-06,1.2030546145303594e-09
2324,PWY3O-4112,PWY3O-1,2.344361298928913e-06,1.2084336592417077e-09
2325,PWY3O-4112,PWY3O-214,2.4205233578923787e-05,6.176695309514082e-10
2326,PWY3O-4112,PWY3O-50,2.7753964565376304e-06,8.941354563587726e-10
2327,PWY3O-4112,PWY3O-20,7.661058657296263e-06,6.693219165906223e-10
2328,PWY3O-4112,PWY3O-4115,2.4582460029168035e-05,6.181156658075946e-10
2329,PWY3O-4112,PWY3O-440,3.514009963967126e-06,1.2938181016079258e-09
2330,PWY3O-4112,PWY3O-259,1.1449422361846777e-06,4.215545788603379e-10
2331,PWY3O-4112,PWY3O-697,1.734233926933303e-05,8.053468593541855e-10
2332,PWY3O-4112,PWY-5760-1,5.239050831399521e-07,1.4213377187736082e-10
2333,PWY3O-4112,PWY-5041,5.375452482527634e-06,1.8472345300782246e-09
2334,PWY3O-4112,PWY3O-4300,4.67947100666311e-06,6.34762751853379e-10
2335,PWY3O-4112,PWY3O-1565,4.767037244020743e-06,5.460523761764884e-10
2336,PWY3O-4112,PWY3O-15,2.504224223003097e-06,1.4342635870579022e-09
2337,PWY-7220-1,PWY3O-4105,8.668197440864069e-06,1.216077082051637e-09
2338,PWY-7220-1,PWY3O-69,1.5607580674721374e-06,1.3548247113473415e-09
2339,PWY-7220-1,PWY-7222-1,9.711602527071039e-07,7.493520468419012e-10
2340,PWY-7220-1,PWY-821-1,1.9693490624819578e-06,1.0321535966886572e-09
2341,PWY-7220-1,PWY-6075-1,1.156074524544762e-06,1.2351223552828654e-09
2342,PWY-7220-1,PWY3O-4031,2.6784008067448158e-06,7.831581306271391e-10
2343,PWY-7220-1,PWY-6482-1,1.1715689986938218e-06,9.571642146191353e-10
2344,PWY-7220-1,PWY3O-954,4.6668818058038636e-07,9.971969670521076e-10
2345,PWY-7220-1,PWY-5653,3.962949955852325e-07,6.475408424595303e-10
2346,PWY-7220-1,PWY-7219,8.327137930550573e-07,1.4456836684983633e-09
2347,PWY-7220-1,PWY-7221,7.240584995439881e-07,4.788746690105741e-10
2348,PWY-7220-1,PWY3O-285,4.048408672156946e-06,8.925063210222543e-10
2349,PWY-7220-1,PWY0-662,7.510808803778136e-07,9.93493228012981e-10
2350,PWY-7220-1,PWY-5084,5.632059188217776e-07,4.3457246822668025e-10
2351,PWY-7220-1,PWY-7176,8.865548068739018e-07,8.795186576129978e-10
2352,PWY-7220-1,PWY-6125,1.3799653119125058e-06,6.182640286346353e-10
2353,PWY-7220-1,PWY3O-4108,7.9876084973535e-06,1.2058587707357336e-09
2354,PWY-7220-1,PWY3O-981,2.4851704734752497e-06,1.6436312655259586e-09
2355,PWY-7220-1,PWY3O-31704,2.0296196036869302e-06,1.1275664464927389e-09
2356,PWY-7220-1,PWY3O-2220,4.747813546253918e-07,1.4653745513129375e-09
2357,PWY-7220-1,PWY-2201,4.297136878833987e-06,8.712767394229495e-10
2358,PWY-7220-1,PWY3O-4120,4.3999724632205965e-07,3.7036805245964614e-10
2359,PWY-7220-1,PWY-6614,1.7451327332898297e-07,4.0396591048375686e-10
2360,PWY-7220-1,PWY3O-1,4.933419556291123e-07,1.3703943211919783e-09
2361,PWY-7220-1,PWY3O-214,9.366146081168903e-06,1.2879738835490792e-09
2362,PWY-7220-1,PWY3O-50,6.569218865946181e-07,1.1404893864489898e-09
2363,PWY-7220-1,PWY3O-20,2.361399560076293e-06,1.111770037700703e-09
2364,PWY-7220-1,PWY3O-4115,9.540807261726238e-06,1.2927923118870242e-09
2365,PWY-7220-1,PWY3O-440,1.5313255301229972e-06,3.0383443057995976e-09
2366,PWY-7220-1,PWY3O-259,2.7940600173969935e-07,5.543769875787686e-10
2367,PWY-7220-1,PWY3O-697,3.2802491475637843e-06,8.20883170061007e-10
2368,PWY-7220-1,PWY-5760-1,4.820592657923605e-07,7.047650084683634e-10
2369,PWY-7220-1,PWY-5041,5.757340699841546e-07,1.0661742036743604e-09
2370,PWY-7220-1,PWY3O-4300,2.2103404163019464e-06,1.6157459183493761e-09
2371,PWY-7220-1,PWY3O-1565,1.4734787874445354e-06,9.09554807064528e-10
2372,PWY-7220-1,PWY3O-15,8.094524671984547e-07,2.498310083945848e-09
2373,PWY3O-4105,PWY3O-69,6.010147799995465e-06,9.48571306817466e-10
2374,PWY3O-4105,PWY-7222-1,8.668197440864069e-06,1.216077082051637e-09
2375,PWY3O-4105,PWY-821-1,1.39945305386021e-05,1.3335744748048503e-09
2376,PWY3O-4105,PWY-6075-1,6.809078815156041e-06,1.3226648825089433e-09
2377,PWY3O-4105,PWY3O-4031,1.130552697071785e-05,6.010381164655954e-10
2378,PWY3O-4105,PWY-6482-1,6.8467106763288455e-06,1.017039613239579e-09
2379,PWY3O-4105,PWY3O-954,3.1421181509368052e-06,1.2207141223530711e-09
2380,PWY3O-4105,PWY-5653,1.4463385152005241e-06,4.296905868094249e-10
2381,PWY3O-4105,PWY-7219,7.881008057230328e-06,2.487691937257048e-09
2382,PWY3O-4105,PWY-7221,8.949055638089109e-06,1.076125016605232e-09
2383,PWY3O-4105,PWY3O-285,2.981864237319848e-05,1.1952317770241494e-09
2384,PWY3O-4105,PWY0-662,3.0410605753427305e-06,7.313757997457265e-10
2385,PWY3O-4105,PWY-5084,7.504963643140251e-06,1.052884910653795e-09
2386,PWY3O-4105,PWY-7176,3.078171732486206e-06,5.55225781472981e-10
2387,PWY3O-4105,PWY-6125,1.4154145055905254e-05,1.1529932433940417e-09
2388,PWY3O-4105,PWY3O-4108,2.2750059655676077e-05,6.244526695124087e-10
2389,PWY3O-4105,PWY3O-981,8.808062126714871e-06,1.0591705299079932e-09
2390,PWY3O-4105,PWY3O-31704,9.974773619233112e-06,1.0075528908316275e-09
2391,PWY3O-4105,PWY3O-2220,1.9655502035234606e-06,1.1030023588796074e-09
2392,PWY3O-4105,PWY-2201,2.1870696428435603e-05,8.062632318969109e-10
2393,PWY3O-4105,PWY3O-4120,3.437747184881199e-06,5.261321066546066e-10
2394,PWY3O-4105,PWY-6614,3.060923615126798e-06,1.288267514784006e-09
2395,PWY3O-4105,PWY3O-1,2.7215920928981184e-06,1.3745414610596558e-09
2396,PWY3O-4105,PWY3O-214,2.514213161509418e-05,6.286161519925538e-10
2397,PWY3O-4105,PWY3O-50,3.016472377252893e-06,9.521693110015446e-10
2398,PWY3O-4105,PWY3O-20,8.385627816005614e-06,7.178246718032541e-10
2399,PWY3O-4105,PWY3O-4115,2.559760375486764e-05,6.306381807062734e-10
2400,PWY3O-4105,PWY3O-440,3.357378499778813e-06,1.2111755049707117e-09
2401,PWY3O-4105,PWY3O-259,1.1660314280795182e-06,4.206462583259445e-10
2402,PWY3O-4105,PWY3O-697,1.9137005704115674e-05,8.707346302718933e-10
2403,PWY3O-4105,PWY-5760-1,1.400810847985489e-06,3.7235801381857763e-10
2404,PWY3O-4105,PWY-5041,5.124123470532047e-06,1.725294097822238e-09
2405,PWY3O-4105,PWY3O-4300,5.2243674121449446e-06,6.943603684403169e-10
2406,PWY3O-4105,PWY3O-1565,4.9756663537488905e-06,5.584361788719293e-10
2407,PWY3O-4105,PWY3O-15,2.5006170309083674e-06,1.4032643271090726e-09
2408,PWY3O-69,PWY-7222-1,1.5607580674721374e-06,1.3548247113473415e-09
2409,PWY3O-69,PWY-821-1,2.776004035066117e-06,1.6367948319965314e-09
2410,PWY3O-69,PWY-6075-1,8.02888487950739e-07,9.650102018638691e-10
2411,PWY3O-69,PWY3O-4031,6.255740380218519e-06,2.0578093355981967e-09
2412,PWY3O-69,PWY-6482-1,2.4644519913572856e-06,2.26512131558574e-09
2413,PWY3O-69,PWY3O-954,4.6315676612496134e-07,1.113357610877311e-09
2414,PWY3O-69,PWY-5653,3.140111689359766e-07,5.772264134852511e-10
2415,PWY3O-69,PWY-7219,3.3458803883324305e-07,6.534922633461778e-10
2416,PWY3O-69,PWY-7221,1.6714458170392912e-06,1.2436352805351868e-09
2417,PWY3O-69,PWY3O-285,5.9689725451882495e-06,1.4803999368026414e-09
2418,PWY3O-69,PWY0-662,1.7657497147722541e-06,2.6276037422206164e-09
2419,PWY3O-69,PWY-5084,1.2656494660742626e-06,1.0986540504116863e-09
2420,PWY3O-69,PWY-7176,2.1866035883038585e-06,2.4404057905176988e-09
2421,PWY3O-69,PWY-6125,2.1046114359984556e-06,1.0607920544347054e-09
2422,PWY3O-69,PWY3O-4108,4.971821614195525e-06,8.443990513239683e-10
2423,PWY3O-69,PWY3O-981,2.4238484793476547e-06,1.8034586899908144e-09
2424,PWY3O-69,PWY3O-31704,1.369004464946854e-06,8.556277905917837e-10
2425,PWY3O-69,PWY3O-2220,4.666693803958029e-07,1.6203797930409823e-09
2426,PWY3O-69,PWY-2201,3.6692166863692468e-06,8.369563609418903e-10
2427,PWY3O-69,PWY3O-4120,7.449596895929943e-07,7.054542515085174e-10
2428,PWY3O-69,PWY-6614,2.02740240357873e-06,5.279693759319609e-09
2429,PWY3O-69,PWY3O-1,5.198480779646206e-07,1.6245252436394393e-09
2430,PWY3O-69,PWY3O-214,5.695530172397592e-06,8.811154350862611e-10
2431,PWY3O-69,PWY3O-50,2.0386285571203263e-07,3.9816964006256373e-10
2432,PWY3O-69,PWY3O-20,2.0150974452214165e-06,1.0673185620876146e-09
2433,PWY3O-69,PWY3O-4115,5.7147180344335145e-06,8.711460418343773e-10
2434,PWY3O-69,PWY3O-440,7.053536732975247e-07,1.5744501636105464e-09
2435,PWY3O-69,PWY3O-259,5.436354357006956e-07,1.2134719546890527e-09
2436,PWY3O-69,PWY3O-697,3.6747003676457914e-06,1.0345440224228016e-09
2437,PWY3O-69,PWY-5760-1,7.892272693460224e-07,1.298071166687537e-09
2438,PWY3O-69,PWY-5041,1.0257923674339065e-06,2.137067432153972e-09
2439,PWY3O-69,PWY3O-4300,2.036855977983989e-06,1.6750460345263069e-09
2440,PWY3O-69,PWY3O-1565,2.216227792516766e-06,1.5390470781366431e-09
2441,PWY3O-69,PWY3O-15,8.499980176281785e-07,2.9513820056533978e-09
2442,PWY-7222-1,PWY-821-1,1.9693490624819578e-06,1.0321535966886572e-09
2443,PWY-7222-1,PWY-6075-1,1.156074524544762e-06,1.2351223552828654e-09
2444,PWY-7222-1,PWY3O-4031,2.6784008067448158e-06,7.831581306271391e-10
2445,PWY-7222-1,PWY-6482-1,1.1715689986938218e-06,9.571642146191353e-10
2446,PWY-7222-1,PWY3O-954,4.6668818058038636e-07,9.971969670521076e-10
2447,PWY-7222-1,PWY-5653,3.962949955852325e-07,6.475408424595303e-10
2448,PWY-7222-1,PWY-7219,8.327137930550573e-07,1.4456836684983633e-09
2449,PWY-7222-1,PWY-7221,7.240584995439881e-07,4.788746690105741e-10
2450,PWY-7222-1,PWY3O-285,4.048408672156946e-06,8.925063210222543e-10
2451,PWY-7222-1,PWY0-662,7.510808803778136e-07,9.93493228012981e-10
2452,PWY-7222-1,PWY-5084,5.632059188217776e-07,4.3457246822668025e-10
2453,PWY-7222-1,PWY-7176,8.865548068739018e-07,8.795186576129978e-10
2454,PWY-7222-1,PWY-6125,1.3799653119125058e-06,6.182640286346353e-10
2455,PWY-7222-1,PWY3O-4108,7.9876084973535e-06,1.2058587707357336e-09
2456,PWY-7222-1,PWY3O-981,2.4851704734752497e-06,1.6436312655259586e-09
2457,PWY-7222-1,PWY3O-31704,2.0296196036869302e-06,1.1275664464927389e-09
2458,PWY-7222-1,PWY3O-2220,4.747813546253918e-07,1.4653745513129375e-09
2459,PWY-7222-1,PWY-2201,4.297136878833987e-06,8.712767394229495e-10
2460,PWY-7222-1,PWY3O-4120,4.3999724632205965e-07,3.7036805245964614e-10
2461,PWY-7222-1,PWY-6614,1.7451327332898297e-07,4.0396591048375686e-10
2462,PWY-7222-1,PWY3O-1,4.933419556291123e-07,1.3703943211919783e-09
2463,PWY-7222-1,PWY3O-214,9.366146081168903e-06,1.2879738835490792e-09
2464,PWY-7222-1,PWY3O-50,6.569218865946181e-07,1.1404893864489898e-09
2465,PWY-7222-1,PWY3O-20,2.361399560076293e-06,1.111770037700703e-09
2466,PWY-7222-1,PWY3O-4115,9.540807261726238e-06,1.2927923118870242e-09
2467,PWY-7222-1,PWY3O-440,1.5313255301229972e-06,3.0383443057995976e-09
2468,PWY-7222-1,PWY3O-259,2.7940600173969935e-07,5.543769875787686e-10
2469,PWY-7222-1,PWY3O-697,3.2802491475637843e-06,8.20883170061007e-10
2470,PWY-7222-1,PWY-5760-1,4.820592657923605e-07,7.047650084683634e-10
2471,PWY-7222-1,PWY-5041,5.757340699841546e-07,1.0661742036743604e-09
2472,PWY-7222-1,PWY3O-4300,2.2103404163019464e-06,1.6157459183493761e-09
2473,PWY-7222-1,PWY3O-1565,1.4734787874445354e-06,9.09554807064528e-10
2474,PWY-7222-1,PWY3O-15,8.094524671984547e-07,2.498310083945848e-09
2475,PWY-821-1,PWY-6075-1,1.8549163432940658e-06,1.346093137368698e-09
2476,PWY-821-1,PWY3O-4031,5.667651059686522e-06,1.1256506573359527e-09
2477,PWY-821-1,PWY-6482-1,1.6374436810344354e-06,9.086812880324281e-10
2478,PWY-821-1,PWY3O-954,1.0152197408863673e-06,1.473468419283552e-09
2479,PWY-821-1,PWY-5653,9.794774000702513e-07,1.0871003330413443e-09
2480,PWY-821-1,PWY-7219,1.5639052319455441e-06,1.8442278678603114e-09
2481,PWY-821-1,PWY-7221,2.690007511315146e-06,1.2084490167633182e-09
2482,PWY-821-1,PWY3O-285,9.950802773052917e-06,1.4900872676030124e-09
2483,PWY-821-1,PWY0-662,1.518292183386805e-06,1.3641439203834726e-09
2484,PWY-821-1,PWY-5084,1.0447122759364886e-06,5.475431215600045e-10
2485,PWY-821-1,PWY-7176,1.383675667474986e-06,9.323960023416345e-10
2486,PWY-821-1,PWY-6125,3.864414727044743e-06,1.1760239583215896e-09
2487,PWY-821-1,PWY3O-4108,1.2295478177592847e-05,1.2608160559467646e-09
2488,PWY-821-1,PWY3O-981,3.1808709646315592e-06,1.4289626974984543e-09
2489,PWY-821-1,PWY3O-31704,3.4317232528130154e-06,1.2949899067218926e-09
2490,PWY-821-1,PWY3O-2220,5.665226582452987e-07,1.1876785288161398e-09
2491,PWY-821-1,PWY-2201,7.776857477983415e-06,1.0710449632259215e-09
2492,PWY-821-1,PWY3O-4120,1.139728680303953e-06,6.516459006883665e-10
2493,PWY-821-1,PWY-6614,7.269544066768609e-07,1.1430100733912907e-09
2494,PWY-821-1,PWY3O-1,8.042062655098432e-07,1.517370312282723e-09
2495,PWY-821-1,PWY3O-214,1.3111134162738214e-05,1.224652920113788e-09
2496,PWY-821-1,PWY3O-50,1.3183841874428907e-06,1.5546983342486919e-09
2497,PWY-821-1,PWY3O-20,4.170463542714721e-06,1.3336947690165399e-09
2498,PWY-821-1,PWY3O-4115,1.3207590919153438e-05,1.2156089203086462e-09
2499,PWY-821-1,PWY3O-440,1.627045753675047e-06,2.192784034602489e-09
2500,PWY-821-1,PWY3O-259,5.278425001375362e-07,7.113780325303723e-10
2501,PWY-821-1,PWY3O-697,6.159192405579178e-06,1.0469475447185414e-09
2502,PWY-821-1,PWY-5760-1,6.322032410146386e-07,6.278085809480026e-10
2503,PWY-821-1,PWY-5041,8.934571894441192e-07,1.1238455213133576e-09
2504,PWY-821-1,PWY3O-4300,3.3984655226728205e-06,1.6874208156270213e-09
2505,PWY-821-1,PWY3O-1565,3.6144716347935387e-06,1.5155017336660538e-09
2506,PWY-821-1,PWY3O-15,1.031451087252114e-06,2.1623712521008678e-09
2507,PWY-6075-1,PWY3O-4031,2.82224081538053e-06,1.1426076175629677e-09
2508,PWY-6075-1,PWY-6482-1,5.871300360233242e-07,6.641742488951632e-10
2509,PWY-6075-1,PWY3O-954,4.400193382357127e-07,1.3018323616441205e-09
2510,PWY-6075-1,PWY-5653,4.356774797221262e-07,9.856956554799236e-10
2511,PWY-6075-1,PWY-7219,3.128386686155035e-07,7.520160303257296e-10
2512,PWY-6075-1,PWY-7221,8.868403389191814e-07,8.121248524900929e-10
2513,PWY-6075-1,PWY3O-285,3.815368642613806e-06,1.164642442800307e-09
2514,PWY-6075-1,PWY0-662,3.9189524336244144e-07,7.177568559751674e-10
2515,PWY-6075-1,PWY-5084,8.372249550359484e-07,8.944711058076371e-10
2516,PWY-6075-1,PWY-7176,1.1935877477296537e-06,1.639543609518755e-09
2517,PWY-6075-1,PWY-6125,1.7609617081959992e-06,1.0924080075657563e-09
2518,PWY-6075-1,PWY3O-4108,5.851116970733529e-06,1.2230595674610221e-09
2519,PWY-6075-1,PWY3O-981,1.1107572565073753e-06,1.0171769748236038e-09
2520,PWY-6075-1,PWY3O-31704,1.2230701021744049e-06,9.40823155518773e-10
2521,PWY-6075-1,PWY3O-2220,5.195849093158038e-07,2.220448330409418e-09
2522,PWY-6075-1,PWY-2201,2.689207994440082e-06,7.549713628411234e-10
2523,PWY-6075-1,PWY3O-4120,5.861664756603966e-07,6.831777105599027e-10
2524,PWY-6075-1,PWY-6614,6.292144188900881e-07,2.0167128810579745e-09
2525,PWY-6075-1,PWY3O-1,8.195537317173589e-07,3.1521297373744572e-09
2526,PWY-6075-1,PWY3O-214,6.1519926814614514e-06,1.171361896698677e-09
2527,PWY-6075-1,PWY3O-50,4.527671189912738e-07,1.0883824975751774e-09
2528,PWY-6075-1,PWY3O-20,9.944128911137906e-07,6.482482992919104e-10
2529,PWY-6075-1,PWY3O-4115,6.2186482268717336e-06,1.1667257461297812e-09
2530,PWY-6075-1,PWY3O-440,4.4876692159390744e-07,1.2328761582250204e-09
2531,PWY-6075-1,PWY3O-259,1.7639855176676715e-07,4.84611405952657e-10
2532,PWY-6075-1,PWY3O-697,2.2158232831300614e-06,7.677835353881017e-10
2533,PWY-6075-1,PWY-5760-1,4.194818333458773e-07,8.491535087973224e-10
2534,PWY-6075-1,PWY-5041,3.1698726530381453e-07,8.127878597533705e-10
2535,PWY-6075-1,PWY3O-4300,8.801453692157039e-07,8.908353939430202e-10
2536,PWY-6075-1,PWY3O-1565,1.3028078612266555e-06,1.113510992501415e-09
2537,PWY-6075-1,PWY3O-15,4.910354037411137e-07,2.098441896329546e-09
2538,PWY3O-4031,PWY-6482-1,2.6757682379375157e-06,8.284112191757016e-10
2539,PWY3O-4031,PWY3O-954,1.6945753379917022e-06,1.3721257797503663e-09
2540,PWY3O-4031,PWY-5653,1.338180306714325e-06,8.285946171605728e-10
2541,PWY3O-4031,PWY-7219,2.6994507693736302e-06,1.7759544535352831e-09
2542,PWY3O-4031,PWY-7221,3.4192230983154062e-06,8.569481449412044e-10
2543,PWY3O-4031,PWY3O-285,1.1106472516728163e-05,9.278590239538984e-10
2544,PWY3O-4031,PWY0-662,2.0165709181719804e-06,1.0108124903117698e-09
2545,PWY3O-4031,PWY-5084,2.613321762011443e-06,7.641291701787846e-10
2546,PWY3O-4031,PWY-7176,1.1187529003529354e-06,4.205837971251636e-10
2547,PWY3O-4031,PWY-6125,4.904127375554684e-06,8.326192488208293e-10
2548,PWY3O-4031,PWY3O-4108,9.529806778270346e-06,5.451834541344592e-10
2549,PWY3O-4031,PWY3O-981,3.3038450759835503e-06,8.280313473642983e-10
2550,PWY3O-4031,PWY3O-31704,4.477071341490218e-06,9.42541335050572e-10
2551,PWY3O-4031,PWY3O-2220,5.349268779964196e-07,6.256454713408417e-10
2552,PWY3O-4031,PWY-2201,9.8672229892754e-06,7.581423733596158e-10
2553,PWY3O-4031,PWY3O-4120,1.3437470617306895e-06,4.286274519077159e-10
2554,PWY3O-4031,PWY-6614,4.507226837562039e-07,3.9537077522474026e-10
2555,PWY3O-4031,PWY3O-1,6.136095191081142e-07,6.459047569559097e-10
2556,PWY3O-4031,PWY3O-214,1.088608059981401e-05,5.67278822293591e-10
2557,PWY3O-4031,PWY3O-50,5.438206276994478e-06,3.577767287496367e-09
2558,PWY3O-4031,PWY3O-20,5.055492616197158e-06,9.019612160922673e-10
2559,PWY3O-4031,PWY3O-4115,1.1031415121318054e-05,5.664398008378976e-10
2560,PWY3O-4031,PWY3O-440,1.6319709948116907e-06,1.2270458607606699e-09
2561,PWY3O-4031,PWY3O-259,8.865079760891993e-07,6.66547350443007e-10
2562,PWY3O-4031,PWY3O-697,8.039352034983296e-06,7.623852095764149e-10
2563,PWY3O-4031,PWY-5760-1,1.8325537612795346e-06,1.0152652417061134e-09
2564,PWY3O-4031,PWY-5041,1.9723470471513413e-06,1.3841031909833975e-09
2565,PWY3O-4031,PWY3O-4300,5.126134615187557e-06,1.4199818878635892e-09
2566,PWY3O-4031,PWY3O-1565,2.334682122308653e-06,5.461244730546556e-10
2567,PWY3O-4031,PWY3O-15,1.470552881461172e-06,1.719944890597862e-09
2568,PWY-6482-1,PWY3O-954,5.793500852702051e-07,1.3107467992538577e-09
2569,PWY-6482-1,PWY-5653,1.4234913363703767e-06,2.462787779187503e-09
2570,PWY-6482-1,PWY-7219,4.162558370515549e-07,7.651761710506525e-10
2571,PWY-6482-1,PWY-7221,1.0447060318318616e-06,7.315868570251132e-10
2572,PWY-6482-1,PWY3O-285,4.050419273846836e-06,9.454760209726506e-10
2573,PWY-6482-1,PWY0-662,7.599731640736686e-07,1.0643881849771268e-09
2574,PWY-6482-1,PWY-5084,1.137165407483872e-06,9.290567054606799e-10
2575,PWY-6482-1,PWY-7176,4.852218369152273e-07,5.096868034823816e-10
2576,PWY-6482-1,PWY-6125,1.8855439479722495e-06,8.94470563554198e-10
2577,PWY-6482-1,PWY3O-4108,5.993059043045449e-06,9.579697958832241e-10
2578,PWY-6482-1,PWY3O-981,1.7296830877397495e-06,1.2112626664844184e-09
2579,PWY-6482-1,PWY3O-31704,1.1726351116881772e-06,6.897853598165749e-10
2580,PWY-6482-1,PWY3O-2220,4.768331538316794e-07,1.5582782804956842e-09
2581,PWY-6482-1,PWY-2201,3.50450860858733e-06,7.523633766825526e-10
2582,PWY-6482-1,PWY3O-4120,1.231597377232391e-06,1.097680371864876e-09
2583,PWY-6482-1,PWY-6614,3.1020928973121955e-07,7.603168865961264e-10
2584,PWY-6482-1,PWY3O-1,5.700128412489749e-07,1.676508356614632e-09
2585,PWY-6482-1,PWY3O-214,6.199629770109169e-06,9.026834260496752e-10
2586,PWY-6482-1,PWY3O-50,1.3730715489215017e-06,2.52402858257629e-09
2587,PWY-6482-1,PWY3O-20,1.4867206329787067e-06,7.411369057720373e-10
2588,PWY-6482-1,PWY3O-4115,6.310711305492038e-06,9.054105172872364e-10
2589,PWY-6482-1,PWY3O-440,1.0111219793542043e-06,2.1242058389794206e-09
2590,PWY-6482-1,PWY3O-259,7.636873203954866e-07,1.6043851268812744e-09
2591,PWY-6482-1,PWY3O-697,2.898676257533534e-06,7.680647211270625e-10
2592,PWY-6482-1,PWY-5760-1,1.3274393777923426e-07,2.054859717944803e-10
2593,PWY-6482-1,PWY-5041,3.6263988248209194e-07,7.110585931021411e-10
2594,PWY-6482-1,PWY3O-4300,1.0893965818026657e-06,8.431862088255927e-10
2595,PWY-6482-1,PWY3O-1565,2.375342917191166e-06,1.5525117105824615e-09
2596,PWY-6482-1,PWY3O-15,5.796730819432468e-07,1.894356476938715e-09
2597,PWY3O-954,PWY-5653,1.551443152912019e-07,7.020104764307778e-10
2598,PWY3O-954,PWY-7219,3.5961695532955157e-07,1.7289276698536133e-09
2599,PWY3O-954,PWY-7221,3.5360938010066243e-07,6.476362272905906e-10
2600,PWY3O-954,PWY3O-285,2.420912664241731e-06,1.4779686594882362e-09
2601,PWY3O-954,PWY0-662,3.5334339481769325e-07,1.2942981495153598e-09
2602,PWY3O-954,PWY-5084,3.3449712602728816e-07,7.147374487762568e-10
2603,PWY3O-954,PWY-7176,2.6671411250762004e-07,7.327310783176375e-10
2604,PWY3O-954,PWY-6125,6.175688922779465e-07,7.662145065483207e-10
2605,PWY3O-954,PWY3O-4108,2.1383845762531867e-06,8.9397348505568e-10
2606,PWY3O-954,PWY3O-981,9.767992221508933e-07,1.7890095643789253e-09
2607,PWY3O-954,PWY3O-31704,6.367174571771407e-07,9.795653187340627e-10
2608,PWY3O-954,PWY3O-2220,1.3223961604071352e-07,1.1302531285531068e-09
2609,PWY3O-954,PWY-2201,1.6706448070087727e-06,9.380375109538307e-10
2610,PWY3O-954,PWY3O-4120,1.389399135943347e-07,3.2386926245765664e-10
2611,PWY3O-954,PWY-6614,2.48707709724896e-07,1.594280190544205e-09
2612,PWY3O-954,PWY3O-1,2.3427407162307512e-07,1.8021082432544242e-09
2613,PWY3O-954,PWY3O-214,2.2193127874267127e-06,8.451305359583826e-10
2614,PWY3O-954,PWY3O-50,3.651881558769275e-07,1.7557122878698439e-09
2615,PWY3O-954,PWY3O-20,1.0265290360384861e-06,1.3383690169993301e-09
2616,PWY3O-954,PWY3O-4115,2.255701800295937e-06,8.46417185852134e-10
2617,PWY3O-954,PWY3O-440,5.326759122137419e-07,2.926790726449131e-09
2618,PWY3O-954,PWY3O-259,1.2011188505521767e-07,6.599554123913058e-10
2619,PWY3O-954,PWY3O-697,1.5902159884640004e-06,1.1020207820263343e-09
2620,PWY3O-954,PWY-5760-1,2.939731584809489e-07,1.190174730692101e-09
2621,PWY3O-954,PWY-5041,1.48618513313624e-07,7.621462221211488e-10
2622,PWY3O-954,PWY3O-4300,1.5257534811918405e-06,3.0885697999834826e-09
2623,PWY3O-954,PWY3O-1565,1.002398286483278e-06,1.71350134441586e-09
2624,PWY3O-954,PWY3O-15,1.0766547567012462e-07,9.202177407702958e-10
2625,PWY-5653,PWY-7219,3.112791356142109e-07,1.1444085868169518e-09
2626,PWY-5653,PWY-7221,3.582308998437653e-07,5.017239493610158e-10
2627,PWY-5653,PWY3O-285,1.7943068558009718e-06,8.376782706820597e-10
2628,PWY-5653,PWY0-662,4.2711233281216347e-07,1.1963930891097015e-09
2629,PWY-5653,PWY-5084,2.9374409486012195e-07,4.799740112093496e-10
2630,PWY-5653,PWY-7176,1.3717072799312074e-07,2.8817379830487554e-10
2631,PWY-5653,PWY-6125,6.704337896539068e-07,6.36085189424959e-10
2632,PWY-5653,PWY3O-4108,1.0276617301919622e-06,3.285363587570212e-10
2633,PWY-5653,PWY3O-981,3.941855741525502e-07,5.520806360679975e-10
2634,PWY-5653,PWY3O-31704,6.749699959240083e-07,7.940823481458921e-10
2635,PWY-5653,PWY3O-2220,1.4249901929636637e-07,9.31366139191937e-10
2636,PWY-5653,PWY-2201,1.34365244997145e-06,5.769224774458781e-10
2637,PWY-5653,PWY3O-4120,2.01498613726937e-07,3.591775645756453e-10
2638,PWY-5653,PWY-6614,1.6827982440228278e-07,8.249011000111902e-10
2639,PWY-5653,PWY3O-1,1.6716011052065363e-07,9.832947677685508e-10
2640,PWY-5653,PWY3O-214,1.224687053789985e-06,3.56635717469419e-10
2641,PWY-5653,PWY3O-50,1.858584890503826e-07,6.83303268567583e-10
2642,PWY-5653,PWY3O-20,6.227452550137191e-07,6.208826071921426e-10
2643,PWY-5653,PWY3O-4115,1.2387502705654152e-06,3.5545201450944476e-10
2644,PWY-5653,PWY3O-440,1.1720192868693407e-07,4.924450785165296e-10
2645,PWY-5653,PWY3O-259,1.486773232773119e-07,6.246946356189575e-10
2646,PWY-5653,PWY3O-697,1.094421525001234e-06,5.799796104934997e-10
2647,PWY-5653,PWY-5760-1,1.2622681476773438e-07,3.907950921601684e-10
2648,PWY-5653,PWY-5041,1.9925825274151976e-07,7.814049127118421e-10
2649,PWY-5653,PWY3O-4300,5.432349985561388e-07,8.409210503964998e-10
2650,PWY-5653,PWY3O-1565,3.6897924363999223e-07,4.823258086797284e-10
2651,PWY-5653,PWY3O-15,1.3408060884513782e-07,8.763438486610316e-10
2652,PWY-7219,PWY-7221,7.888596816214598e-07,1.1738983357462199e-09
2653,PWY-7219,PWY3O-285,2.0101086771072632e-06,9.97077716819079e-10
2654,PWY-7219,PWY0-662,8.471370639070763e-07,2.5212412616282034e-09
2655,PWY-7219,PWY-5084,2.699061904183844e-07,4.685871361430285e-10
2656,PWY-7219,PWY-7176,1.5643452037742882e-07,3.4918419727104645e-10
2657,PWY-7219,PWY-6125,1.2158519172256073e-06,1.2256571746225881e-09
2658,PWY-7219,PWY3O-4108,6.3469591473001306e-06,2.1558964494905333e-09
2659,PWY-7219,PWY3O-981,9.279659802428929e-07,1.3809017563138289e-09
2660,PWY-7219,PWY3O-31704,7.400132727971807e-07,9.250165909964758e-10
2661,PWY-7219,PWY3O-2220,1.4436644773940168e-07,1.0025447759680673e-09
2662,PWY-7219,PWY-2201,3.1016389780540947e-06,1.4149812856086199e-09
2663,PWY-7219,PWY3O-4120,3.292749845027013e-07,6.236268645884495e-10
2664,PWY-7219,PWY-6614,1.7761849370826485e-07,9.250963213972128e-10
2665,PWY-7219,PWY3O-1,1.9003537085394684e-07,1.1877210678371677e-09
2666,PWY-7219,PWY3O-214,6.754334306545952e-06,2.089831159203574e-09
2667,PWY-7219,PWY3O-50,1.2403433656290777e-07,4.845091271988585e-10
2668,PWY-7219,PWY3O-20,2.185700093512614e-06,2.3153602685514983e-09
2669,PWY-7219,PWY3O-4115,6.7693749971783154e-06,2.063833840603145e-09
2670,PWY-7219,PWY3O-440,5.740759887228796e-07,2.562839235369998e-09
2671,PWY-7219,PWY3O-259,2.0015636877959334e-07,8.935552177660417e-10
2672,PWY-7219,PWY3O-697,3.1066912731457573e-06,1.749263104248737e-09
2673,PWY-7219,PWY-5760-1,4.2489828869162785e-07,1.397691739117197e-09
2674,PWY-7219,PWY-5041,2.5595645345747945e-07,1.0664852227394978e-09
2675,PWY-7219,PWY3O-4300,3.7341988796101984e-07,6.14177447304309e-10
2676,PWY-7219,PWY3O-1565,6.418930054644837e-07,8.915180631451163e-10
2677,PWY-7219,PWY3O-15,1.0209898365273236e-07,7.090207198106413e-10
2678,PWY-7221,PWY3O-285,4.003077558496255e-06,7.564394479395796e-10
2679,PWY-7221,PWY0-662,5.140249413696862e-07,5.827947181062202e-10
2680,PWY-7221,PWY-5084,7.005854170956877e-07,4.63350143581804e-10
2681,PWY-7221,PWY-7176,1.6752916425238956e-06,1.4245677232346052e-09
2682,PWY-7221,PWY-6125,1.344437713998996e-06,5.162971251916268e-10
2683,PWY-7221,PWY3O-4108,6.144892320052138e-06,7.951465217458771e-10
2684,PWY-7221,PWY3O-981,3.167325601315954e-06,1.7955360551677744e-09
2685,PWY-7221,PWY3O-31704,1.7716570449735993e-06,8.436462118921902e-10
2686,PWY-7221,PWY3O-2220,3.594778203894937e-07,9.509995248399304e-10
2687,PWY-7221,PWY-2201,3.1369567197555754e-06,5.451784358282196e-10
2688,PWY-7221,PWY3O-4120,5.111102679875812e-07,3.6876642711946695e-10
2689,PWY-7221,PWY-6614,3.741489550469231e-07,7.423590377915141e-10
2690,PWY-7221,PWY3O-1,6.706978066865044e-07,1.5968995397297725e-09
2691,PWY-7221,PWY3O-214,7.652317453784101e-06,9.019704683856789e-10
2692,PWY-7221,PWY3O-50,5.864851286084803e-07,8.727457270959529e-10
2693,PWY-7221,PWY3O-20,1.2187510821521986e-06,4.918285238709437e-10
2694,PWY-7221,PWY3O-4115,7.937273412541304e-06,9.218668307248901e-10
2695,PWY-7221,PWY3O-440,1.488996066149624e-06,2.5323062349483403e-09
2696,PWY-7221,PWY3O-259,7.050682769936498e-07,1.1990957091728738e-09
2697,PWY-7221,PWY3O-697,2.4425878517816736e-06,5.239356181427872e-10
2698,PWY-7221,PWY-5760-1,1.2035989478263839e-06,1.508269358178426e-09
2699,PWY-7221,PWY-5041,6.958600551778099e-07,1.1045397701235078e-09
2700,PWY-7221,PWY3O-4300,2.2840576368211365e-06,1.4311138075320405e-09
2701,PWY-7221,PWY3O-1565,1.2367187646991652e-06,6.54348552750881e-10
2702,PWY-7221,PWY3O-15,4.1439258265672136e-07,1.09627667369503e-09
2703,PWY3O-285,PWY0-662,3.0728522983096327e-06,1.1613198406310025e-09
2704,PWY3O-285,PWY-5084,3.3656359209237892e-06,7.419832277168848e-10
2705,PWY3O-285,PWY-7176,3.935156903191984e-06,1.1154072854852562e-09
2706,PWY3O-285,PWY-6125,6.929621526462845e-06,8.870483264801388e-10
2707,PWY3O-285,PWY3O-4108,2.2405880264911564e-05,9.664372094941152e-10
2708,PWY3O-285,PWY3O-981,7.54397409402157e-06,1.4255431016669635e-09
2709,PWY3O-285,PWY3O-31704,7.0644105697003355e-06,1.1213350110635455e-09
2710,PWY3O-285,PWY3O-2220,1.3075833795936565e-06,1.1530717633101026e-09
2711,PWY3O-285,PWY-2201,1.5940551897680443e-05,9.234475667756021e-10
2712,PWY3O-285,PWY3O-4120,1.8489175233857948e-06,4.4466510903939273e-10
2713,PWY3O-285,PWY-6614,1.0629008097492835e-06,7.029767260246585e-10
2714,PWY3O-285,PWY3O-1,2.0134135730932038e-06,1.5979472802327016e-09
2715,PWY3O-285,PWY3O-214,2.5659834130477054e-05,1.0081657288416256e-09
2716,PWY3O-285,PWY3O-50,3.110991017888463e-06,1.543150306492293e-09
2717,PWY3O-285,PWY3O-20,8.554561795205953e-06,1.1507347047627056e-09
2718,PWY3O-285,PWY3O-4115,2.616511793620528e-05,1.0129739812700457e-09
2719,PWY3O-285,PWY3O-440,4.090906048248223e-06,2.319107737102167e-09
2720,PWY3O-285,PWY3O-259,1.654946992235121e-06,9.381785670267127e-10
2721,PWY3O-285,PWY3O-697,1.4157233444350324e-05,1.0122432035142516e-09
2722,PWY3O-285,PWY-5760-1,2.3850544002658006e-06,9.962633250901423e-10
2723,PWY3O-285,PWY-5041,2.5879343185293516e-06,1.369277417211297e-09
2724,PWY3O-285,PWY3O-4300,7.072135884537969e-06,1.4770542783078464e-09
2725,PWY3O-285,PWY3O-1565,3.7448892618265185e-06,6.604742966184337e-10
2726,PWY3O-285,PWY3O-15,1.8885844197013777e-06,1.6654183595250244e-09
2727,PWY0-662,PWY-5084,2.9731063240407376e-07,3.9326803228052086e-10
2728,PWY0-662,PWY-7176,5.824394239051096e-07,9.9054323793386e-10
2729,PWY0-662,PWY-6125,1.0374861501155024e-06,7.968403610718145e-10
2730,PWY0-662,PWY3O-4108,1.927669256872601e-06,4.988792072651659e-10
2731,PWY0-662,PWY3O-981,1.088515959438153e-06,1.2341450787280648e-09
2732,PWY0-662,PWY3O-31704,1.0414650700476452e-06,9.918714952834716e-10
2733,PWY0-662,PWY3O-2220,9.303262857272454e-08,4.922361300144156e-10
2734,PWY0-662,PWY-2201,1.833885655944752e-06,6.374298421775294e-10
2735,PWY0-662,PWY3O-4120,2.3898115935431357e-07,3.4485015779843227e-10
2736,PWY0-662,PWY-6614,8.669319954412175e-08,3.4402063311159423e-10
2737,PWY0-662,PWY3O-1,2.1984455666642914e-07,1.0468788412687102e-09
2738,PWY0-662,PWY3O-214,2.5448890901277584e-06,5.999267067722203e-10
2739,PWY0-662,PWY3O-50,7.694503574833863e-07,2.290030825843411e-09
2740,PWY0-662,PWY3O-20,1.0419165459604576e-06,8.409334511383837e-10
2741,PWY0-662,PWY3O-4115,2.561773149039133e-06,5.950692564550831e-10
2742,PWY0-662,PWY3O-440,3.944133821653816e-07,1.3415421162087809e-09
2743,PWY0-662,PWY3O-259,1.590379047826678e-07,5.409452543628157e-10
2744,PWY0-662,PWY3O-697,1.5482946988952654e-06,6.642190900451589e-10
2745,PWY0-662,PWY-5760-1,2.537937026203335e-07,6.360744426574775e-10
2746,PWY0-662,PWY-5041,3.0971335850829133e-07,9.832170111374329e-10
2747,PWY0-662,PWY3O-4300,9.609750321292477e-07,1.2042293635704858e-09
2748,PWY0-662,PWY3O-1565,6.406423520301197e-07,6.779284148466875e-10
2749,PWY0-662,PWY3O-15,4.3314451117069697e-07,2.291769900374058e-09
2750,PWY-5084,PWY-7176,2.1752563534290603e-07,2.1579924141161313e-10
2751,PWY-5084,PWY-6125,1.1435293039007143e-06,5.123339175182413e-10
2752,PWY-5084,PWY3O-4108,5.398908054334697e-06,8.15052544434586e-10
2753,PWY-5084,PWY3O-981,1.3922167881562751e-06,9.207782990451555e-10
2754,PWY-5084,PWY3O-31704,1.7107649438754316e-06,9.504249688196841e-10
2755,PWY-5084,PWY3O-2220,7.620278138494598e-07,2.3519376970662337e-09
2756,PWY-5084,PWY-2201,3.08473428644917e-06,6.254530183392478e-10
2757,PWY-5084,PWY3O-4120,1.385764065957579e-07,1.166468068987861e-10
2758,PWY-5084,PWY-6614,3.741688072273948e-07,8.661314982115619e-10
2759,PWY-5084,PWY3O-1,8.063761597384239e-07,2.2399337770511777e-09
2760,PWY-5084,PWY3O-214,6.474311733409689e-06,8.903068940332356e-10
2761,PWY-5084,PWY3O-50,8.591551328050607e-07,1.4915887722310082e-09
2762,PWY-5084,PWY3O-20,1.3001659262624152e-06,6.121308504060335e-10
2763,PWY-5084,PWY3O-4115,6.56665063856482e-06,8.897900594261275e-10
2764,PWY-5084,PWY3O-440,9.876495756129285e-07,1.9596221738351756e-09
2765,PWY-5084,PWY3O-259,3.078964598032429e-07,6.109056742127835e-10
2766,PWY-5084,PWY3O-697,1.9448075594354177e-06,4.866885784372917e-10
2767,PWY-5084,PWY-5760-1,2.8403695551044515e-07,4.152587068866157e-10
2768,PWY-5084,PWY-5041,1.0344177156569578e-07,1.9155883623276995e-10
2769,PWY-5084,PWY3O-4300,6.032949369713554e-07,4.4100507088549376e-10
2770,PWY-5084,PWY3O-1565,1.3361585742292305e-06,8.247892433513768e-10
2771,PWY-5084,PWY3O-15,1.1005673867864001e-07,3.3968129221802476e-10
2772,PWY-7176,PWY-6125,2.058098014700786e-06,1.1855403310488396e-09
2773,PWY-7176,PWY3O-4108,2.3858237825489694e-06,4.630869143146292e-10
2774,PWY-7176,PWY3O-981,1.2057333456775742e-06,1.0252834572088216e-09
2775,PWY-7176,PWY3O-31704,1.6654093967618534e-06,1.1895781405441812e-09
2776,PWY-7176,PWY3O-2220,2.0215600935103487e-07,8.022063863136303e-10
2777,PWY-7176,PWY-2201,2.7832349797069784e-06,7.255565640529141e-10
2778,PWY-7176,PWY3O-4120,6.10093341625393e-07,6.602741792482609e-10
2779,PWY-7176,PWY-6614,2.2048344055642903e-07,6.562007159417531e-10
2780,PWY-7176,PWY3O-1,2.1714793488367576e-07,7.755283388702706e-10
2781,PWY-7176,PWY3O-214,2.7312883729354003e-06,4.829010560352547e-10
2782,PWY-7176,PWY3O-50,1.5731459638278659e-06,3.5114865264014863e-09
2783,PWY-7176,PWY3O-20,8.357100130861768e-07,5.058777318923588e-10
2784,PWY-7176,PWY3O-4115,2.8592797580965807e-06,4.981323620377318e-10
2785,PWY-7176,PWY3O-440,6.248142933784334e-07,1.5939140137204936e-09
2786,PWY-7176,PWY3O-259,2.621721032924576e-07,6.688063859501469e-10
2787,PWY-7176,PWY3O-697,2.296066407432883e-06,7.387601053516355e-10
2788,PWY-7176,PWY-5760-1,6.073797351993472e-07,1.1416912315777202e-09
2789,PWY-7176,PWY-5041,4.975543168423912e-07,1.1846531353390268e-09
2790,PWY-7176,PWY3O-4300,6.286824483241497e-07,5.90866962710667e-10
2791,PWY-7176,PWY3O-1565,6.807909267211125e-07,5.403102593024702e-10
2792,PWY-7176,PWY3O-15,2.5995620969527976e-07,1.0315722606955546e-09
2793,PWY-6125,PWY3O-4108,1.1091855882244815e-05,9.722875072093983e-10
2794,PWY-6125,PWY3O-981,4.56918002922258e-06,1.7546774305770275e-09
2795,PWY-6125,PWY3O-31704,3.173631604023592e-06,1.0237521303301907e-09
2796,PWY-6125,PWY3O-2220,5.943325428398519e-07,1.0651120839423867e-09
2797,PWY-6125,PWY-2201,6.272724344803924e-06,7.384888562283876e-10
2798,PWY-6125,PWY3O-4120,7.568393701286479e-07,3.6991171560539974e-10
2799,PWY-6125,PWY-6614,4.90493490117264e-07,6.592654437059999e-10
2800,PWY-6125,PWY3O-1,9.223120113738582e-07,1.4876000183449326e-09
2801,PWY-6125,PWY3O-214,1.2910612615643996e-05,1.030869739351964e-09
2802,PWY-6125,PWY3O-50,8.524366119678271e-07,8.593111007740192e-10
2803,PWY-6125,PWY3O-20,3.2728748599993117e-06,8.947170202294456e-10
2804,PWY-6125,PWY3O-4115,1.325349974823353e-05,1.042761585226871e-09
2805,PWY-6125,PWY3O-440,2.482257462925355e-06,2.8597436208817455e-09
2806,PWY-6125,PWY3O-259,9.376644321426539e-07,1.0802585623763294e-09
2807,PWY-6125,PWY3O-697,5.099004795031726e-06,7.409190344422735e-10
2808,PWY-6125,PWY-5760-1,1.526630913633337e-06,1.2959515395868736e-09
2809,PWY-6125,PWY-5041,9.211332330134069e-07,9.904658419499e-10
2810,PWY-6125,PWY3O-4300,4.354189534293582e-06,1.8481279856933708e-09
2811,PWY-6125,PWY3O-1565,2.11719452849448e-06,7.588510854818924e-10
2812,PWY-6125,PWY3O-15,1.038686172005826e-06,1.8614447526986128e-09
2813,PWY3O-4108,PWY3O-981,7.89717431559241e-06,1.0218910863861813e-09
2814,PWY3O-4108,PWY3O-31704,8.088024016102234e-06,8.791330452285036e-10
2815,PWY3O-4108,PWY3O-2220,1.187433096688518e-06,7.170489714302645e-10
2816,PWY3O-4108,PWY-2201,1.9295829663476488e-05,7.654645217183628e-10
2817,PWY3O-4108,PWY3O-4120,1.927667492234337e-06,3.174682958225193e-10
2818,PWY3O-4108,PWY-6614,2.920174709764252e-06,1.3225428939149692e-09
2819,PWY3O-4108,PWY3O-1,2.019169958852262e-06,1.0973749776370986e-09
2820,PWY3O-4108,PWY3O-214,1.6582309025998585e-05,4.4614477577482204e-10
2821,PWY3O-4108,PWY3O-50,2.10446741436782e-06,7.148326815108083e-10
2822,PWY3O-4108,PWY3O-20,7.233359751938027e-06,6.663006403774895e-10
2823,PWY3O-4108,PWY3O-4115,1.6979385213369217e-05,4.501427681168934e-10
2824,PWY3O-4108,PWY3O-440,2.8582540960408958e-06,1.1095706894568694e-09
2825,PWY3O-4108,PWY3O-259,1.025783272759776e-06,3.9820779222040996e-10
2826,PWY3O-4108,PWY3O-697,1.5832123835281232e-05,7.751725340423635e-10
2827,PWY3O-4108,PWY-5760-1,1.5585682871277339e-06,4.4581472743928314e-10
2828,PWY3O-4108,PWY-5041,4.398021519878175e-06,1.593486057926875e-09
2829,PWY3O-4108,PWY3O-4300,4.864547896703879e-06,6.95730534425612e-10
2830,PWY3O-4108,PWY3O-1565,3.356302884886112e-06,4.0535058996209087e-10
2831,PWY3O-4108,PWY3O-15,2.1546890193654904e-06,1.3011407121772287e-09
2832,PWY3O-981,PWY3O-31704,2.0394794521171583e-06,9.71180691484361e-10
2833,PWY3O-981,PWY3O-2220,4.095096928384171e-07,1.083358975763008e-09
2834,PWY3O-981,PWY-2201,6.443024425503524e-06,1.1197470325866395e-09
2835,PWY3O-981,PWY3O-4120,2.0034724155614197e-06,1.4455067933343579e-09
2836,PWY3O-981,PWY-6614,7.716949773553833e-07,1.5311408280860781e-09
2837,PWY3O-981,PWY3O-1,7.627220632649973e-07,1.8160049125357078e-09
2838,PWY3O-981,PWY3O-214,8.386706145726415e-06,9.885320775255085e-10
2839,PWY3O-981,PWY3O-50,1.6523197173426135e-06,2.458809103188413e-09
2840,PWY3O-981,PWY3O-20,3.4753155190764943e-06,1.402467925373888e-09
2841,PWY3O-981,PWY3O-4115,8.667280914897952e-06,1.0066528356443614e-09
2842,PWY3O-981,PWY3O-440,3.2519900946603025e-07,5.530595399082148e-10
2843,PWY3O-981,PWY3O-259,4.321335770574472e-07,7.349210494174271e-10
2844,PWY3O-981,PWY3O-697,5.827566922908631e-06,1.2500143549782563e-09
2845,PWY3O-981,PWY-5760-1,1.1889225871248644e-06,1.4898779287279003e-09
2846,PWY3O-981,PWY-5041,5.614314053704199e-07,8.911609609054285e-10
2847,PWY3O-981,PWY3O-4300,1.3383860906842058e-06,8.385877761179233e-10
2848,PWY3O-981,PWY3O-1565,1.6861402313476668e-06,8.92137688543739e-10
2849,PWY3O-981,PWY3O-15,2.3445038274040944e-07,6.202391077788609e-10
2850,PWY3O-31704,PWY3O-2220,8.233021627439229e-07,1.829560361653162e-09
2851,PWY3O-31704,PWY-2201,6.713046114889832e-06,9.800067321007053e-10
2852,PWY3O-31704,PWY3O-4120,1.0334768241086541e-06,6.263495903688813e-10
2853,PWY3O-31704,PWY-6614,9.324412386221788e-07,1.554068731036965e-09
2854,PWY3O-31704,PWY3O-1,1.142943715479827e-06,2.2858874309596538e-09
2855,PWY3O-31704,PWY3O-214,8.740957005771446e-06,8.654412877001431e-10
2856,PWY3O-31704,PWY3O-50,7.5379862691671e-07,9.422482836458874e-10
2857,PWY3O-31704,PWY3O-20,2.79647709672396e-06,9.479583378725288e-10
2858,PWY3O-31704,PWY3O-4115,8.82336506974157e-06,8.608161043650311e-10
2859,PWY3O-31704,PWY3O-440,7.994190055113154e-07,1.1420271507304507e-09
2860,PWY3O-31704,PWY3O-259,3.420601959506731e-07,4.886574227866759e-10
2861,PWY3O-31704,PWY3O-697,5.677009615108327e-06,1.0228846153348339e-09
2862,PWY3O-31704,PWY-5760-1,1.1184457175535685e-06,1.1773112816353353e-09
2863,PWY3O-31704,PWY-5041,6.40314129312988e-07,8.537521724173174e-10
2864,PWY3O-31704,PWY3O-4300,2.2877470882072565e-06,1.2040774148459246e-09
2865,PWY3O-31704,PWY3O-1565,1.7313480918126764e-06,7.694880408056339e-10
2866,PWY3O-31704,PWY3O-15,1.0988295235143747e-06,2.4418433855874997e-09
2867,PWY3O-2220,PWY-2201,1.5674799818444945e-06,1.2712733023880732e-09
2868,PWY3O-2220,PWY3O-4120,1.1894435626370031e-07,4.0048604802592697e-10
2869,PWY3O-2220,PWY-6614,9.880480275394381e-08,9.14859284758739e-10
2870,PWY3O-2220,PWY3O-1,6.286235365544081e-08,6.984705961715647e-10
2871,PWY3O-2220,PWY3O-214,1.3510347462788135e-06,7.43143424795827e-10
2872,PWY3O-2220,PWY3O-50,2.168738899547886e-07,1.5060686802415875e-09
2873,PWY3O-2220,PWY3O-20,4.044947266331116e-07,7.617603138100029e-10
2874,PWY3O-2220,PWY3O-4115,1.3877861886992127e-06,7.521876361513349e-10
2875,PWY3O-2220,PWY3O-440,3.307168297059157e-07,2.6247367436977436e-09
2876,PWY3O-2220,PWY3O-259,9.840363599933549e-08,7.809812380899642e-10
2877,PWY3O-2220,PWY3O-697,1.4152335080011857e-06,1.416650158159345e-09
2878,PWY3O-2220,PWY-5760-1,7.21600714763217e-08,4.2198872208375264e-10
2879,PWY3O-2220,PWY-5041,1.9670762083977344e-07,1.4570934877020255e-09
2880,PWY3O-2220,PWY3O-4300,4.18249606807233e-07,1.2229520666878157e-09
2881,PWY3O-2220,PWY3O-1565,2.2017615595100852e-07,5.43644829508663e-10
2882,PWY3O-2220,PWY3O-15,1.3166649886140439e-07,1.6255123316222763e-09
2883,PWY-2201,PWY3O-4120,3.4899115208662925e-06,7.719335370197507e-10
2884,PWY-2201,PWY-6614,1.248384516780642e-06,7.593579785770328e-10
2885,PWY-2201,PWY3O-1,2.0998796263638434e-06,1.5327588513604696e-09
2886,PWY-2201,PWY3O-214,2.1885393421830675e-05,7.908286992061384e-10
2887,PWY-2201,PWY3O-50,1.4882618408903331e-06,6.789515697492397e-10
2888,PWY-2201,PWY3O-20,4.33825403631989e-06,5.367133534974502e-10
2889,PWY-2201,PWY3O-4115,2.258381661408716e-05,8.041237890007891e-10
2890,PWY-2201,PWY3O-440,3.118510005790595e-06,1.625917625542542e-09
2891,PWY-2201,PWY3O-259,1.5326929890363075e-06,7.991100047113178e-10
2892,PWY-2201,PWY3O-697,8.316650006639713e-06,5.468961666758541e-10
2893,PWY-2201,PWY-5760-1,2.524294947136714e-06,9.697637138443005e-10
2894,PWY-2201,PWY-5041,1.0986026996267293e-06,5.345998538329582e-10
2895,PWY-2201,PWY3O-4300,4.650432662353899e-06,8.932832620733575e-10
2896,PWY-2201,PWY3O-1565,3.871315277105994e-06,6.279505721177606e-10
2897,PWY-2201,PWY3O-15,1.8363497696685283e-06,1.489334768587614e-09
2898,PWY3O-4120,PWY-6614,3.8341048929955113e-07,9.68208306311998e-10
2899,PWY3O-4120,PWY3O-1,3.1813085270503653e-07,9.640328869849592e-10
2900,PWY3O-4120,PWY3O-214,2.028440553843669e-06,3.042965127278231e-10
2901,PWY3O-4120,PWY3O-50,4.543478276517362e-07,8.605072493404094e-10
2902,PWY3O-4120,PWY3O-20,1.644365271013451e-06,8.445635701147669e-10
2903,PWY3O-4120,PWY3O-4115,2.1327719406419544e-06,3.1526562315476043e-10
2904,PWY3O-4120,PWY3O-440,4.719454112581487e-07,1.021526864195127e-09
2905,PWY3O-4120,PWY3O-259,1.126556605851918e-07,2.4384342118006883e-10
2906,PWY3O-4120,PWY3O-697,2.3855210792159656e-06,6.512479058738645e-10
2907,PWY3O-4120,PWY-5760-1,4.368377633161552e-07,6.967109462777595e-10
2908,PWY3O-4120,PWY-5041,2.0031774834238485e-07,4.0468231988360575e-10
2909,PWY3O-4120,PWY3O-4300,2.2439288125045616e-06,1.7894169158728563e-09
2910,PWY3O-4120,PWY3O-1565,3.7837203983119195e-07,2.5479598641831106e-10
2911,PWY3O-4120,PWY3O-15,4.204013795582549e-07,1.4154928604655047e-09
2912,PWY-6614,PWY3O-1,1.0281518924051807e-07,8.56793243670984e-10
2913,PWY-6614,PWY3O-214,3.012076527595494e-06,1.2426058282159629e-09
2914,PWY-6614,PWY3O-50,1.6374417806547663e-06,8.528342607576909e-09
2915,PWY-6614,PWY3O-20,5.782805108700236e-07,8.167803825847791e-10
2916,PWY-6614,PWY3O-4115,3.1279605938849458e-06,1.2715286967011974e-09
2917,PWY-6614,PWY3O-440,3.462887103911393e-07,2.0612423237567816e-09
2918,PWY-6614,PWY3O-259,1.272786664307341e-07,7.576111097067506e-10
2919,PWY-6614,PWY3O-697,1.1539594019730724e-06,8.663358873671715e-10
2920,PWY-6614,PWY-5760-1,4.944373548315825e-07,2.1685848896122037e-09
2921,PWY-6614,PWY-5041,1.843428853612619e-07,1.0241271408958996e-09
2922,PWY-6614,PWY3O-4300,4.891311893773412e-07,1.0726561170555728e-09
2923,PWY-6614,PWY3O-1565,2.716597487903553e-07,5.030736088710283e-10
2924,PWY-6614,PWY3O-15,5.73082183478165e-08,5.306316513686713e-10
2925,PWY3O-1,PWY3O-214,2.1841229141286803e-06,1.0812489673904358e-09
2926,PWY3O-1,PWY3O-50,2.4464956771529823e-07,1.5290597982206138e-09
2927,PWY3O-1,PWY3O-20,7.610033055957165e-07,1.2898361111791805e-09
2928,PWY3O-1,PWY3O-4115,2.2208819580677556e-06,1.0833570527159784e-09
2929,PWY3O-1,PWY3O-440,4.445334186568099e-07,3.175238704691499e-09
2930,PWY3O-1,PWY3O-259,1.0236222865608941e-07,7.311587761149244e-10
2931,PWY3O-1,PWY3O-697,1.94977759523569e-06,1.7565563921042253e-09
2932,PWY3O-1,PWY-5760-1,8.175783718897251e-08,4.3030440625775e-10
2933,PWY3O-1,PWY-5041,2.909848453866669e-07,1.939898969244446e-09
2934,PWY3O-1,PWY3O-4300,7.245914881704634e-07,1.906819705711746e-09
2935,PWY3O-1,PWY3O-1565,2.435821991129469e-07,5.412937758065487e-10
2936,PWY3O-1,PWY3O-15,1.3465769646054129e-07,1.4961966273393477e-09
2937,PWY3O-214,PWY3O-50,2.6933529939811623e-06,8.333394164545676e-10
2938,PWY3O-214,PWY3O-20,8.358784681697005e-06,7.013580031630312e-10
2939,PWY3O-214,PWY3O-4115,1.91057374000062e-05,4.6137979715059647e-10
2940,PWY3O-214,PWY3O-440,2.930266811738323e-06,1.0361622389456588e-09
2941,PWY3O-214,PWY3O-259,1.1489593673223096e-06,4.0627983285795956e-10
2942,PWY3O-214,PWY3O-697,1.814064315920281e-05,8.090555329231472e-10
2943,PWY3O-214,PWY-5760-1,1.6442565421480986e-06,4.284149406326468e-10
2944,PWY3O-214,PWY-5041,4.6514007700538926e-06,1.5351157656943538e-09
2945,PWY3O-214,PWY3O-4300,5.227136536805609e-06,6.809714091721741e-10
2946,PWY3O-214,PWY3O-1565,4.077049022666888e-06,4.4852024451780946e-10
2947,PWY3O-214,PWY3O-15,2.462274699222136e-06,1.3543865232244972e-09
2948,PWY3O-50,PWY3O-20,5.692300545020688e-07,6.029979390911746e-10
2949,PWY3O-50,PWY3O-4115,2.7030283698420843e-06,8.240940151957574e-10
2950,PWY3O-50,PWY3O-440,6.183852410872226e-07,2.760648397710815e-09
2951,PWY3O-50,PWY3O-259,4.92191072127375e-07,2.1972815719972096e-09
2952,PWY3O-50,PWY3O-697,1.4682110707432417e-06,8.266954227157893e-10
2953,PWY3O-50,PWY-5760-1,6.131137914972933e-07,2.016821682556886e-09
2954,PWY3O-50,PWY-5041,1.7295923785459022e-07,7.206634910607925e-10
2955,PWY3O-50,PWY3O-4300,7.763346864467474e-07,1.2768662606032029e-09
2956,PWY3O-50,PWY3O-1565,1.7193079649363901e-06,2.3879277290783194e-09
2957,PWY3O-50,PWY3O-15,4.4424781874082767e-07,3.0850542968113035e-09
2958,PWY3O-20,PWY3O-4115,8.676497213327385e-06,7.17362316108093e-10
2959,PWY3O-20,PWY3O-440,1.1417387390282232e-06,1.3822502893804156e-09
2960,PWY3O-20,PWY3O-259,3.365798403385496e-07,4.074816468989705e-10
2961,PWY3O-20,PWY3O-697,3.4360162104854743e-06,5.246627287349938e-10
2962,PWY3O-20,PWY-5760-1,1.973801109081e-06,1.7607503203220337e-09
2963,PWY3O-20,PWY-5041,7.042403901649543e-07,7.957518532937337e-10
2964,PWY3O-20,PWY3O-4300,2.7815873505338834e-06,1.240672324056148e-09
2965,PWY3O-20,PWY3O-1565,2.0931357218838867e-06,7.883750364911062e-10
2966,PWY3O-20,PWY3O-15,1.031382673584027e-06,1.9423402515706723e-09
2967,PWY3O-4115,PWY3O-440,3.061719602725334e-06,1.0668012553049943e-09
2968,PWY3O-4115,PWY3O-259,1.1577563605519007e-06,4.033994287637284e-10
2969,PWY3O-4115,PWY3O-697,1.877225008822557e-05,8.249725373863138e-10
2970,PWY3O-4115,PWY-5760-1,1.7554127353036813e-06,4.506836290895202e-10
2971,PWY3O-4115,PWY-5041,4.67406035426242e-06,1.520019627402413e-09
2972,PWY3O-4115,PWY3O-4300,5.40199155608919e-06,6.934520611154288e-10
2973,PWY3O-4115,PWY3O-1565,4.200066299785648e-06,4.5529173981416243e-10
2974,PWY3O-4115,PWY3O-15,2.508832915183434e-06,1.3598010380398014e-09
2975,PWY3O-440,PWY3O-259,2.1483167748522449e-07,1.0960799871695126e-09
2976,PWY3O-440,PWY3O-697,2.4387903502372258e-06,1.5693631597408144e-09
2977,PWY3O-440,PWY-5760-1,9.222081013283808e-07,3.466947749354815e-09
2978,PWY3O-440,PWY-5041,2.0639724954821367e-07,9.828440454676842e-10
2979,PWY3O-440,PWY3O-4300,1.039538085063195e-06,1.954018956885705e-09
2980,PWY3O-440,PWY3O-1565,8.577223822759769e-07,1.361464098850757e-09
2981,PWY3O-440,PWY3O-15,1.3531613559668956e-07,1.0739375841007108e-09
2982,PWY3O-259,PWY3O-697,1.161781093208209e-06,7.476068810863634e-10
2983,PWY3O-259,PWY-5760-1,1.6937814204495917e-07,6.367599324998465e-10
2984,PWY3O-259,PWY-5041,1.1011100130526258e-07,5.243381014536314e-10
2985,PWY3O-259,PWY3O-4300,4.309594478401149e-07,8.100741500754039e-10
2986,PWY3O-259,PWY3O-1565,1.671620957387008e-07,2.6533665990269967e-10
2987,PWY3O-259,PWY3O-15,1.488081101209663e-07,1.181016746991796e-09
2988,PWY3O-697,PWY-5760-1,2.4293807560471654e-06,1.1519112167127386e-09
2989,PWY3O-697,PWY-5041,1.1296741108283464e-06,6.784829494464543e-10
2990,PWY3O-697,PWY3O-4300,4.3976908538157546e-06,1.042600961075333e-09
2991,PWY3O-697,PWY3O-1565,3.626929980938428e-06,7.261121082959817e-10
2992,PWY3O-697,PWY3O-15,1.7527752798058038e-06,1.754529809615419e-09
2993,PWY-5760-1,PWY-5041,2.969632362134951e-07,1.0419762674157723e-09
2994,PWY-5760-1,PWY3O-4300,3.49498485587572e-07,4.840699246365263e-10
2995,PWY-5760-1,PWY3O-1565,4.129960072120526e-07,4.830362657450908e-10
2996,PWY-5760-1,PWY3O-15,4.548307955704932e-07,2.659829213862533e-09
2997,PWY-5041,PWY3O-4300,7.986162308425326e-07,1.4010811067412854e-09
2998,PWY-5041,PWY3O-1565,1.1914473772566463e-06,1.765107225565402e-09
2999,PWY-5041,PWY3O-15,2.736541293823556e-07,2.0270676250544857e-09
3000,PWY3O-4300,PWY3O-1565,1.6456298379418211e-06,9.623566303753339e-10
3001,PWY3O-4300,PWY3O-15,3.78296228256536e-07,1.1061293223875322e-09
3002,PWY3O-1565,PWY3O-15,6.261301705578686e-07,1.5460004211305396e-09
