gene1	gene2	mean_VC
RFS1	VPS64	3.923454948756614e-11
SPO13	CAB2	1.8766408435078557e-09
YDR524W-C	CCM1	2.964644424022931e-10
SPO71	PNT1	2.629547964520279e-10
SIT4	TFB4	2.085446460528994e-09
ALG1	POB3	3.5388392589019655e-09
TIM12	FAL1	4.060810618455072e-10
DRN1	SPG1	1.139393398602945e-11
ECM2	SKM1	5.431466810559794e-11
TOS8	USV1	7.3320194685416855e-09
RPM2	GPN2	4.751970098250626e-12
SPT6	ADD37	2.2177811185302223e-09
MMF1	RPL43A	4.721097157871755e-09
VPS8	UBP9	2.6910486725712494e-09
CWP2	MFT1	7.631132445221114e-12
PIC2	GPP1	1.2005418788825565e-09
MUP1	MYO3	1.3672431538896422e-09
YDR010C	TVP15	1.3923001206531484e-09
DBF4	YLR112W	4.4392591577587684e-10
YKL063C	TRZ1	6.320086616124652e-10
DUR12	SKN7	1.174681823676812e-10
RIT1	YOR161C-C	3.28801951158018e-09
TRP4	CHA4	3.1670126770793507e-10
STF1	MRS2	6.070863598460136e-10
YJL163C	SKG1	5.132460087090988e-09
PMR1	MUK1	9.014768043734069e-10
ROT2	SHR3	3.5399870705362077e-10
SKI6	MBB1	1.4003451471006258e-09
SNA4	KEL2	1.273008037682688e-10
RRP1	HOG1	1.7427183691444553e-11
RPL34B	FSH2	2.759875392155582e-09
NSA2	YLL032C	9.254990948107418e-11
YKR045C	IZH3	1.3532869273712574e-09
CUL3	RRD1	1.9054281181683516e-09
ASF2	YFL040W	9.436977190559943e-10
ARD1	ELG1	1.0396181157862814e-10
PMD1	ELP6	4.6057171812117226e-10
RRT14	YLR108C	7.131712017962432e-10
SRB5	MDL2	9.35671601972013e-10
BIK1	MCM22	1.0717203140471394e-10
SUS1	YGR204C-A	8.488885029103148e-11
HIT1	SGD1	4.265757656696306e-10
HMRA2	SLN1	2.1328973347590587e-10
YGR016W	MEX67	3.6903550032199304e-10
IMO32	ANB1	4.731210110073679e-11
GUF1	MNT4	3.804430469453271e-11
CAN1	PRM15	4.6485215600564754e-11
YDR524W-C	CRG1	1.4336514949843606e-10
RPN1	YPL229W	4.751853450008425e-10
KOG1	IES4	2.712184499479808e-09
MRPL39	AEP3	2.821976142264476e-09
MMS22	CIP1	1.4821918221014446e-09
ESP1	AYT1	2.3681002754589266e-09
GRX2	AVO1	8.81038455516268e-12
PTC1	DOM34	6.709451084376601e-10
THI2	YDR182W-A	3.8188521164924956e-11
YER034W	AST2	1.3069177164696145e-09
ERV41	CTR1	3.0255256813624064e-09
SED4	YLR179C	1.8095792739792344e-10
CKI1	MRI1	4.5425450225440455e-10
CAF40	NUP1	7.029504395938617e-10
OSH3	PUT4	4.076673892810514e-09
ATG8	FMN1	3.3937392657100546e-09
GUT2	YRM1	3.0668246503204895e-10
SPC19	YKL097C	1.4503632414939543e-09
PIR5	NUP116	2.0188510446360222e-09
YER084W	MRE11	7.42861503185524e-10
FUN19	LNP1	2.898169357061813e-10
ROG3	AIF1	1.191592090873357e-09
NUM1	RFC4	1.0078818414204196e-09
CCT7	RFC4	2.1892646482624726e-09
YER034W	VPS45	2.753879159935674e-10
RPL23B	REX2	1.3578662681997246e-10
INP53	THI72	1.2117739499010244e-11
ECM1	SGV1	3.584573181568312e-11
SGM1	MTQ1	3.5770801374484024e-11
HTB2	MSC2	1.923410490244821e-11
RNR2	AQY2	1.7324633092602672e-09
RER1	GOS1	1.582473254539881e-10
APM2	MRX4	1.7378968217475606e-10
STF1	PEX19	5.375372891403234e-11
GDH2	TCB2	8.730120226449905e-10
CTS2	ORT1	7.90301333789819e-10
HPT1	RIO2	2.1751190354442665e-09
SPI1	BIL1	3.979977230429744e-09
FLO5	LPX1	9.246672689747147e-10
YGR025W	SML1	1.6288997755333857e-09
RPL7A	ULS1	5.7467413322372356e-09
TMA22	TAD3	6.282440085351167e-10
SPT8	SEC14	5.003392726095257e-10
PFK2	RCL1	3.477350668751083e-10
RAD34	PUT2	6.191163858885713e-11
RSA4	MRPS35	1.6416142835860448e-09
YBR012W-A	APN1	4.073844229907203e-10
SOG2	CSR2	3.914245212575724e-09
RTA1	NTO1	9.49426162891238e-11
RFA1	DAM1	9.078470848781999e-10
ADY2	MGT1	2.8170954610719473e-10
MFG1	ADE3	7.888113322297897e-11
IML3	CNB1	1.227680698726805e-10
TRM8	RPP2A	3.770248673648012e-10
DFP4	NEO1	9.1381080531961e-11
TAM41	APP1	1.1881851040718554e-08
ADA2	ULS1	3.694178474498897e-11
ODC1	MOT1	7.284216072433388e-10
RPL14B	CSL4	6.999030739752563e-10
REH1	ELA1	4.246427268638861e-09
RAD28	COX4	4.461522383074273e-10
PST1	HXT2	8.999627574685241e-10
CAF4	SPC2	7.67081900646869e-10
ATG17	TOS6	2.812627306492853e-09
SPS22	OCA6	1.1962395568206235e-09
SYP1	ORM2	1.3241038761595122e-09
SCC2	GFA1	3.4544614510906224e-10
XRN1	NCP1	4.4646906024085676e-10
RPS26A	YRR1	2.650599736205143e-11
HLR1	FPY1	2.7830014620713023e-09
FZF1	POB3	5.157308721617633e-10
NEO1	YMR315W	1.2696100043578204e-09
YDL159W-A	MED6	2.395286014104724e-09
PKR1	RPL20B	2.1280324591042337e-10
DPB3	AIM7	1.0277109025158998e-11
MIN6	NOC2	9.410080685134668e-11
MLG1	CWC22	2.168309871869915e-10
RAD4	NAM2	2.265710040185875e-10
NAM9	NST1	7.930171524041184e-08
KSS1	NUP2	2.4326629755426287e-10
DFP3	UBP5	4.3950251344122185e-09
PTA1	CDC45	1.3409680287554498e-09
CSS1	CDD1	6.894415186035627e-10
MRS1	DFG5	1.544456655917877e-09
NTE1	YOR376W-A	4.863022879489724e-10
ISD11	PMS1	2.9452721051889387e-08
IME4	PBS2	5.310011651056951e-11
YCR006C	GCD2	1.5818721834684862e-09
HER1	LEE1	5.9803138300648e-10
SNT1	MLO127	2.5212445336173748e-11
UBX7	DCC1	2.4702102096253097e-09
DUG3	CHL1	2.0935113204723e-09
MED7	TRS33	2.521484969969057e-10
YCL021W-A	ARG56	8.867537816417849e-11
HEM25	YPQ1	1.4091805514186536e-10
CDC13	SHE10	7.434097440121045e-10
GCS1	DBF20	2.7935704858157193e-10
TNA1	ADE13	2.2140788512466132e-11
ATP5	ATG5	2.3356431887767584e-10
MYO1	LCL1	1.936179113571096e-11
DTR1	RPN7	1.1651812821741431e-09
QRI1	UTP14	5.227584436780785e-10
MF(ALPHA)1	RRP12	6.631239378980692e-11
NTA1	HIR2	1.4867435817599786e-10
DST1	DBP8	1.4444010035408198e-11
CBP2	POL32	5.531917954369341e-10
NIT1	COQ11	8.74421122674061e-11
PPM1	KHA1	6.125304827543236e-10
MNN14	ROY1	3.950973640162115e-10
SEA4	VMA1	5.760504662313815e-10
ZDS1	PUS1	2.492551548109969e-09
PCL9	TFB5	7.147384803647082e-11
YGR035W-A	GAC1	2.369356281134468e-10
CSS1	INO4	6.725564380423354e-10
RPS18A	ARC19	2.003706019891314e-11
YDL218W	TDA3	2.65061655259554e-09
FLO11	POM34	5.561622883645637e-11
PTP3	NAM7	2.7043192748449307e-09
ARG2	PUS7	3.73917551300834e-10
PAU7	YOR097C	8.745207353368513e-10
GSM1	PIP2	7.54879539494798e-09
DPB4	UGO1	8.055721259267132e-10
PEX5	SKN7	3.8363039673842345e-10
HOM2	PUT4	8.256072446744612e-11
PIC2	PFK26	4.130347599691885e-11
SNU71	RPL2B	1.5499061430861347e-10
TYW3	OSI1	5.145467426420383e-09
SMN1	MSB4	3.6136422354177598e-09
ERG7	MTQ1	6.959521217857068e-09
DUG2	SOK1	5.341213198208513e-10
EFM4	SPC2	2.8587265369309057e-10
GIP4	SDS24	1.3602524896118738e-10
GPI17	PIR3	1.9376059781284693e-09
RPL23B	STB5	9.319487547537202e-12
FOL3	SCD5	8.66946983554679e-09
TAF11	NSL1	5.389154709176371e-11
ECM21	MSC2	3.335414869176743e-10
DHH1	PMI40	7.382838183045654e-11
ARA1	YOR268C	5.791893536605262e-10
YLR012C	MET12	3.800180348866046e-08
UBC8	YOR338W	2.036775588848596e-11
UBA2	YMR001C-A	2.580638970954727e-09
YBR196C-A	TPH3	1.6416276532054484e-10
RPS6B	IRC19	7.196058645301952e-10
ECT1	BET3	3.061716508851482e-11
ALT2	CIC1	4.681939632845952e-10
GMH1	IQG1	8.250582686911901e-10
SAP1	NAM2	1.0744821372029203e-10
RSP5	YOR1	9.48915690429717e-10
UBP6	ECM30	9.767317139396778e-10
REG2	CDC14	2.7824003203012595e-10
ZRT3	CRN1	1.595535492632236e-10
MSC7	GUT2	3.5015419923644076e-10
HSP42	PUP3	4.303428584153958e-09
NPL4	PUT1	2.365619303533671e-09
BTN2	SIP3	4.669458596559012e-10
LIF1	HER2	8.753037272865844e-11
RTT101	LAC1	2.0670729422886785e-10
RPL24B	PDX1	4.67320067262003e-09
ATP3	YGL159W	9.157469414320467e-10
UBA1	MRPL15	1.1815803347919977e-10
NOP6	SYG1	1.5073384007751247e-09
AGE2	YKR005C	4.662491244758858e-10
PEX30	REX4	3.3961553438156166e-09
SPE1	YOR161C-C	1.2087998566026424e-10
RDH54	PRP28	3.4922452390634336e-10
ATG18	SPC97	1.7493757113883293e-10
YIL165C	YPL039W	1.3090121743254252e-09
TYR1	HMO1	1.0615849731710723e-09
IOC4	YPR127W	2.713228983636658e-10
MLO127	MMO1	5.196572992709078e-10
RIM9	CRT10	4.108064143200655e-11
VHS1	SWI6	2.2621845314196813e-10
CDC55	ATP4	1.049419229893589e-10
YBP1	GGA2	5.040569078109832e-10
SPC72	RNA14	4.239673043805873e-10
RTS1	SER1	1.140843940170733e-09
TAF6	ENT4	2.8609602767950854e-11
NHP2	SEC59	1.200833775927152e-10
URB2	ACP1	2.1237142249367816e-10
YPQ2	DPB11	1.2375437839906815e-09
CYR1	YOL097W-A	7.532682701652525e-09
YJR151W-A	SKI2	7.421430231212211e-09
RPS21B	KAP95	3.1758109029398764e-11
RVS167	HAP5	1.269754960889708e-10
ROK1	TDA9	3.220834727399734e-09
GNA1	SEN2	3.43828342887744e-09
TAX4	YPL152W-A	2.1443821352510635e-09
YLR379W-A	YOR289W	1.3663079393142627e-09
BDH1	ZAP1	7.790598881055322e-10
STF2	LYS1	8.996829962887935e-12
MIX17	VPS16	4.877424812782668e-10
STE24	HXT14	3.5471413697623537e-10
FOL3	ASC1	7.425082834799443e-11
YGR039W	INP54	1.3721229502778737e-09
YFL051C	JJJ1	1.0579913103736934e-10
MRK1	DJP1	2.8353741547500917e-09
LTV1	MDM38	3.551782843340485e-11
GCV1	MTM1	9.43308381599237e-10
MRPS35	APL1	4.6201703710247593e-10
URA3	SPC105	1.8179925141373074e-10
FMP23	SWC5	1.8636109853497105e-09
ARD1	YNL208W	4.018870024449e-12
MRX19	YMR242W-A	1.0114690316998273e-09
PDP3	YDC1	1.5466019281301746e-10
RRT6	DPH5	2.3027857709980056e-10
CWC24	PHO91	6.322984434610855e-10
TIM9	STP2	8.548763323012825e-10
CYS3	ENT5	2.5393836902264246e-09
VAS1	YMD8	1.8846126080133416e-10
DEG1	TOP1	1.0912767200952178e-10
CHK1	LEM3	7.625436572923274e-10
AAP1	DIP5	9.900506162445181e-09
MCM21	HOR7	4.724333340916791e-10
HEH2	KRE1	2.5173985880913407e-11
RPO31	RPL36B	8.133835312154935e-10
NPA3	YPR114W	1.9470044555987833e-09
ASI1	RRI2	2.967265480303581e-10
NSE5	YOR289W	2.778606009268983e-09
AIM11	RIM13	8.504932871117578e-10
GYL1	VID27	4.745793650519709e-09
ERC1	LAM1	2.373546362294114e-10
YIL059C	BUB3	1.4329123032265947e-11
SBP1	YAF9	2.3401432196089516e-09
AIM19	CTF13	5.573662716179884e-10
RPO21	INA22	1.7720538171002228e-09
PUP2	SDP1	3.322436455768616e-11
IME1	MRPL31	4.1467845405551344e-10
YDL114W	MCA1	2.8376752821327944e-09
GRX2	SPC25	5.4532135531699936e-12
AZR1	PCD1	7.688941973748967e-12
ZRG8	BUD9	1.2034253939563372e-09
SOL2	GAB1	2.4288837388929984e-09
MTR2	ART10	2.8140191341489947e-10
SKP2	IRC13	7.340995166946842e-10
RSC6	GTR1	1.7207255661590942e-09
JAC1	TUB1	7.496776608761641e-10
YLR236C	RQC2	5.666480833034582e-10
ECM15	ELP3	3.427580941234548e-11
CLF1	KAR1	4.067305968403823e-09
SPO7	YPT52	1.4788555479736603e-11
UTP10	VPS34	3.969759443997745e-10
RAD10	FYV12	1.6756783316092842e-09
YGR117C	YTM1	8.740569104268509e-11
TEL2	SUN4	1.4480698335773095e-09
YIL102C-A	SEN15	2.2772860941185602e-09
RPL19A	NST1	1.911365390661268e-09
APL2	ECM22	2.8808028416480295e-11
SPI1	NMD4	3.923877499428411e-10
YDR391C	MON2	8.154060958236797e-09
BAP2	ELG1	3.023848716636426e-10
MCM5	TEF1	2.2303471404840962e-09
ALG14	APL5	7.682294659580425e-10
YDL085C-A	MIN4	2.2898106248031524e-10
VPS72	PSE1	6.132999389719636e-10
CHK1	RMD8	9.963378116977076e-10
DNA2	SEN2	2.995371382218702e-09
MTL1	COS9	2.0413205525549193e-09
PAU16	RNH1	3.201735434509571e-11
DGR2	SEN2	1.971629817443135e-09
PCL7	TCB3	1.74769400745912e-11
QRI7	SAE3	6.189608562265265e-11
HTA2	POL2	2.4874935900565694e-09
YBR292C	THI72	1.0866447302357797e-08
NSR1	SFT1	9.955557432490694e-11
YPC1	DTD1	6.208030917806298e-12
YMC2	ERC1	2.724811617982002e-10
UGA2	NBP35	8.140267374188605e-10
CHZ1	EFM1	1.0073336741131943e-11
ARH1	SSU72	2.230615176734856e-09
PRP42	YPL199C	4.844611684761364e-09
RPL11B	HXT14	4.6312435468309405e-11
FUR1	SSK1	1.818124221931855e-09
FMN1	GRX4	3.602422841235065e-11
YER135C	MET3	2.8042557027887867e-10
HSP42	PDR12	8.630669040539857e-10
MUM2	ILV3	2.37402187052656e-09
RGR1	ELP3	1.9269627143760795e-10
SEH1	YHC1	1.6535507740542891e-09
MSH5	DIB1	1.0643487802833957e-09
MSH6	HSE1	9.356576831756087e-10
PRY3	PRP4	2.0639296803806637e-09
RAD34	TCO89	1.5709453538645001e-09
RPL21A	GPX1	1.6985824058051665e-11
MRPL39	YOR131C	6.810742275170486e-10
TIM22	SED5	1.3882815505623591e-09
MIF2	INO4	3.4810100171965486e-10
YEL1	TUB1	1.4518049258072443e-09
PEX7	YNL046W	5.143610349673447e-10
GTT2	RCH1	1.0356618104639275e-09
EDC2	HSH155	3.245163404891012e-10
NIC96	BUB2	2.2308531786848025e-10
STH1	DFG16	7.539491027784554e-11
DCP2	RPS30B	3.0070889975365685e-11
AAC1	YNL320W	6.587392645355048e-11
CCT2	SUA7	9.897359483435827e-10
DED81	ILM1	8.378129520714138e-12
SLC1	MET30	4.939958311131225e-10
TIM10	CIK1	1.5084459812096919e-09
KRE1	PXA1	9.653877815915612e-10
RMA1	CDC45	8.024718706303338e-11
TEC1	PHO91	4.1263459299446664e-10
KGD4	YJR142W	4.9807386919073756e-09
RPS25A	LAT1	9.016965812217758e-09
IMP3	YKR041W	3.884637982098318e-10
APQ12	CWP1	1.1815677756240544e-09
SEC6	THI22	7.691240109063873e-09
BNA4	AMF1	5.668842097192607e-10
MPT5	CMK2	6.142815557153099e-10
PEX19	YHL015W-A	2.88295537614753e-10
NAM2	MTQ1	1.2625678425109405e-09
RIM4	GPB1	3.636661952980419e-10
SLZ1	COG6	2.9374008350198646e-09
RFT1	HOT1	1.6184983252603473e-10
HED1	VPS35	1.5469352091336034e-09
UTP8	NMD4	8.616037211056476e-10
LEU5	LOH1	7.343478919879828e-11
TEN1	PHO85	2.9427097088145637e-08
JJJ1	MNE1	1.9654861675156827e-09
MNR2	CIM1	5.42451256771491e-10
SRC1	RPL20B	1.9032164523503482e-10
FAT3	YKR015C	1.9812243048977685e-10
RPI1	ORA1	1.3937507508704133e-09
OSH3	TAD2	4.1059733569217106e-10
HNT2	CCH1	1.5540003607307156e-09
YRB30	HIT1	4.93981089085341e-10
HDA2	SME1	3.3012941147546453e-10
HAP2	XRN1	1.567325681768905e-10
GID10	CYB5	5.595108532559879e-09
FIS1	MCM16	1.1954661577937456e-09
ASE1	SCD6	3.593746373281181e-10
RRP8	URM1	2.1661196498357054e-10
ARO2	YJL132W	4.6397105597206166e-10
TDH3	MLP1	4.862499933881808e-10
CDC14	JEM1	2.307101923483033e-09
YBL044W	ELG1	6.99395014665462e-10
ARO10	YIL089W	3.022203198380689e-09
YBR225W	MGR1	7.442732654180782e-10
CPS1	CIN1	8.093154667148638e-11
ARH1	YNL040W	3.385777632591364e-09
UBP13	TRS85	1.0512284986007012e-09
SQT1	FMP30	3.461314523575536e-09
GOR1	YNL165W	5.3555562811890396e-11
MBR1	MUB1	2.502283285042165e-10
HAB1	BRR6	1.6882877006719604e-10
KSP1	MRPL22	1.0158474483805344e-09
CSM1	HEM1	1.1946302788363413e-10
MID2	YNL019C	7.489784483159744e-10
PAR32	YTA6	3.3789779181632894e-09
LRE1	YAT2	1.318002532303265e-09
YND1	YPL216W	1.7829954627842928e-10
BRE1	ZAP1	9.900318168311929e-11
PHM6	VMA10	1.1452194795204187e-09
NGL3	THI21	2.706447575173358e-09
RBG2	THI22	6.858862830465427e-11
CLF1	PEP12	3.369218765110996e-10
ADE17	YMR196W	4.707821785205006e-09
LSM1	SRO7	8.132181405648847e-10
AIM22	YAP1	3.1719803049846567e-10
RHB1	PRM4	3.5249953716432337e-10
SNF11	MPO1	4.144277197278698e-11
YGR016W	SET5	1.0338426846652364e-10
YDL109C	ICL1	2.100018556631314e-10
LPD1	WSC4	3.078244905991297e-10
CDC9	VMA4	7.677889123804202e-10
CYC3	FCY21	2.853074356737676e-10
BDF1	YMR196W	8.739951674761745e-09
ALP1	SNT309	6.639461013176832e-09
TEF2	RBH1	3.6683495228727655e-10
DIE2	PEX2	2.8963979990270927e-10
EST3	MTF1	6.51285588580834e-10
GGC1	SDA1	7.5987834434678e-12
SET5	TAH18	3.797241785830554e-10
ARC1	YMD8	4.5846896230855853e-11
SEC26	TRE2	9.069156337204176e-11
MNN1	TRS65	4.684681915586438e-09
YEL068C	YIL163C	5.0812768242646846e-11
PET18	ASF2	8.187127511454858e-11
YER158C	RNR2	1.4856140294544377e-09
YPL152W-A	DBF20	1.9691455931858259e-10
YJL206C	VBA1	2.3219739668558545e-11
ATP22	WSC2	2.495938265863664e-10
TIM54	DIC1	1.2336301088112082e-09
YIL108W	YNR071C	4.972713511580485e-09
VPS27	LIP5	2.3988330662931914e-09
NUP84	PDS5	3.810029587971581e-10
RPS6B	SUE1	1.1474961779951462e-09
ILM1	PEX9	8.379854801924454e-09
UBP14	PAN5	5.016399031246506e-10
NHP10	ADE3	1.2399193001644757e-09
RPS6A	ATP20	3.927100226617231e-09
HHF1	FKH1	3.850959001838463e-10
YPC1	MOT1	3.650071797092783e-11
BLM10	DSL1	1.4493509757211628e-09
ASC1	SGT2	4.613267697441231e-12
MRX20	MMF1	5.511284362430876e-10
SEN15	YPR003C	8.052487017035953e-10
MCD1	YNL019C	6.513386138031269e-11
MAK11	PIK1	1.6366601146445884e-12
MCD4	SKI2	3.1628353338156085e-10
MRX16	LIH1	2.7453226752490637e-11
KAP123	MIA40	4.4296011921470017e-10
CRN1	MPP6	1.34421240235544e-09
CBP1	CHS5	3.8933509571443436e-11
RPB5	SLY41	9.096037200553493e-10
GPR1	TAF9	6.246834533782328e-12
LAM4	TAH11	3.2624960269308842e-09
PAM1	VPS70	4.826803355082601e-09
STE11	SMC5	7.979955411487013e-10
FLC2	KIN4	1.2913466337364693e-09
GMC2	UPA2	1.1704694260491382e-09
POF1	NCS6	6.119395039149887e-09
SIR1	ALG6	5.376133785606676e-11
MGR3	NOG2	2.967594325127562e-10
APM3	TYW3	2.2745796025688273e-09
RRD1	RAX1	2.663774695814636e-09
PPZ2	OPT1	9.770257871446497e-11
NAM7	INP52	3.5192848208784154e-11
MIS1	MCM21	3.2715596290055233e-10
SBH1	GUT1	6.987030768937311e-10
SUI2	HSH49	9.965469382996848e-10
EDE1	KRE5	1.934948076214208e-09
KCS1	COX8	7.625486843741056e-10
GTB1	MRPS35	1.9547617322348795e-09
CCC2	FKS3	1.4835245122959679e-09
SAH1	POP2	4.398514996444031e-09
SWI3	YOL085C	2.1053862109174387e-10
FMC1	TUB3	4.804061885814196e-09
KEX2	FAR11	4.936323348620998e-10
GPA1	YMR253C	9.160670352313758e-12
RML2	PRO2	2.2618513178439406e-09
STR3	RPS31	1.30981397497477e-10
HAL9	MET16	4.318535622434648e-09
UGA4	ITR1	4.001892409651249e-10
SEC6	YLR460C	1.9294117928834195e-10
UTP11	TRM10	1.7318051048436315e-09
CYC3	VPR1	1.72618951120095e-10
FAA3	GZF3	1.0603579223794796e-09
ELC1	MCM4	9.658543131350442e-10
YEL008W	YNL050C	1.0040387856976818e-10
ATG16	YOR186W	1.9187359493294995e-10
LPX2	NOP15	7.3397670935498e-10
SNU114	VMA4	1.5354220668010767e-09
GAA1	DGA1	2.6748360585193836e-09
RSM7	YMR242W-A	7.191998169428972e-09
ARO8	YHL037C	5.966916436192355e-11
PCD1	NAN1	9.055332453735242e-09
BRF1	RPN13	4.139703655295178e-10
ERV15	YJR079W	6.235981352285984e-10
DIP2	ELA1	5.6732902794035275e-09
MIG3	PEX13	3.474519576725094e-09
ICS2	SNF12	3.068903973318585e-11
ARH1	ARG8	6.359453488826325e-10
STE3	NHP6A	1.0669419581015114e-09
STN1	ATP25	1.1713398905328463e-10
SED1	GYP1	1.874817623371066e-09
POL12	COX7	1.2392979871343258e-08
RPL12A	INA1	3.893278013420662e-09
FAP7	ACA1	6.92410484777047e-10
FLO5	TOF1	1.1149978575887727e-08
HAP4	STT4	1.834825953546217e-09
CYK3	CBT1	1.7852632692206825e-10
HOG1	SFL1	2.3132640176778725e-09
ARP3	YNL067W-B	6.882448850637949e-09
YSW1	MGM1	4.973149387032026e-12
FMP45	GND2	7.989907139694249e-11
TDH3	GTT1	1.0210176559025731e-10
YDL009C	SUB1	1.729679974171274e-09
OCA6	RRP8	1.6072722194403384e-09
RAD4	POM152	4.4354938234933554e-10
RPL19A	MEF2	5.942838906812199e-12
OM14	TTI2	1.0317227635995332e-09
RNQ1	FMP33	5.183695599585064e-11
YKR073C	PET309	3.7676078581968694e-11
UTR2	YMR008C-A	4.0608078199669056e-10
YHR007C-A	RPO31	5.206044767945034e-10
CNA1	TCO89	8.134137548876858e-09
SWP82	PHO4	8.473115715661614e-11
RPP1B	SMC1	1.8180006949809083e-09
OPI1	PUT1	1.3629933846809733e-09
PET494	IRC15	4.298339960561813e-09
CIN8	PHO81	6.200834226218721e-11
TRA1	ADH2	2.013751264177322e-11
TOM71	YKU70	4.2988721888243257e-11
SEA4	PHA2	9.617724648081572e-10
IMA5	CAF20	2.594517067545843e-10
DLD1	GET2	3.3825942865890886e-11
PRI2	MED11	1.6581311038221833e-09
SET4	YME1	6.355968270410283e-10
VMA22	AIM32	7.446355248015344e-10
APQ13	YMR254C	2.521438353047766e-10
SPC105	TFS1	4.81107837317499e-10
ENT5	TOM70	1.4587954869636886e-10
ZUO1	ACE2	7.620692856766132e-10
TRZ1	KAP120	1.443920147067936e-10
LCB3	SEC62	6.848913182429962e-10
FUR4	IRC9	1.1338331087018105e-08
AVT7	COQ11	3.190517527322596e-11
UIP3	TCO89	1.1055737618869825e-10
SHM1	RSM19	4.0921228288996573e-10
RTA1	DAL4	2.4896625382096577e-11
TPC1	IRS4	3.6091339656680754e-11
CDC55	RRP3	6.813017419153193e-10
EMC10	LCD1	4.609164186030258e-11
ECM31	CCT8	7.933209465162691e-11
PTC4	YMR105W-A	1.0888052058136735e-09
YLL032C	DIG1	1.1287032239553032e-09
YDL012C	LRS4	9.963283911028078e-10
TIM17	AAD10	5.817453749202404e-10
MSH4	TUB3	3.570824003004522e-09
ECM11	KXD1	1.4145011311580575e-09
POM33	THI72	2.875124154195933e-10
NOP8	AZF1	7.328387364325373e-11
DDI1	MOB1	6.880540929779703e-10
SPL2	FYV6	8.19090099658007e-13
TIM17	SLD2	7.264178231163299e-10
AMD2	CUS2	2.362591967015197e-11
DHH1	HSP31	9.455828658855254e-12
RBG2	ACO1	1.0700174155870417e-10
SSA2	DIM1	9.290462990701656e-11
GRX6	RSO55	1.3683898488097852e-10
COR1	SKN7	2.5181248988726052e-09
YDR341C	GET4	9.746266014289371e-11
THI73	TAF9	1.089097682808119e-10
YHR180W	AEP3	2.2152410902404946e-10
PAU23	YLR122C	8.289222811001023e-09
ARG82	SOL4	3.48057162342379e-09
YBR053C	CWC25	1.8735684439025228e-10
DOA1	CET1	2.4600036306594698e-09
BUD31	ASN2	7.856871589568438e-10
SMC3	PFA3	2.782808764747543e-09
YAP6	AFG2	1.4078718086659502e-09
TDP1	API2	7.988430159469199e-10
AMN1	YJL052C-A	5.152178849113317e-10
MET32	YNL011C	3.4609270192337333e-09
YOS9	GND2	1.4145663608581303e-10
VPS72	MPC54	1.0947110836880337e-09
YLR225C	MRE11	3.5045655327150712e-09
RAD5	MRM1	9.380001503304894e-10
GIM5	SDD4	1.5291521424385368e-09
SPO73	GAB1	1.2532152705876678e-10
IPT1	POR1	5.119971753531698e-09
TED1	VPS33	4.761872885144213e-10
MUD1	SED5	7.1910955244354814e-09
YGR079W	STO1	1.127056378132414e-09
TAF1	SIP5	2.354682773712567e-09
TPS2	YCT1	7.860933761614874e-10
COX17	OSW1	8.734521959648825e-10
SYP1	YKR075C	1.114744080862626e-09
SER33	IMH1	1.048455653423665e-10
PEP7	YGL193C	8.080182107881601e-10
NTH1	TAF9	3.92637316171705e-10
RPS25A	MEP3	2.340591620736547e-10
GRX7	DPB3	4.982584456870567e-10
NEM1	PIR3	3.667146123227501e-10
VPS74	PRM3	9.190780105785636e-10
DTD1	YGL034C	5.874953265856496e-10
BIL2	CIR2	3.301697957829544e-10
COX18	MRA1	1.1674112936777036e-11
PEX21	CBT1	5.312880809546543e-11
TIM9	CLB5	1.809197854771098e-09
YAL037W	YIL059C	1.0442197167127879e-10
RAD30	PAU2	4.2339326965065295e-10
RRP3	MRM1	9.919008219665626e-11
ATC1	IES1	6.639148790270821e-12
UBP14	SSN2	9.350061686185782e-09
URA7	DRE2	5.16622050048721e-10
DFP4	ARP7	4.22792656041101e-09
SHE1	STR2	5.898695775415503e-10
YFL015C	SOA1	1.8494544630567354e-10
PCA1	RPP2B	2.859054667032808e-10
BET5	NRT1	1.3050334207430432e-09
SED4	CRF1	3.0147491185220263e-09
DDR48	YNL195C	6.3186669565261696e-09
AYT1	LDS2	5.931934192629167e-12
CSN9	MRPL51	1.706015276292473e-11
YMR209C	MDH2	7.231561044702199e-10
DUR12	VSB1	4.989504689628348e-11
PRY3	STI1	2.756911166158143e-09
VID24	URA10	4.1219492429765476e-10
BPH1	YNL162W-A	1.2806960020984212e-11
FKS1	RPS18B	6.849834739311901e-12
SEC7	LAP2	3.1010076824856904e-11
YDL177C	ECM16	1.06133647583844e-09
ATG20	TDA4	1.7523909605391101e-09
CDC39	YEL009C-A	5.634842442324681e-09
BCS1	SDS3	5.092504846943881e-09
RPS10A	YPR003C	2.489417123533005e-09
PMT4	YPS3	1.225977035211397e-09
YOR111W	KAR3	5.821323174602832e-09
SMT1	MRE11	1.5808810641664225e-09
TAF4	MDY2	1.2177714929917051e-09
SNF11	PRP42	1.1666494574393203e-09
MCO32	FRT1	1.6534160342135401e-09
MVP1	YMR206W	1.8321147944592697e-09
ELP2	FPR4	8.67527806255635e-11
YKL106C-A	UBP8	1.3443792953523274e-10
CDC3	NDI1	1.4376850001646247e-11
ARO3	MDE1	2.865838202347113e-10
MDE1	APT1	1.9522172436921864e-11
APE4	BMT6	2.340333037624509e-10
FIR1	RAP1	1.4565467043552737e-09
PHO13	MCD1	1.9039611983397795e-09
YET3	KCS1	1.5662571055555948e-09
DET1	SOK2	2.135291669899364e-10
HKR1	RPS0B	5.551352873943089e-10
YCR022C	FRE5	1.6345761258270387e-09
ALG5	CMR3	1.291816803314568e-09
YKT6	NEW1	2.1933580673591885e-09
UTP4	RPN13	2.5178925948970596e-11
SET3	OGG1	1.4793635840424214e-10
APE3	IMA5	5.559436610923397e-10
LSM8	PRP4	2.43401289048534e-09
DPB4	PRY2	9.852679852399945e-10
COQ3	CWC27	2.858232159798933e-09
CAJ1	GSC2	6.126079981985419e-11
RTS3	NRK1	2.0137049798698647e-09
SUP35	BYE1	5.671280611407122e-10
LMO1	FIT2	1.2053240061592104e-08
YDR239C	SYG1	8.895850263977978e-10
OKP1	ELP4	1.5359716483681965e-09
GLO1	SSO1	2.43310503146653e-11
YBR062C	PBI1	2.947174022100428e-09
RPL19A	MCM10	6.991118329125834e-11
CDC26	SGA1	7.28618290883197e-09
YJL007C	YPF1	1.8859611617775295e-10
ERP2	ECM9	2.6905690358014144e-10
PRB1	MRX20	6.446952706950305e-10
RPS25B	CUP9	2.1502754322027478e-10
YDL211C	RMD6	4.1272279260458197e-10
MMS4	YRB1	5.891079602837502e-11
YGR054W	TFC7	2.6646814059804095e-09
SIC1	AIM33	3.2391780297722535e-10
BUD2	MRE11	2.5256279107654958e-11
ARG56	SDO1	9.074721558059872e-09
GPI14	TTI2	2.860473172289229e-09
ATG29	AXL1	6.913055238180423e-09
YCL075W	VAM6	5.363698145847693e-12
YER053C-A	ARG56	2.700019088471335e-10
BIT2	PHO2	9.12513508514343e-10
SEC24	NCW1	1.9247995713970968e-10
SUR7	NST1	2.0157018338268874e-07
SST2	MGR3	2.8596047908906966e-10
PEF1	XBP1	1.1196088234376418e-09
PCF11	THI20	1.8472129156974989e-09
LPX2	MIX17	1.085208204398871e-09
YDR194W-A	CFD1	5.799995187462398e-11
PMS1	ASR1	7.775739753826873e-13
CCT3	RTS2	1.8010716342925314e-11
YBR225W	YGR117C	2.3150684828472885e-11
CTS1	RHO1	4.627678030447389e-09
KIN3	YCL042W	2.2888604938841513e-09
YGL041C-B	PRY1	3.1336410371001016e-10
LPP1	YGR018C	6.254274627560361e-10
SET1	PHO90	7.85603550735242e-10
ATP5	DOA1	4.669645727044005e-11
CDC15	MVD1	2.182317137992085e-09
SPB4	PLB1	1.0718853622511699e-10
TRS120	CFT2	3.227307047263768e-10
RTA1	AFI1	2.1157449217916476e-11
PDR18	ATG41	3.6933748783118194e-09
UFD2	DID2	4.367905158134195e-11
KTR4	HRI1	1.0241902493622169e-10
HIR1	ARG7	2.654968967060048e-11
ARF2	HSH155	5.962265920687821e-11
CPR7	ELP3	3.383554683540993e-11
YML003W	YPL108W	1.0027193721718535e-10
GRX8	URA5	1.9560344404661066e-09
AMD2	PHO90	1.317413772139014e-09
HHT1	ARC18	5.4817284031288766e-11
RPL22B	HIR3	1.9201778313687887e-10
FLO10	TDA1	1.1046526304158769e-08
GPR1	SOV1	3.581680588451416e-09
TAF12	LEU5	9.944289514043909e-11
FET3	TIP41	3.371872029148014e-09
CHS5	ETT1	4.818793664944533e-10
LYS21	COQ11	1.7929849657800442e-09
SAG1	YKL102C	1.5172520281081974e-10
UTP8	MRP49	2.54050131566998e-09
ATG9	ECM32	1.9610395512798243e-10
HEM1	SDH5	2.721314416886649e-09
MDM20	YOR111W	1.1980497957129922e-10
PEX14	UFD4	2.7295465473071263e-11
PXP1	YKR005C	1.6791432723675344e-09
ALT2	CAB4	3.574488490697891e-09
ECM10	YHR125W	2.624086493931117e-10
PAU5	CUE3	4.920092389742761e-09
YDL159W-A	YER034W	6.702440650587576e-11
MIC19	PRP2	1.251067248702938e-10
PEX6	YIG1	6.1971903295067e-10
MIN3	DIG1	6.169315354787521e-09
ENT3	DDC1	3.714727566897205e-09
ISC1	CBF1	5.4759376535847755e-09
HBT1	UTP15	7.81012829444343e-11
ASC1	ERG24	4.1637784497891716e-10
YIL086C	UTP18	7.123249389748546e-09
FUS1	TKL1	7.941040539825438e-10
MIC60	COQ3	9.865462609897832e-10
GLT1	APL1	1.990991500791991e-09
YMR209C	PSE1	2.951319428285632e-10
TOS1	LEU2	4.847588726291577e-10
NRE1	SSL1	4.6401894886799743e-10
LDB17	GRX6	6.212866243141419e-10
SDD3	FHL1	5.811318608867268e-10
RFX1	YMR315W-A	1.4742393239128161e-09
CIR2	MRX11	5.466568845444979e-09
RPL21A	SGS1	1.3983400829328711e-09
POX1	HHO1	7.042751908676444e-11
CPA2	PSY2	2.1376868627806242e-11
SPC25	PEX11	5.448464865801702e-09
TAF2	YMR196W	5.7141726958529204e-09
TRM1	YNK1	2.6742047067348417e-09
RPS16B	MCH4	1.5645183164847687e-10
UMP1	CAF16	7.4764616046381e-11
BRL1	PDS5	6.14168832401572e-11
YMR090W	TMC1	1.455674008117824e-09
MET6	HIR2	4.093044518341561e-09
VPS13	EMA19	6.983331462159604e-10
FAA3	PNP1	9.04896896939052e-10
ABF1	SFP1	1.0942374748377472e-09
SUL1	YPR147C	2.0272725637434712e-09
CDC50	SDH1	2.5421256171170482e-09
MRH1	YKT6	1.645916638261938e-11
PBA1	APM1	2.8429266262390946e-09
YHR078W	PRI1	5.96512720805456e-11
HEM14	MCD4	6.424020062415521e-11
MSS2	ECM23	1.639321782798037e-10
IRC4	CAP1	6.189706549005764e-10
SAG1	GSY2	2.7732098469028452e-11
MRP20	DBF20	5.556313562439394e-11
MRK1	OST1	1.891380202465733e-09
EMP70	RPL36B	2.07920564044338e-11
SPT3	STE6	1.1546020400515562e-10
GCV1	SGO1	2.977616742271848e-10
IMD4	DUF1	2.390542959614421e-09
SCT1	FLO10	6.254615330343777e-12
CCT8	YLL056C	2.5045442014260763e-10
YFR035C	RME1	2.786466685624146e-09
MDH1	MKT1	9.15172369795491e-09
SPO74	QCR9	2.5551828915751303e-10
PSP1	TPA1	6.530113956562047e-09
CRD1	LCB3	1.0150679010961972e-10
SLU7	RFC4	3.972424428893479e-09
CDC21	TOA1	1.615242188541491e-10
YSY6	PMU1	2.4186313526413498e-12
PPZ2	LOA1	5.760157355203532e-09
MEI4	RAX2	1.4083969785225533e-09
YCK3	SAP155	5.974539357277706e-10
BEM2	YMR075C-A	1.7989184676783793e-10
ERV15	RPN13	2.6189681155362886e-09
IMA1	PRP19	1.2074444771479232e-09
FLO11	GID8	3.069367680703559e-09
MGA1	MIN3	9.303958390575448e-10
SBP1	THI80	2.150604637214414e-09
COX16	PRM1	5.163797906858482e-10
NUT1	SPO75	2.310134479625136e-11
LAF1	RPL33A	8.24194753800455e-11
RPL2B	PSE1	4.464726510400411e-10
SLX4	MED7	7.724086095123672e-09
TAF13	TGL5	1.2725143990990964e-10
YER121W	MF(ALPHA)2	1.5040689505603913e-10
GRX2	VMA22	1.4764249367265494e-11
VBA2	ALF1	7.089941288798717e-12
SMF3	PRE10	2.332348057334642e-08
TRS85	IFM1	9.367187594215056e-10
TRR1	YIR020C	3.085535256502817e-11
YDL085C-A	RTT105	8.263952639608956e-10
DPH1	RTP1	1.4990305119619492e-10
URA3	PSK2	4.252130528605562e-10
YRB1	SDD2	1.0224943364634727e-10
FHN1	RAD14	3.305897290897891e-09
NRG2	MRT4	4.1990576276756547e-10
RDT1	GAB1	8.316050827110656e-10
YLR296W	RRP40	7.533467692311964e-10
HUA1	REX2	4.1961485992271315e-10
PHO2	NMT1	2.3123749379875445e-11
TIF4631	FYV7	7.432933456796822e-10
ECM33	YJR084W	1.0325716016995292e-09
IPT1	MRP8	1.5991333462314897e-11
GMC1	ANP1	1.0801534326050121e-10
TYR1	LYS1	5.718563598131124e-10
EMI2	SIN4	1.0404315532150145e-10
MMT1	PRM1	5.6693749882549475e-09
SYN8	PCL2	1.23912685297602e-09
LDB7	YHR125W	3.5177646421282595e-10
PAC2	SPR3	3.7092708684668105e-11
OST3	YOR296W	1.9953473960172278e-10
CAB5	CMP2	8.641824543061612e-10
MAL13	PEX2	4.025465827476896e-09
ASP1	ARP4	4.792626688741534e-10
RRT2	ARN1	1.191044423675275e-08
AIM33	PET111	1.7599403389622451e-09
YIH1	YDR194W-A	6.0668470977777014e-12
YNR065C	SCD6	1.6616043163222968e-09
RPL19B	PNS1	2.065458266344196e-09
YAP7	SSU1	5.683480772187533e-10
PCM1	ETP1	1.0969032278417465e-09
ATP12	YML003W	4.366765470672415e-10
GEM1	RQT4	3.478999689475575e-11
SPO11	MKK2	8.177510664681994e-11
SKI8	VAN1	2.0363326176296935e-11
PEX19	DBP5	1.4940731751052728e-09
PTP1	PTR2	2.1829995554598081e-10
NRT1	TMA16	7.205465952643231e-11
COQ3	RFC4	6.139214765575339e-11
UGA2	GDS1	8.124241253071421e-10
CDD1	IST1	8.165775083570738e-11
YBR209W	HMX1	1.1043315053717207e-10
HXT5	OSW2	5.540154328545051e-09
YBL028C	TFA2	1.6184100403231535e-10
BRE4	MDM35	1.494878203594597e-10
KIN1	YHL017W	3.251565756659343e-10
SNU114	SUV3	5.757053558291038e-10
YBP1	HEH2	1.5903416726648423e-09
IRS4	FSF1	2.305913782197579e-10
SMC1	HAP4	7.072938067300353e-11
KRE1	BNI5	1.8537668718799995e-10
JIP4	YFR054C	5.335339487167112e-10
TVS1	RSN1	1.6542636857583797e-09
SLI15	FMP33	2.3452948483215823e-11
AME1	RPB9	1.75527489096745e-10
YBR196C-B	LIF1	1.1593656162661086e-09
MRX12	YJR056C	5.136934382352687e-10
CDC25	MDM38	8.169802267604487e-11
SQS1	ABP140	3.380831990217668e-09
RIB7	AHT1	1.7862194242536832e-10
MPT5	DAL1	2.146934236523219e-09
RRT2	KTR2	1.131041154804862e-09
SGA1	STE3	1.5372931507177278e-09
SBE2	ORC3	1.7586490988478056e-08
YLR326W	AVO2	1.3875070704353163e-09
YKE2	UTP15	1.3392378510324942e-09
NIF3	AAT1	2.6313724683378514e-10
PPG1	AGA1	1.2213293108262097e-09
COX17	YOR008C-A	1.3039700136510817e-10
SNU23	UBP7	4.1253003053512863e-10
RPP1B	PRM6	2.467685381619252e-10
RSC8	PLB1	6.792005695268808e-11
CIS3	HRK1	5.180188395725698e-10
TRS85	YJR107C-A	5.02958027873034e-11
YFH1	YRA2	1.2082621786526494e-11
YUR1	SNX4	3.642466831857341e-10
TSA1	RIM13	8.598387293482569e-12
PAB1	JLP2	3.313000967366829e-10
TOF2	INP2	6.770274201380218e-12
KTR4	ALY1	1.657193839082649e-09
AIM19	ERB1	1.1710556751683176e-09
BUD3	CDC9	3.2195101882218963e-09
YBT1	CSR1	9.64350138633611e-12
AST2	RRT8	9.542013642253001e-10
VID24	AVT2	1.16948994524427e-11
ATG42	NAM7	1.1817282479600363e-10
YPD1	ARH1	5.689569173438272e-10
YGR273C	KNS1	2.069933056109838e-09
MMP1	GID11	1.0020276300838815e-10
LYS2	MEX67	2.4474808062595645e-09
KRE29	SPG5	9.681689721548863e-10
YLR030W	TRX1	2.320588397652464e-09
COP1	JLP2	4.058450962691298e-09
GMC1	MSD1	2.203374766571753e-09
YEH1	RAS1	3.919606159009756e-09
SSC1	CDA2	1.4614190835065178e-09
CIC1	YIL046W-A	1.4017502191462665e-10
AKL1	GTB1	2.8389264967124307e-10
OST5	BIO3	2.182372330137221e-10
ENT2	COQ10	1.1981613543927453e-09
YDR274C	NEW1	1.6892259440417094e-09
PRP8	ROF1	5.050687824932891e-12
UFD1	AIM36	2.282371300609365e-09
DAL81	IDH1	3.802626340631398e-10
UBX5	GUP1	1.3497507024914215e-11
PAR32	VPS72	8.85928143422025e-10
GYP8	MGL2	7.457972803414232e-12
BSC1	TIF34	6.74364663188587e-10
FIP1	URA6	1.2957465136208197e-09
PTC6	MCH5	1.5517428419873547e-09
RPS22A	HER1	3.929001369831716e-09
RNR1	KHA1	1.2975581709574252e-10
MDJ1	BAS1	4.3613177274041514e-10
NSR1	ADH1	1.7870489438676635e-09
MCM21	HNM1	9.591793886193485e-11
GRH1	YOR1	3.202799735081694e-10
YBR062C	PRP2	6.294873326406009e-10
MLP1	MSC6	6.537614078460203e-10
NSE1	MRP51	1.9853905518693364e-08
MON2	SCD5	2.1354282398040843e-09
PSA1	RPL12B	9.598186723102052e-09
CDC39	CYR1	1.8384609072930475e-09
IMH1	YNL165W	1.1606018052788326e-09
RPN13	ALG8	2.0525700310326836e-10
VIP1	NOG1	4.7280450947353855e-09
AIR2	TFC6	3.5106356807927103e-09
GLT1	HAM1	3.055879388568884e-10
GYL1	SKP2	3.2081685696477273e-10
OAR1	PLB3	8.154786414742726e-11
HPT1	FRT1	9.765963099601108e-09
RET2	ATH1	4.611039728956772e-09
PDR15	MRPL3	1.7409600243224905e-10
GFD2	MED7	1.798951411284684e-11
YPS7	SIN3	6.508161520156449e-09
EDC2	TIM54	1.8075950785375173e-10
SCS2	UBP5	2.4687909696079363e-09
YIP1	ATP2	1.0326363006035432e-09
VPS24	TSR3	7.148575589819472e-10
RPP1B	EGH1	1.3847355420206064e-10
COQ8	SSZ1	6.65203603027124e-09
AVT7	HSH49	1.6078282602930625e-11
GGA1	UTP18	1.1051711917459193e-09
GCV1	RUP1	3.3803777514016763e-10
ISC10	BSC6	3.6765486618531293e-11
YPL039W	TEF1	3.1602394814423743e-09
MEI4	ACT1	2.01148754395448e-10
OAC1	HRR25	5.799689893181739e-10
SEC18	RIM2	5.695930637821609e-10
YBR225W	YDL109C	1.0746071816606467e-11
BAT1	YPL077C	6.498349126813654e-09
MSB2	RNY1	9.997484760935978e-10
RXT2	VAN1	2.6534822923152056e-10
MSO1	YOR268C	3.905122694539925e-11
UBP12	APQ13	2.641109786251211e-10
SPO13	NMA111	4.114967335329959e-09
MTC1	YLR379W-A	5.779597539301634e-09
LYS20	UBP8	1.14221222413727e-10
HSP30	GET2	1.8324859011818648e-09
PHO84	AIP1	4.995753405735357e-10
FIG4	CYB5	1.1134735850884706e-10
RIM8	YKL097C	4.915108939054167e-10
PCM1	MDE1	1.4636847226926737e-09
GRR1	DCW1	1.5380255297996467e-10
GPI17	CDC3	4.349842335204095e-09
SED5	SIL1	5.017446844131385e-10
EKI1	NEW1	1.9580909757748506e-10
PRS3	BIR1	8.739173419078812e-12
PEX3	BXI1	3.766844401167423e-09
MLP2	GCV2	8.510186911872325e-11
FIT1	PUT2	7.17489550652614e-10
DPB3	CDC34	1.43470910257782e-10
RPS14B	TAG1	1.992110089537565e-10
VMA10	CAC2	1.6130600084785372e-09
PRS2	SRY1	1.256420293656617e-10
BNA1	RGL1	3.5457679521098706e-09
SHC1	IME4	1.87605016651535e-10
BRE5	MSE1	1.3304861794285483e-10
RPL18B	HOL1	7.571914271930844e-11
MAD3	MVD1	4.8838115715713237e-11
EDS1	SLX5	2.9890249412981505e-09
BOP2	MSB4	3.202788907494575e-10
OPI1	ROY1	4.3991399472463994e-10
YGR054W	SWI1	1.0327668782879654e-08
YBR259W	RQT4	1.864062657131445e-10
DPB3	YKE4	2.3485422190392746e-09
RCF2	RRP15	9.75898182900455e-13
INA22	SIP3	2.5208186352078548e-11
UIP3	SEY1	1.3633798840919878e-09
CWC15	ANY1	6.206870741939335e-11
RMT2	SKN7	2.347172370865141e-10
SSA2	ILV5	3.6090519994225826e-10
PCS60	POM33	5.053383749849864e-10
YBR284W	JIP3	8.013042252692215e-10
CHP1	POC4	1.0858298374146684e-09
ROG1	JLP1	5.560361030602718e-09
YJL206C	PUT4	5.436434556543725e-10
YDL177C	PWP1	1.730268823213826e-09
CMC4	SMF1	8.217012101801074e-09
TED1	RRG7	1.0386689667827505e-09
NSE3	DIT1	2.367602115107614e-09
DBF4	PIG1	1.8971818008857616e-09
AAT1	NRS1	1.25104965119214e-11
PAU17	FUM1	3.113028072891626e-10
MAK10	PAN2	3.930064809474514e-09
RPP0	ATG34	1.7086312275557507e-10
YPC1	DSE4	1.2123491611742991e-09
SEC66	TDP1	4.914624219615012e-10
PLM2	MRP49	8.158989638761687e-10
POP1	TIR4	3.449149710138972e-11
MNN1	COX7	8.940804487560754e-10
API2	MIM1	1.4779396532959735e-10
ACF4	YRA2	9.688185618102903e-10
RSP5	NEJ1	4.632380818372999e-09
PAM16	MRPL51	6.870125693270226e-10
RMA1	WRS1	1.6970597134490617e-11
ATP19	RGA1	2.1603371852894646e-09
SFB2	THI6	2.2691036092989723e-10
PHS1	MER1	3.2898178200756307e-09
RRN10	YLR001C	1.4843290165923758e-10
CDC1	YKL183C-A	9.405850033827555e-10
VAN1	RRP12	2.676145333216316e-10
NRG2	RRN7	2.703557850401626e-10
PEX17	MSS18	5.015172115119006e-10
NIT1	MFM1	1.0886405225827513e-10
PDX1	HTC1	1.7607938212033073e-10
HAB1	CIP1	3.674081499957128e-10
SEC53	PGA2	9.455944223953607e-11
CFT2	VHS3	5.344046762162244e-11
GTT3	STE20	2.4355271966186002e-11
AIM3	HOS3	2.202416268220648e-11
ATC1	GTS1	3.5592340200785127e-10
LDB7	YKU80	3.3072106308326893e-10
MLO127	VPS9	3.628574691794494e-10
SRB4	SEC39	4.578534450701598e-09
ALG13	VPS36	1.1994930644334922e-10
SUI1	NOP8	1.7499083027230083e-11
RSC6	SDH7	8.08811869396471e-12
PUF4	DNL4	6.268147823336558e-10
YJR142W	NSL1	1.208075471623103e-10
FMP41	CYT1	1.0611346311972484e-09
GEF1	RAX2	2.8395482270536404e-10
BUD27	DSS1	3.475051950401871e-10
PSG1	BAG7	3.3938726589098813e-09
CAF4	MOD5	1.5745742060724713e-11
SCH9	CYB5	8.455342386768073e-11
PMR1	VMA16	9.25485429083363e-11
PIG2	THI21	9.379618991481282e-09
CLC1	GZF3	2.7653809462978005e-11
PRP21	RPE1	8.355305544650157e-10
PUF4	ARP5	4.4232895310337625e-09
HAM1	NSG2	3.961532704234438e-10
PUT3	ENV7	3.226940465707867e-10
FYV10	HXT8	1.9895591686193538e-10
ASP1	YPL108W	1.6487678632009487e-09
CCW12	SSP2	1.8333633155952064e-11
LPX2	RSO55	3.2404031765207014e-10
ECM10	RPL39	6.927758789582118e-10
YBR197C	IMA5	1.907737373678879e-10
YDL129W	TUL1	1.6031367578422605e-10
ARP1	SPC24	6.786309731264896e-10
BUD9	RPL42A	7.018506690939606e-10
ALG2	YOR186W	6.749165457496182e-09
PRM5	GRE1	1.2039112659988242e-10
LPP1	SDP1	3.525032400060335e-12
NVJ3	TIF6	4.893937189103764e-10
GUT1	YHL005C	1.8977662493582756e-10
SAF1	TRS33	1.8131061644281482e-10
RBG2	KEL2	9.834496601897146e-10
YCL075W	VPS41	9.912969720956137e-10
DPH2	GMC2	2.362408802808545e-11
RRP8	YTP1	1.0085155566745503e-09
NTG1	PSP1	5.2714846199692735e-09
AIM9	RPL20B	6.660719058365334e-12
VAC14	PSY2	9.180764690526721e-10
NBP35	PBR1	5.662284090566708e-10
HYR1	YJR107C-A	3.49670323071182e-11
CWH43	SEC11	3.8212444129385037e-10
RPN4	ELP4	7.997245965306135e-10
PHO81	PDR5	3.688577079501436e-11
IFA38	SMC1	3.5868242181169705e-10
DEG1	MDM1	1.4858388818949032e-09
APD1	HRI1	1.0910954222487184e-09
VRG4	MPP6	2.2628021244013177e-11
CDC28	PHO90	8.479887167934193e-11
PKC1	CCT7	9.255702085459068e-09
NBP2	SVS1	8.938762069888363e-11
MET28	RPC25	1.146251989093695e-09
FUS2	PUS7	4.3251934281848735e-09
ATG3	NOB1	5.266376840393044e-12
SDC1	SMF1	1.4637792232193728e-09
YIL102C-A	CAF40	6.58601495594332e-10
TCP1	SUT1	2.011003611706159e-09
RSP5	PXA2	2.4503560238828833e-09
YHR140W	ATR2	1.5057562671990594e-10
YBL044W	MTC3	4.472993599247806e-12
IDS2	RRN3	2.5071856692801884e-10
YGL159W	MLH3	2.8725865511301573e-10
VTC2	VID22	7.061667837047118e-10
TAF11	YAP7	3.3681943711534003e-10
LHP1	YRA2	2.6917140593278476e-10
ENA5	RPS25B	3.63872834624531e-11
CAB1	ANK1	7.258137234751173e-11
YJR128W	PBR1	1.3778370224245378e-09
NUP60	MSC7	2.7343257526319492e-09
DBP8	RPS31	2.2632682091397394e-10
YGR266W	CVM1	2.696025321823027e-09
RRD1	YKT6	4.5130614179115284e-10
NET1	MET12	3.278870181955994e-09
NUP170	PEX25	1.1917206570241618e-09
YHR175W-A	HBS1	1.2165534195512132e-10
ARE1	CAB4	1.6704162974886026e-10
YNCD0021C	ATP11	2.094941244822914e-11
PRS2	HCA4	1.3936245374679405e-09
VID22	RTC1	5.2922240847684194e-11
MSW1	TDH2	1.1334842866204916e-11
IDS2	DRS1	5.064799844400222e-09
ASK10	COG2	5.857039468976396e-10
CMI8	APC1	3.967696663106129e-09
ARB1	DFG5	3.042678397095522e-10
ERG3	GTR1	4.5077051704774067e-10
RTC4	RAX1	2.0972577302245066e-09
UTP22	MPC54	1.2690750939653351e-10
PIH1	HOB2	1.1619699688893375e-09
QRI7	CYT1	6.185405895839811e-11
CVM1	VPS21	6.999186615989738e-10
RDI1	SIR1	3.5284432563525566e-10
MSS4	RPL7B	7.541900021105106e-10
YCR041W	RRP36	1.6855983535444658e-10
MRH4	MSB4	7.944011208658038e-10
SEY1	BEM3	1.706492221368123e-09
YER010C	DDI1	3.7953698918252237e-10
DOA1	ROD1	1.2480668064812036e-10
CHL4	FOL3	2.716740732791705e-09
HOP2	IRC15	1.0843448943658862e-09
PTC1	NOP2	2.185123446526537e-10
IMP1	THP1	2.4298907174168694e-10
LSB5	FSH2	1.5229453902641224e-09
YDR444W	LDS2	2.9790824136265606e-09
TUB3	YMR254C	3.057935709256731e-10
SGF29	CSM4	4.006939794904621e-12
TGL3	ATG41	2.0417293621333536e-09
GAL1	MPS3	4.6064166854221336e-10
GRE3	GCD7	1.1532823068775835e-10
RBG1	RPL11B	3.98717676100992e-11
INH1	ALD6	3.840737656372232e-10
TDP1	CYB2	8.893463815008024e-09
CPR4	OAR1	3.365013742063928e-11
RHB1	AIM41	9.34387443873744e-12
RRI1	LAP3	3.2030911915593445e-12
CMD1	NRE1	1.3616436328080614e-12
RPL29	SEI1	7.748995652909846e-09
DIG2	YML082W	6.427679323458811e-10
PER33	PUT1	3.420176914813864e-11
XDJ1	MMT1	3.6270702758918094e-11
CYK3	BUD20	3.6268088487022e-10
GUK1	ULS1	1.1062208678347611e-11
GCN2	SKA1	1.4237234899934635e-10
ATG18	ALE1	1.9338056044192945e-09
NEJ1	RPS7A	2.100299507436313e-10
SAC7	YGR146C-A	4.077469981684864e-11
PRP45	RKM3	6.664669350443333e-09
CCT7	YMR316C-A	3.309335978891367e-10
GAL80	OSW1	2.5835465081036355e-11
REX3	UBP2	6.443024593637763e-10
TRX2	PIH1	8.062432858706688e-10
PTM1	PRC1	4.468109287772706e-10
RSM18	SEC28	4.838864046663904e-11
AHA1	KEX1	3.3782816374745846e-10
CYC8	UTP14	5.880961726449996e-09
HEK2	AIM17	5.984400854657501e-10
GYP7	PGD1	2.7923264420989923e-10
SSS1	PRE2	3.7484002229420274e-11
ATG14	YMR158C-A	1.5020080562381066e-09
YBR259W	YPR147C	1.4536338935290609e-09
HPC2	VPS29	1.3197311395062452e-09
CIS1	SEG1	1.597355222818153e-09
GCN5	TOA1	1.08197995829681e-10
FRM2	YGR079W	1.3209339818375714e-09
RBA50	MDH2	1.884325710373169e-11
NOP19	ACO2	2.8034369779664763e-09
STE18	SEN54	5.798778701226648e-10
BTS1	YPR148C	1.067053706152644e-10
BGL2	URA8	2.498593345835372e-09
PRB1	ICS3	4.4473176713937145e-11
MEP1	BUB3	6.572301229805928e-10
SIP4	VMA6	6.344415404274685e-10
SNT1	YIL082W-A	4.348698165952997e-11
PBI1	YPR078C	6.875247721973741e-10
SMC1	OST6	4.76471965344778e-10
CPR8	AMF1	1.6307463358563717e-09
YBR238C	NUP120	3.797235820632095e-11
APC2	SGT1	3.307927897477333e-10
TMH11	NAB6	1.3591095828940252e-09
YND1	AFG2	1.28571594531219e-10
BCK1	GAL2	7.601546772159157e-10
HFM1	DCI1	4.0129876312463095e-09
MCO14	SSU72	6.322005147863829e-11
MSM1	EXO70	5.913707528737582e-10
AFG1	YMR317W	7.707552325575202e-10
SGF29	PCL8	9.243495227367968e-10
LSM3	VAN1	9.55441330144985e-10
VAM3	DIM1	8.79015949823622e-09
TLG1	IFH1	7.52993894602353e-10
HSE1	APE4	1.0183586496429378e-10
OLE1	DPH2	2.2436749992900574e-11
YDL129W	SGS1	2.1092116933587131e-10
TRP1	RAD5	1.5847283028160107e-08
YGL185C	PUP1	1.0871808380866226e-10
APM3	AXL2	8.374005758625565e-11
EHT1	CSF1	1.2193742132231514e-10
MRX19	CHC1	9.171921969104236e-11
RPL36B	YME1	1.3311263476559037e-09
UPF3	ASI2	1.4256146367557251e-10
CDH1	KKQ8	9.847993383185318e-10
POL12	LAS21	3.2830364499074325e-11
COX13	YGR025W	2.0245834080914822e-10
MSW1	YNL162W-A	8.179272765369655e-11
HEM2	MRP4	1.021710708225904e-09
GUT1	YHC1	3.349219443077334e-10
YMR1	MRS2	3.428782075921597e-08
URM1	SRN2	7.011354285427256e-09
KRI1	SFL1	1.1732708347426054e-10
CCT3	NUP133	2.734848339948966e-09
YHR175W-A	MRPL20	2.2705716004530862e-10
COQ2	SPE2	2.48003722454274e-10
DOS2	ZIM17	2.7267556033908693e-10
JJJ3	TOF1	1.729758644092285e-10
SDS23	AAT2	1.450725823591059e-09
GEA1	HMG2	9.816713366871964e-10
SLX1	SAR1	7.877175004163545e-10
RAD23	PPT1	3.3643655680180343e-09
YBL029W	DBP8	1.187862511360014e-09
PUT4	RQC2	7.88315239813943e-09
PML39	LEE1	4.986300574215784e-09
CHZ1	IRC9	1.372490646583777e-10
PRP43	MST1	1.4001980728706825e-10
SLI1	YLR111W	2.3235061852556475e-10
ECM12	PPT2	9.060107204786244e-11
FRE4	COT1	4.0814555958952775e-10
RPL42B	OAC1	2.6136699476029304e-10
MTQ1	YNL042W-B	3.823408268795525e-09
BMH1	ATM1	9.929601267292807e-11
TOG1	YKR018C	9.602037439633799e-11
SNA2	CAF20	3.952171138689134e-11
RMR1	AQR1	4.7241287920522985e-09
SAT4	HER1	5.181150165447949e-10
SHE3	ETT1	5.04928140109558e-11
SHG1	UGA3	1.6663872277112328e-10
EFB1	DIF1	2.027741737648938e-10
PSP1	AMA1	2.1025076311611262e-11
GCS1	SBH2	1.2556470818969922e-09
SRO77	DRN1	6.387838514124048e-09
RKR1	SHR5	2.554240360760832e-09
RIM1	NRS1	3.982755922974158e-10
TOM70	FKH2	5.1139370735286826e-08
TFC3	HEK2	1.2852934974296182e-09
IAH1	SCD5	1.4476666430417547e-07
AAR2	TUS1	3.874779166045103e-10
NCL1	CRC1	7.61266549656425e-11
YIL086C	PET123	1.4385435763339437e-10
HAP3	DAL3	1.038471089514045e-11
PLB1	ARG8	1.5604694048907065e-10
HOM2	ECO1	1.7955283032380516e-09
VMS1	NOB1	2.1180644838469214e-09
YEA6	MCO14	2.400500847409027e-09
SPO74	SGO1	5.978589224910309e-11
LAM4	SPC34	6.05324203104424e-09
ESL1	EXG1	3.657877605405231e-10
YDL129W	IES3	1.4417281697594866e-10
YLR379W-A	CAT8	7.580806734016408e-11
QCR10	GUP2	7.667642238451235e-11
ATF2	KHA1	9.838865778368475e-10
CMD1	YDL114W	5.913763509021534e-11
GCV1	ELO3	2.0589202834613862e-10
CSF1	REA1	3.9455019902768177e-10
WHI3	RPA43	2.449736069577417e-08
RTG3	RNQ1	2.0911270969282064e-09
RPN6	YPT1	9.919638984169349e-10
MSN2	YNR065C	1.3188778068200163e-09
YKL183C-A	CTI6	6.733347006603671e-10
ENA5	VPS21	2.675077489047723e-10
DER1	YGR210C	2.1613854442491485e-10
UGA1	COX10	1.647459231219002e-10
RHO3	SPS19	9.467338068629332e-10
VHC1	UGX2	2.6810456093990975e-10
CAP2	ABP140	9.408659200435208e-10
CBP6	PGC1	8.073336711249942e-10
CDC14	TAH11	2.290703136323705e-10
HEK2	BIL2	2.7129175308409234e-10
MAK10	MCM4	9.277876716530791e-10
YDL144C	CDC25	6.487985337878951e-10
DSE1	PAM16	8.040183463814277e-10
NPR3	CSM4	1.0954826268753907e-09
BNA5	MRPL40	2.2066442445043057e-09
RPL17A	NOC2	8.092611687756436e-11
SNA2	APS1	1.5042030775743143e-09
SRF1	ZPS1	6.289459804002751e-10
LRE1	SPC42	1.7933701064864784e-09
YDR061W	NAT4	8.596757689636871e-10
MSH5	NAS6	5.018571836374103e-10
YJU3	RRG8	2.673586336721815e-10
DAL5	YHC1	1.693044469858403e-09
POL30	FMC1	4.9696017105710105e-09
YMR196W	BOP3	6.987163132517933e-10
SNG1	TRK2	1.4210118669001674e-09
LAM6	YNCO0031W	1.3458321967636723e-10
SAP4	SOK2	2.3977382977226646e-09
HOG1	REC8	5.258773145523941e-10
SYO1	YAK1	1.2122482156687055e-11
YDL177C	THR1	5.801073153555144e-11
POL3	PAN6	3.3327544853497024e-10
MEI4	YLR112W	2.223792898561225e-09
MEI4	THI7	5.3949549441224656e-11
ARP3	PTR2	1.6585406937225296e-09
RMD1	GIR2	2.374170490868612e-10
NTG1	TPH3	1.1102992607652074e-09
OMA1	RPS16A	1.4186892749028193e-09
TVP15	TAO3	3.884877721215054e-09
FAD1	RPS18A	6.507328950989935e-09
VAM7	ANY1	2.4324017036375504e-09
SPT21	MDL2	5.995252454472435e-09
THI20	YOR365C	2.758422100428782e-10
VBA4	COX8	2.42537170399758e-10
YBR062C	CDC7	2.1460320649581775e-11
YKR032W	CIR2	7.120381510122726e-11
HED1	RRP9	2.5399258286719767e-10
TTI2	SUE1	1.9595923499470073e-09
KIP1	SWI6	2.2805247826319236e-11
SWI3	FPR4	1.0533014877782527e-09
THI3	FRE1	1.3113554958794127e-09
LAG1	YPL245W	3.079351213591223e-10
AHC1	KAP120	1.2425406760865228e-11
YER187W	SRN2	7.14033631735024e-11
GRH1	YER186C	3.395716484051462e-10
OM45	IML2	2.7015363487981176e-09
CCT2	SIS1	1.3767565711158535e-09
HCM1	RAD23	9.160721986261531e-10
RPH1	YNCM0020W	1.0229915805914925e-09
SER33	WAR1	1.9084154542073127e-10
PHS1	CYB5	1.9222878546237156e-09
YDL144C	ESL2	2.2982334384128178e-10
RPN1	PPE1	2.8162166976660133e-09
ZNG1	SNT309	3.366377752549664e-10
PCL10	PPA2	2.2541764181883825e-10
HOM2	DIG2	4.091792091785095e-11
NUP60	IRC8	9.98554965963416e-11
ZRT3	GUF1	9.429972243713815e-10
PEX1	YLR112W	1.0818985613793755e-09
AVT3	ATP25	8.915454529798188e-11
PLB1	YTH1	8.333161313997245e-10
IZH1	SIP4	7.469162190123726e-10
DBP3	URA8	4.106368929455422e-09
POL32	RPL42A	1.2122658862463256e-09
CMK1	CDC25	1.7868875652126077e-10
PFD1	BIR1	1.2228512727410816e-09
BDP1	SEC16	2.323559316455285e-09
SHU1	YJR149W	8.781388623915296e-09
CAP2	BOS1	1.8743671618828605e-09
RRT7	YLR264C-A	4.664424773256712e-09
PCF11	CSM4	2.1760501808303943e-09
YGL088W	YPR084W	7.107901596913274e-10
RPL2A	YOR268C	2.8179074350488604e-09
BAP2	SLY41	7.708892753585645e-10
PEX31	GAS1	9.664932642208958e-11
ATP12	YMR082C	2.6796652421737e-10
GDH2	YLR406C-A	2.009420668968407e-10
SPS2	FRE4	3.2852128435270325e-11
YAP3	UTP18	4.6149935508687314e-09
ERG28	SAM35	1.655599915462721e-09
SMC4	SML1	3.021238730493024e-11
DLD1	SSO2	4.9205446254303805e-11
CBK1	YPR148C	1.3884605477570085e-09
RPS25B	SKS1	1.1190738231989572e-10
TPT1	MDM32	3.962385874902931e-11
YML100W-A	SRL1	4.2554184797162005e-10
CNS1	HBS1	1.9707412134766664e-10
YRM1	SNT309	4.4220281296766517e-10
RXT3	SCC2	4.4641701211014055e-10
VMA10	SHB17	1.4691503291527671e-09
HPC2	RAD4	3.0015741407611326e-09
CWC24	SRP72	6.779634461146434e-12
PRS1	YMR007W	6.963676177423736e-10
AVT5	TAF12	2.8858927335980283e-09
DOS2	MTC6	2.903703245870962e-11
FHN1	NUF2	2.381135692251544e-09
DNL4	THI21	1.4612876143199085e-09
RPS6A	ISM1	7.343274895363644e-11
MEP1	NUP53	5.117874733729616e-09
FRS1	SYM1	3.2114137554405238e-09
YMR317W	SRO7	1.663477367750197e-09
AFG3	YNR071C	6.018908693552532e-09
RPS11B	ASK1	5.935256125876909e-10
MRX16	ESBP6	9.9601499191756e-12
RPB4	NDI1	1.1358536760731796e-10
TSR1	BTT1	1.330596063606223e-10
PAU10	MCO12	3.127741070683674e-10
ILV3	YKL069W	1.0130964314111928e-09
JAC1	YMR242W-A	2.475868434552979e-10
NMA111	AHC1	4.436830509631279e-10
MCO12	SLZ1	5.4273215512635625e-09
MAK21	NAM7	3.0126678801950174e-11
STE18	SCJ1	6.604168778133722e-09
YPD1	SRS2	4.512183156587295e-10
YBR219C	SNU56	1.442440397460628e-10
CDS1	YKL069W	3.003977837995433e-11
SCC2	COX15	2.0064279951814912e-09
STP2	TSR4	9.660031426272644e-09
IES1	VMA4	9.472055562191633e-10
RPS8B	ASH1	3.74491750573456e-10
RPS18B	IQG1	6.255495239725046e-11
BNS1	GLC8	1.0224836653862293e-10
RTF1	ARC18	3.965181417291881e-11
VRG4	STB4	3.826059140609559e-09
YBR085C-A	MEC3	4.527272531803262e-11
CUE3	MRPS17	7.062649807607417e-10
YPT7	YPR084W	5.337674310030635e-13
FUN26	ECM22	9.480589330920476e-10
SCW11	YGR050C	1.7227854722783959e-09
CTR86	DFG10	2.215117797342671e-09
GIS1	MUK1	2.249434874145245e-09
MDM34	YRM1	1.1999618075190706e-11
DAN1	SSA2	9.079765906623453e-09
TAF6	YMR262W	1.1110039495431682e-09
COX20	RGD3	1.0201016069882428e-09
VAC7	OST3	4.2662337159223473e-10
RAD26	RRP9	2.6254137505882524e-10
YLR225C	TMA7	1.5819885630844831e-09
RTN1	MCM4	2.009385938257379e-10
MAK11	MIC60	5.978201571984808e-10
CAF16	PPA2	3.088124809810111e-09
MTC1	NHP6A	3.2621428636158935e-10
MRK1	RMT2	1.3204084767446049e-09
TLD1	RAV1	5.984666371560034e-10
EFM1	AIM22	1.0585899511790491e-10
YDR262W	VEL1	2.1828058584670478e-09
IRC4	OSW2	7.175004360032056e-12
UCC1	HST1	3.127881085654712e-11
YML100W-A	CTR1	4.819609932571069e-10
GNP1	SEC62	2.4326205713668135e-10
UPS2	NTE1	2.8157468291203337e-11
SAP4	PMS1	9.156921639332147e-11
FRS2	HEM15	2.8565897881139934e-10
DNF1	SCP1	1.3120023190761313e-10
RCY1	YNL050C	2.2441946196269374e-10
QCR7	KIP3	1.797136572328942e-10
ANB1	ROT1	1.2225880446185774e-11
LRE1	MTD1	1.1088203687632431e-10
SFT2	YAF9	7.236502383125725e-12
ITR1	FLC3	3.930839106963382e-11
DPH5	ALG5	6.228372410251568e-10
RCF2	MSB4	6.797297816197821e-10
YLR406C-A	YNL019C	3.746399618733279e-09
PHO84	JLP2	9.770517197224667e-10
ADK2	GCD10	7.0932937096202e-11
RPN6	UIP4	1.6292970577507574e-09
EXO84	YGR117C	1.952021054942867e-10
TEF2	RFA3	9.607099550209163e-10
TRS65	KTR7	2.1418009086607176e-09
YJL206C	GAC1	4.606480777113514e-10
ECM32	TRM732	3.2478310085019014e-11
SNF12	RTC6	8.897794743871275e-10
HST1	BIL1	7.708004096824732e-10
RAD9	BEM3	5.972312763026918e-10
RTN1	ATG32	1.1841348182980642e-11
PUF3	SSP2	7.536677571628224e-10
MSI1	ISU2	5.862840450887379e-10
MYO5	MOD5	3.39591354372616e-10
DBF2	YMD8	3.836709297885242e-10
ARX1	PIH1	2.6842406819517465e-10
RAD16	RPE1	6.48999975783451e-10
KOG1	SGS1	2.7726942354219235e-09
SIT4	HCS1	2.7789043302780476e-11
MSW1	PDL32	2.8337164923783085e-10
PRP18	UPA1	2.8611471026993365e-09
VPS1	YPR027C	2.9051486834455406e-09
YER158C	RAD33	2.242674068446401e-09
SPS2	GET1	4.0314091795774905e-10
YNCC0009C	ATE1	5.754883575929988e-10
PAP1	KES1	1.3425145448562625e-09
IRR1	RGA1	1.3342408320004434e-09
TUF1	MSS18	1.1733380994566575e-10
PDA1	EFM3	4.944077377537934e-10
MBB1	ERG20	7.992847815013718e-10
MCM10	BEM3	2.0379635481271123e-09
KRS1	YOL036W	2.1647453343907264e-10
PHO8	MAG2	7.841456001779252e-10
SRD1	YIL059C	3.75534531359024e-11
NKP1	PPN1	5.0369735162427e-10
SPF1	CPR2	9.753682744373439e-11
PIH1	TDA4	2.6777197921162595e-09
RPS28B	VAC7	3.3910302702498575e-09
HXT13	BTS1	3.2935080658273454e-11
TMA108	RIF2	2.814111874140724e-11
XYL2	YMR209C	1.3759162170321978e-10
STE7	HED1	9.016659939565344e-10
LUG1	MIM1	6.849526093097125e-11
PCL7	TEN1	3.786390500678164e-10
RNH1	RPL9B	4.299418114949965e-11
COS9	ERG10	5.817991822154314e-11
CLN3	KCS1	7.195668190651168e-10
DRE2	BUL1	2.2051120532963004e-10
HCM1	SPP2	5.280629338100147e-11
MRP13	CDA1	2.695182546065182e-10
YGR025W	CDC5	1.859392127671296e-12
AXL2	ACC1	8.825494256006333e-11
AIM21	IBA57	2.362354558428907e-10
VPH2	HUA2	1.1398896356748543e-09
SNX41	CWC27	2.938314606138884e-10
YNL095C	PPQ1	6.912106179524256e-08
RIB5	YET1	3.048754184246736e-12
OM14	RAD55	2.02651743589854e-10
YBL028C	YKU70	4.550778322017173e-09
YPS7	GET2	1.844616110154987e-10
MYO5	HOR7	2.219414124748375e-09
CNE1	TRM9	2.8220575119901225e-11
YDR444W	PUS2	1.3262298476407953e-09
TSC11	ICS3	2.3740479760024828e-09
MLG1	YIL092W	3.3985566852081554e-09
PAN5	SRL3	8.050882820517024e-10
BUG1	AFB1	1.2202852623404293e-11
BSD2	OXA1	4.6399397457044895e-09
SDH9	ATP14	7.668515543505638e-10
NOP19	YML003W	4.1546454151437635e-10
MCD1	EHD3	1.3820562239248645e-10
ACS1	ACB1	1.1870083648624203e-09
RPL35B	YNL190W	3.3244255877610105e-10
PPN1	MRPL51	1.3636331001385754e-10
OKP1	TIR2	9.14940066891137e-10
SEA4	NDE1	5.1731372458982e-09
UIP3	DPC7	3.735915627728478e-11
CPR5	SMA2	4.645877194944027e-09
ECM11	MRPL22	3.0817509024646553e-09
TRM8	ADE3	1.3861343355729876e-09
GPM2	YLR152C	1.0015822788110484e-11
SPO71	APC4	1.939295629630171e-10
PET191	LMO1	1.5070627268043553e-08
SAM2	PAM16	1.554904316594978e-10
NHX1	YLR146W-A	1.3097709206025587e-10
FMP45	CAN1	4.370064623100159e-11
TFC7	IPL1	2.1733538669402548e-10
PRM9	YER138W-A	1.5418890047305008e-09
YKR005C	MTG1	1.0322938319320115e-10
SRB4	YGR035C	5.117299028208518e-09
CRN1	SHH3	7.063100494657977e-11
LHP1	YGR079W	3.452832730978029e-10
RRP8	SNA2	3.035002172381052e-10
MSN5	MCM16	9.25824040259891e-09
TOF2	DPH5	1.8198288529507052e-09
TAH11	VRL1	9.324044785569474e-11
API2	BRL1	1.4467943105987578e-10
RPS16B	ARC15	1.0229858290485076e-09
MSC7	CIN1	7.141743612335116e-10
CSA1	ATG13	6.859454881146771e-10
TIP1	FLO11	6.286135154741935e-11
RPL24A	YJL077W-B	5.273062226099371e-10
AVO1	COQ10	4.058053871949432e-09
ARO8	YLR257W	1.9174400327704163e-09
PDI1	YUR1	2.2261201566693683e-10
GUT1	RCF2	1.2982358340723676e-09
UPC2	MMR1	2.2444615953979705e-10
MCO14	PUL3	2.763067774895352e-10
MGT1	PRE2	1.345232285591978e-10
SNR56	PTC5	1.8615843381049917e-11
RPA12	ESL2	2.2774026449192212e-11
YNCD0029C	COQ9	1.420430273306408e-09
CPR3	AIM44	1.2547125265635549e-09
ISA1	MOD5	1.0015518976162992e-10
STE2	TEX1	4.803318489526234e-10
RRN10	LYS20	4.275590650476639e-10
BRE4	SDD4	1.2639640102963256e-09
EDE1	YHR180W	5.670026136174134e-10
RPS6B	ERG25	2.1311198578580023e-09
RIM1	CDA2	8.784947770622544e-12
DCG1	TPT1	8.987323888903598e-10
TUB3	GRE2	4.4979898437891765e-09
CIS1	SPC2	5.514997419601303e-10
BUG1	GET4	1.558006516475505e-09
FIR1	GAC1	4.1433287552718525e-10
ASM4	VHR1	2.855746496319139e-11
YDL129W	AVT1	8.137937873146419e-12
SDS23	MET22	2.0160027247883858e-10
HOM3	DDP1	2.560843614521709e-10
AAD10	IRC20	2.7034507419492947e-09
YCR095W-A	CMR3	1.669758698429144e-09
MRX12	SDD2	4.143825081876972e-11
RER1	EFM1	7.065044352417734e-12
PSA1	RPL27A	1.1859499429720281e-11
BTT1	IOC4	2.85923391756428e-10
GID7	FSH2	8.814269151314745e-10
MSH4	CYR1	1.090896573883578e-09
YEL1	DPL1	7.943244481816103e-10
PET112	LPP1	4.61013160481803e-11
GDI1	SOL1	1.2565908836036602e-09
IXR1	CUE5	4.9972798987214156e-11
LAM1	HTZ1	1.1743580547174437e-08
BCK2	AFB1	7.848456059130621e-11
NKP1	TMA108	1.1562958021095778e-10
IST2	MTH1	3.905001058497272e-11
RPC25	VRL1	7.768076485877921e-11
HPM1	RSB1	1.1770537552968084e-09
IMG2	GPI16	5.27921536513208e-10
CCT4	ATP4	1.2789045258928072e-11
RNT1	PPG1	3.156675916069601e-09
TGL4	HST1	2.693578508933832e-09
GRX1	PUL3	1.1815709570632326e-09
BCK2	COX10	1.6875123184440264e-09
MOT2	YLL006W-A	1.0106326718876451e-09
ALT2	BZZ1	3.1510077182138424e-10
PRP28	MSD1	1.3084998196609168e-09
ELP2	YOL085C	4.7612355946732044e-09
CYC3	MET8	1.5177628258429118e-10
UBP13	DIA4	1.4381387301645864e-10
OM14	SLA2	2.1375811992319197e-09
VPS13	PCD1	2.1496634568467626e-09
PRE1	HIS2	8.085412924130347e-10
SUP45	YOR343C	5.583515898434554e-11
TIF4631	PRE8	5.033681066720145e-09
VMA10	RSM7	6.987972474934045e-09
RPL43B	NGL3	1.8395821907132363e-09
RPL35B	HIS5	1.005034311040512e-09
EMA19	TAF14	3.0886036046233153e-09
DPL1	RRP40	1.055076846966574e-10
HMLALPHA1	CDC14	2.3032263649748557e-09
CCM1	YOL024W	2.8109535159919025e-10
OM14	YNCL0044W	8.88610575337973e-12
TIM22	PFS2	1.9429912441441857e-10
PDR11	SUI2	1.9736681604746736e-10
MCH1	COS9	2.410969211843871e-12
YMR253C	YNCO0031W	2.646995997685004e-09
DFP1	NSE1	3.2166318341494494e-09
MPC1	ATG27	8.709582751503027e-10
ZAP1	YIG1	4.993259149385747e-10
MRP4	PEX6	2.610182610522847e-10
DNM1	MRL1	2.4997999270375266e-09
MRM2	PET8	8.35569167526041e-12
YSC84	CAF20	7.269611956455889e-10
EFB1	BIM1	5.337739117125004e-10
CST26	PUN1	4.6645490614806045e-11
PEX21	MCT1	1.1164631135889261e-10
SFT2	TUL1	8.787138797485115e-11
AIM2	RPC25	2.0435783674512635e-09
RNR2	EMP46	4.6150628355441667e-10
SWF1	MIG1	4.287592440404841e-11
YHL042W	YOR105W	9.257496063662303e-11
AIM33	YNCN0015W	4.002670976656717e-12
HSP30	YEL067C	4.2613753931773766e-11
HED1	NOT3	1.8864463794558217e-10
NGR1	DIE2	2.5640815256048633e-10
SIR3	YOR011W-A	1.382788309941352e-09
FRE8	BUL1	1.7070335492653242e-09
VAM6	YPL038W-A	9.767452410816382e-11
ENA1	MSB4	2.936967039401281e-11
MFA1	YSH1	2.5812322714871763e-10
CDC36	TEF1	2.988776523922323e-11
RSC6	MLH3	1.6127560263837304e-10
BNA7	ERB1	1.478928438959959e-10
YOR1	RPL17B	7.102853817385873e-11
ATG7	ISY1	1.3969800176842108e-09
YJR151W-A	NEJ1	3.57346896798429e-10
BNA2	SKY1	1.00235998316755e-10
BRF1	COX5B	3.227186827425732e-11
NRP1	YBP2	1.2052958074983045e-10
IZH1	ULA1	6.819365168382972e-12
SDH4	PIC2	8.975639601836024e-10
SAN1	COX15	1.7502507025653272e-11
MRPS17	ZIM17	1.7566263398183362e-09
NUP85	SMC6	4.9901085605268976e-11
PMT7	MTR10	8.502254364449505e-10
ERG4	SIS2	8.171274033912124e-10
TPH3	YMR209C	1.7879682525325824e-09
YHR210C	FET4	1.6691026399244248e-09
YDL009C	ATP5	1.7692727019487896e-09
RPS24A	PEP8	3.042315903371727e-10
YBR184W	MCO32	2.937325582546755e-11
YEL009C-A	OXP1	3.6729141867179335e-10
MCD1	VMA10	3.441848651536711e-10
TRK2	ATP14	9.294478952646794e-10
SHM1	PEX15	9.583760310402099e-10
DNA2	YJL107C	2.4961250702090586e-10
YMC2	SMX2	1.271061589006839e-09
NMD4	EFR3	1.228504961792308e-09
SLY41	RDR1	4.547134359025169e-11
LYS14	MED6	1.259193831091252e-09
MSH6	GLC8	8.514301414137442e-10
MCM21	API2	1.6538435401031045e-11
AAR2	YCR041W	7.265354888172382e-12
BNA7	CBF2	3.951529154791945e-09
YGK1	JIP3	1.8203269266961733e-10
NDE2	STU2	1.2280951747514998e-10
RMI1	SUT2	7.837821838756144e-10
CDC9	SPO12	1.0029014432848198e-10
GAL1	EGO2	4.973620751986122e-10
MLC1	STO1	2.3664297547704647e-09
YDR003W-A	RPB7	1.5550310881088966e-09
PEX3	PRS1	1.2343767673368033e-08
MIN7	YME2	3.3627454692128434e-10
DPB3	YER175W-A	1.2987081010437021e-09
EIS1	MSD1	2.2259396983693182e-09
NNT1	PPG1	6.837992715704332e-11
RFC5	YLR146W-A	7.0016215144073634e-09
STE2	NSE5	2.6732045051048963e-11
SCM4	YKR032W	1.3021146712303645e-09
CLG1	SDS3	2.2997531827741633e-09
NOT3	YMR155W	1.2881796305490002e-09
YBR137W	YEL008W	3.637687014069868e-10
ECM12	TIM17	6.680591012365231e-10
CNA1	BIO5	3.581638661627961e-11
RPL42A	FAA1	1.004395831546781e-08
SNT1	PRM7	6.464111824598472e-12
TED1	PCD1	2.379549479701303e-11
LPP1	UTP14	7.403588089063198e-11
NBP35	VPS5	9.373166711470496e-10
AAP1	SRL1	1.506691815182838e-09
HTB2	PUT1	2.0018777123391684e-09
MTD1	IGO1	1.79251341561445e-10
INP52	OSW1	3.837998879106395e-09
MSN4	RTC6	2.8377655365323367e-09
YMR1	CDC33	8.136962346513808e-11
SIM1	IFH1	3.6035232590694654e-10
ORC2	RPL2A	3.0268253391772087e-10
STE18	MEP3	3.93636818313508e-10
IST2	TPC1	6.590465160921126e-10
YCR006C	EMC5	8.644310484286098e-10
SLA2	RAS1	2.0909986092045984e-10
PAM17	RQC2	1.6375883389529068e-09
UBP9	YGR237C	1.0104591243804768e-09
VPS41	PUT2	1.4317296069348016e-10
YHL017W	ATG44	5.580810536099345e-09
BIK1	SFL1	4.5453282137107904e-10
TEL2	ELP3	2.6553436698965864e-09
YKR041W	IFH1	1.2017803778052872e-09
LPD1	NIC96	1.072006491399743e-11
SCW4	SUA7	9.326778677053716e-10
BNA2	VPS501	2.2175100712745266e-10
RPG1	YPR078C	9.97230686445374e-11
PRY2	SET6	2.924780714954083e-11
HXT13	HRR25	1.0397659058017831e-10
POX1	PUS1	1.7419789938421215e-10
PBI2	HER1	1.656910350260202e-09
MSH4	YJL007C	5.303832802836257e-10
EXO5	YIP3	9.720005022381194e-10
FUS1	GRX6	3.286263042323921e-11
SPG1	OPT2	5.867489361271703e-09
COQ1	VAS1	2.0449227243439817e-10
NOP13	SGO1	1.0610570247017407e-10
CNE1	RPL17A	4.826493708469004e-10
CAD1	AFT1	6.097558206220234e-10
YFR012W-A	MBR1	3.924928190110836e-10
MAK32	YJR128W	5.520629602176842e-10
FUR4	GTT3	2.041811431481042e-10
PAU10	YPR014C	7.199636269878918e-12
YDR194W-A	YOR072W-B	1.6709898809720102e-12
VMA1	GPI13	6.538950688954562e-11
ERG3	MEC3	2.827640970445905e-09
RRP1	HAA1	4.401384513185428e-09
ICS3	MYO3	6.345045425639206e-10
PUF6	DMO1	1.2154095174285306e-11
RNR1	UBX4	1.8829712315802083e-09
NPA3	IMP4	6.993090305905311e-10
YFL015C	MMT2	7.385452295028139e-10
CCM1	UTP30	2.2192315160311028e-09
SEC4	TIP41	2.910638389307409e-11
HCA4	HRT3	1.8813873582035172e-09
SAC7	SNA3	7.317118213419634e-10
BOL3	CMK1	7.16861357026685e-10
YLR255C	YPL113C	4.179432257305391e-09
LYS2	REV3	1.097767889986382e-09
RPN12	YJR079W	4.798611844839858e-12
COG2	MRN1	1.5618521710335024e-11
ARO1	PPG1	4.0789602870998795e-09
KRE28	SPE1	2.1072283700774058e-11
ARF2	DFP4	8.849776674139103e-10
BUD4	MAE1	4.1786391405861524e-09
MPS1	TMT1	3.236567553911541e-10
HSK3	ATG16	1.795409781824578e-11
NUP170	CSS1	6.458929944018355e-09
PEX31	CIC1	3.508002453990472e-11
SSB1	MET14	1.237329881915938e-10
HSP42	NSG1	1.1650310966425696e-09
OAF1	ARO4	6.80925604818375e-10
MMR1	NAM7	1.0095631780839228e-09
RAD4	ZOD1	3.0009495687015227e-10
LEU3	SIS1	2.6296706929552415e-11
RSC4	MIM2	4.667377570796595e-11
RGR1	YTM1	6.24765472748136e-10
ILT1	ASI2	4.261862274884936e-12
YIP1	TIM50	1.710758117213942e-09
NSA2	ERG2	4.599288558635734e-11
PTC4	GID12	7.940667162588558e-10
GPI18	SMT1	1.2773062061990275e-10
SPC97	YJR084W	2.458985757992995e-10
GLT1	CCW22	1.3743088268000205e-09
EMP47	RRP14	7.770887077626599e-10
SWI4	LAM6	6.555824865608863e-10
CDC9	PLP2	1.4768833649897924e-10
HED1	PRR1	1.4043887411463473e-09
ESBP6	FHL1	1.061039074253964e-09
SIF2	SEC59	5.327716916004366e-09
PEA2	YET2	9.39388848531753e-10
PBN1	ICL1	4.415691233073635e-09
VTC5	SPE1	2.3016239565425766e-09
COX13	RPL24A	2.1757270438205355e-11
GAG1	GDS1	1.6828650966647584e-08
SOA1	MCA1	3.099177866800918e-10
HIS6	MTC1	2.6388143258998733e-09
NRG1	IMA1	2.2553089855533496e-09
SDH8	YLR264C-A	1.0542204919131259e-09
ISW2	HHO1	3.1687697594254513e-10
YER039C-A	YNL040W	1.3114780648054056e-09
MGR1	RPL40B	2.796156123181116e-11
MYO4	PPZ1	1.5758540542168204e-10
NAT1	SNA3	3.270808531614789e-09
RPC31	DPB2	8.121353907645867e-11
PST1	MF(ALPHA)2	1.2860940040089138e-09
MUM2	ATE1	4.24474549055023e-11
YFL041W-A	SWI3	1.726938209887542e-11
QRI1	SSU72	8.192195113245767e-11
YDR246W-A	CCT3	1.5904866370298185e-09
STT4	RTC4	1.1286021157064435e-09
YHR210C	YNL058C	5.306157809949933e-11
ATP16	TMA16	1.4722705786507268e-09
KAP114	CLB4	1.001427726101286e-09
RAD5	ACE2	7.69612990533214e-09
COG1	MEU1	3.1903770940982675e-09
PYC2	NUP53	1.1968081473014342e-10
ERG9	UTP15	8.967404898209186e-10
LNP1	HXT14	1.1704919839678823e-09
RNR4	REV7	5.463923832261587e-10
MATALPHA2	OXR1	1.6910417996605062e-10
DBF4	GPA2	2.6546132114612826e-09
SYO1	MNR2	1.8974650068360942e-11
LEU3	RFC1	3.139662639824567e-09
TDH3	TAH18	9.69888710575663e-10
SNT1	MEK1	1.2517443145089868e-10
HRD3	PEP12	4.530474112062272e-10
TAF13	NFI1	2.492863430147497e-09
MRX7	BEM3	1.1709876925910661e-08
FOL2	YNL195C	1.3767370504334888e-09
RPP1B	YJL107C	2.136438332014263e-10
YBR138C	ECI1	1.0864106191599334e-09
PPM2	COX11	2.0016414845886365e-09
IRC10	SPO19	4.067025766093984e-10
CFT1	URA3	1.719258679671362e-11
BST1	SSO2	6.270483578136809e-10
RPH1	YGR025W	5.326327419555292e-10
BCS1	RAD54	2.683346112450423e-10
MIN7	IMD4	5.049257700980491e-11
RPL41B	STV1	3.7602682338262157e-10
NPP2	SGF73	6.260550458205818e-10
DCD1	DBF20	1.5154355286644634e-11
AIM6	IME1	1.5901177456221793e-09
SIT4	MSC3	1.2502836804329727e-10
ACO1	FRE5	1.5641767241818998e-09
DAN4	MRS2	2.6170409601568732e-08
HOP1	YOR011W-A	1.3464228397844271e-12
KIP1	SCS7	1.4306566118646823e-09
PEP12	YME1	8.024315373113412e-11
GCD6	ZOD1	3.817357171478678e-10
SEC3	PDP3	3.358722603898614e-09
GLC3	NIP100	2.634743320978185e-09
ECM23	YPR027C	4.731256879948777e-11
VPS41	SAN1	7.467783850536929e-11
RRP1	BMS1	6.453701816843199e-10
DAL1	PUP1	4.240209156811825e-11
MNR2	DCK1	5.673768025520114e-11
RPS4B	PCD1	1.3082046086171773e-08
YPT53	RNY1	3.813280634387752e-08
CDC28	URE2	1.2784410078792123e-10
HAC1	THS1	2.4641958978085147e-10
HAT2	BUD8	9.295703018168536e-11
NPL4	FKS1	5.010204814486289e-11
FAS1	COQ11	6.72393635370135e-11
TSC10	MAL13	3.400575766095122e-09
REV7	YNL208W	3.1235963719748966e-09
RCR1	FRE8	5.778265794300017e-10
MRPL8	SBA1	8.781686795464936e-12
CAP2	TDH2	1.3526744387837646e-12
RRG1	YNL033W	1.1110999583077e-09
UGO1	FYV8	4.863057904778454e-10
SIP4	NCW1	3.16305951796722e-10
FKH1	ADO1	1.3911979640738636e-09
GPM2	DAT1	2.5810431131503267e-11
SIP2	MED11	5.322081133969863e-10
UGA1	RPS29A	7.876579544797367e-10
YNL108C	ESC8	2.9647672629245315e-09
FUS1	REX2	5.35492752402194e-09
TSC11	YAP7	1.3078211126362442e-09
KIN82	MET3	3.7516953599074757e-10
ATG33	IZH4	1.252164235022733e-10
VPS72	VHS3	3.660756690030379e-09
RPL19A	PRM4	1.374414133222358e-09
LPD1	SUT1	1.6453575876476247e-10
SGF29	KXD1	6.374658380512147e-11
GRS1	SMF2	4.184905696165747e-10
DPB3	HOR7	1.7509668577803258e-10
SPC105	SRL3	4.719682064213573e-10
YIL092W	YLR001C	3.2461676908452053e-09
EGT2	PAP2	1.5191470452095876e-10
HXT6	EXG1	1.0343993481481027e-09
VPS15	ETP1	6.549836745903817e-12
FRE8	NOP2	7.151966636894247e-10
TPP1	FHL1	9.294030744969347e-10
IOC3	PEX17	6.975654316723201e-10
FRT1	TIF6	1.5436296938275029e-09
TOA2	CAP1	4.9645065915405434e-11
GLC7	PEX28	2.1010907844843304e-11
YDL009C	YIR020C	2.07375126515986e-10
HSP26	PBA1	7.003306481532876e-10
SDH8	VFA1	7.327034046039074e-11
TAM41	DBP1	3.250915977164975e-10
ASN2	PUS6	3.2032045303300663e-10
CKB1	FLX1	2.8359282554069537e-10
VIP1	LDS2	6.1063324033776335e-09
SWH1	GPI18	3.892484330194072e-09
ADA2	MGS1	3.719012258483693e-09
BUD27	SKI3	2.0069526112883936e-09
PRM9	PTI1	2.3294389957461273e-11
LAM4	SDH9	7.963182561145586e-10
AIR1	YML054C-A	2.354572236375788e-10
ATP7	SRL2	1.35509400892626e-09
YHR078W	CAT8	1.1426269247341422e-08
CTT1	RPS19B	8.445803040232331e-10
SMC3	MCO10	1.2806761938521095e-09
YLR302C	AEP3	9.508394667470979e-10
BUD14	ARX1	4.986574511839833e-10
RPL22A	APM4	1.1424655513965045e-09
CET1	SNT309	2.321881034065209e-10
DOT5	GZF3	1.2566890422498188e-09
HSP42	YNL134C	1.3978502241494142e-11
CPR4	OCT1	2.676565990174316e-09
RNR3	PMT4	2.9134322673323445e-09
SPC97	ARC15	1.1622505685108514e-11
YGL204C	PRM10	1.1550925457699523e-10
TIR1	HTZ1	3.60646851615663e-10
YCL021W-A	RIM4	1.9570783817802902e-09
YLR361C-A	CSA1	2.4470088044081616e-10
SNA2	FIP1	4.3888778280180034e-11
MRX18	MVD1	2.3982161195878024e-09
REC104	YUR1	1.99700925612126e-10
YLR365W	ARG81	1.9708942262859566e-09
SUP45	RSA3	7.422035664137718e-10
RNY1	CTF19	3.211480712952116e-09
IME4	YKL068W-A	7.774876656739577e-10
VPS62	SMP3	2.850320821128984e-11
YKR073C	NNR1	7.305243441188145e-10
SRS2	WRS1	1.0248699215164649e-10
SWP82	BBP1	8.763721304833158e-11
KEG1	CIS3	2.8129998401663154e-10
MAK21	FOL1	1.3940272297181027e-09
SXM1	PEX28	2.393590148424238e-11
VEL1	GYP5	3.1415938698129536e-09
GPM2	CTK1	1.8451157981020953e-10
CBF2	YKR045C	9.74404342553019e-11
RSR1	MAD2	8.736967993346775e-10
LOT5	TDA9	3.045598088123855e-10
THP2	COX12	1.5347824649663024e-09
SSY5	AIM45	5.481493440589573e-10
YDR274C	RPD3	5.280194517336404e-12
LRE1	DSL1	1.7302737500258864e-11
SSN3	CIP1	7.950705360681148e-10
GGC1	KEX2	7.150098968945944e-10
TIP20	YNR071C	5.736764498046508e-10
SUR2	CKI1	2.561602660919567e-09
CCT7	YOR105W	4.2426258906875207e-11
YCL048W-A	ECM7	5.29122426700765e-10
SPG3	SPC25	1.257282117545097e-10
SCY1	STB6	1.3572343462351741e-09
GAG1	PRP46	8.391099916843551e-10
PRB1	YMR262W	7.077442851714883e-10
CDC26	NTA1	1.6631345744272587e-09
TRM3	LAT1	3.421713099864266e-09
FAR7	EBP2	6.70632767700568e-10
YCR001W	RAD26	3.877815916020633e-10
ATS1	MGL2	4.3905309980798355e-09
SWC4	FYV10	4.141226354214957e-10
ISC10	MOT1	3.595464161066004e-10
SBH1	COG5	4.3275802145549726e-09
GPR1	STE14	8.139219014230853e-09
VRL1	IMP2	2.020233951493154e-10
ATG33	TRM12	2.8984811921071836e-10
YLR154C-G	IPI3	2.3617805300760943e-10
ATS1	YSY6	3.849393748491697e-11
NBP35	ARP8	9.240726290701438e-11
YBL044W	IES3	6.246816803886908e-10
STE24	TRS33	1.5500662755247686e-09
ACH1	STR3	7.450338807546288e-10
DRS2	DOG1	1.2467763204856804e-08
RNR4	TOA2	1.08528929574859e-09
MRP20	ESS1	9.519436028885378e-11
YDR109C	RPS31	7.725878482607319e-10
ALR1	HTS1	1.2016214844534913e-10
CCA1	NUP192	2.9164818430573515e-09
SLX1	YCR085W	3.453662556363664e-11
ATG36	ASF1	2.7999123152562495e-11
FAA4	ROD1	3.224281145112102e-10
TMC1	CTR1	1.899713302186211e-09
SBA1	IMP2	1.7841447282296304e-09
SPP41	STB6	2.1818663377012654e-10
RPF2	YNL046W	5.743166634546517e-10
SCC4	YGL204C	3.7239059482275275e-09
PDR3	ATG33	7.442813120855005e-10
RTS3	ELP2	9.588589225846507e-11
GPI19	YGR018C	2.7305538531278656e-11
FUR4	MSF1	1.6883025473881251e-09
FMP10	MCH4	3.4553995828779084e-10
MSN5	BPT1	7.0921724580064e-09
CDC28	XYL2	7.47030750822786e-11
EPT1	MRPL23	1.482871452136249e-09
YBR259W	PRE2	1.2653780793703689e-12
ENP1	HSP42	5.489890451620409e-10
NTH2	SPO23	2.244739383451428e-09
YDR249C	DAT1	3.910956331651613e-09
MSL5	GAT2	7.47969712828228e-11
YDR341C	HUA2	1.0450977645588273e-08
IPI1	IES2	1.3004379202235122e-09
ARB1	RPL24A	1.528106908241539e-09
SEA4	IML2	7.78375310317682e-09
RRP1	CPR3	1.3719235329569438e-09
RRT14	ROD1	4.996490291856111e-10
SAM2	YML096W	9.164258293377642e-11
RGP1	APM4	1.3408853975030026e-11
YDR274C	DOT5	7.371795629930553e-10
KGD2	COX20	4.352534575084621e-09
SRM1	TRM112	6.139475201968941e-10
YGL088W	GPI16	1.5204211244806495e-10
MNP1	WHI2	1.4181273216460814e-09
MET1	BER1	3.1753741698370095e-10
RTT105	YAK1	4.772523405904923e-09
ECM31	YPK9	1.1306955509890924e-09
SCL1	SOL1	5.7727685211901894e-11
PXA2	YNL144C	5.600878843767441e-10
CDC19	ENO1	1.1321160981286918e-11
SHP1	DIA3	4.3447166721481853e-11
SLY1	ELP4	4.855348629578847e-09
PMI40	PRP2	6.917603370605523e-10
SLX5	PRS5	1.6656773891794507e-10
CDC9	VTC5	2.860093271418732e-09
HSV2	YHR125W	6.64831310257011e-10
MRS3	YMR253C	4.784004325768911e-09
RPS4B	PFA3	2.2346277057167782e-09
UBX7	SHU2	8.77222992508869e-10
EHT1	AUA1	3.867645915447805e-09
SWE1	TGL4	4.0855248631910943e-10
BNA1	USA1	4.2435175773905086e-10
ARO3	PAM1	5.698931088459849e-10
ECM21	ROT2	1.6285039514756374e-10
GRX2	SEC53	1.505975328567925e-10
EMC3	PAM17	5.793516733385949e-12
SSL2	YMR075C-A	1.6986790763876016e-10
RAD61	RPS0B	2.320738278787079e-09
YGL258W-A	STB6	3.4374859279238355e-09
PCF11	RPS25B	7.927415879256149e-11
NMA1	HOR7	1.3965298440405022e-10
HOS4	MDL1	1.2458201756496003e-11
COG8	APC1	3.8335031815121934e-09
ADR1	DNF1	8.477914392849145e-09
DFP3	RPS18A	2.924502438445969e-09
KIN1	SHC1	1.2189350917463557e-09
YML119W	HOS1	4.360575538884767e-11
ESBP6	PEP4	1.7269590537993989e-09
IRC6	NAM7	8.700936235324878e-11
AIM29	CCW12	4.439368446086092e-11
MIS1	BNA7	1.3104011272497601e-09
MRP35	RPL9B	3.893782651485135e-08
YDR215C	TUS1	6.697426569882842e-10
OM14	YPK2	3.7635040225903286e-10
HCM1	FMO1	9.027510414629054e-10
KIP1	VPS55	9.668649605108913e-11
SLD7	ATP4	8.519307641668448e-11
CHO2	GUP2	3.549494574274461e-10
ABF1	SLG1	3.7086673680596223e-09
KRS1	WHI2	2.782119913891156e-10
NCP1	TAP42	2.7428410948457557e-09
PHD1	FYV6	2.532080101398729e-11
YEL008W	YLR179C	3.087131776594637e-10
PDI1	BBP1	6.832915963593565e-09
ILS1	VHR2	8.364331287598575e-09
MET2	MDY2	1.7061948729527451e-09
PET122	ZNG1	1.3317714812390905e-11
CDC36	YNL033W	7.488460343582962e-10
APM2	URA8	7.940167674165607e-11
MMF1	MTR2	4.478726234364013e-10
RIF1	PKH2	4.0663258494747905e-10
YGR146C-A	SFG1	1.562741151303856e-11
ICT1	ILV5	3.366760956057022e-11
STF1	RAD2	1.0178891471700344e-09
GID8	CAT8	9.206747616460819e-10
EAR1	CAR1	1.0912909040115538e-09
GPR1	NOG2	1.1202661485398378e-10
CBF1	INP2	4.219322592903852e-10
INM2	MVD1	1.0786673068458863e-09
FUS3	TRS85	1.00547211242075e-09
ATG33	ECM30	1.3683003557692672e-09
RTC2	ACM1	1.8086111523965978e-09
GDH3	BUD7	1.5925149211059005e-09
PTC1	IRC8	2.2987519479839056e-10
MPD2	FLC1	9.052201917583939e-11
JAC1	GAD1	2.3706350429374643e-10
BUD2	YBT1	2.0837219083984898e-09
POF1	RPL24B	4.232384938971117e-10
STE3	FUS2	1.394673783586637e-10
HSP82	VPS4	6.219801082865762e-10
YBT1	URE2	6.155887626776248e-11
HEM1	GAS3	5.05991033029531e-11
UBC5	SYF2	2.781935255754731e-09
PTA1	CAB3	3.933572607080106e-09
KRE9	UIP5	1.8558430555214458e-10
YOR032W-A	RRP36	4.2269072245258335e-10
KGD2	SHM2	5.7708443396428105e-11
ROT2	YER138W-A	8.456065965341153e-10
APA2	HEF3	9.848687335602744e-11
HOM2	GAG1	5.418426711281328e-11
SCS3	SBE22	1.2502363123385425e-09
PMT7	NCS6	2.2184883259475326e-09
SPR3	YLR264C-A	8.271397207285834e-11
STR3	PET111	2.713139339959815e-12
TRM82	PRR1	3.882940949416705e-10
ARC40	PDP3	2.332941774484127e-12
YDR338C	ARP7	1.6877179579391397e-09
YMR196W	TRM732	9.157992502922183e-11
SMF1	RPL43A	1.1073046977532984e-09
TRS31	BIO5	1.0951228717530867e-09
PMT2	INP53	4.299626675962755e-10
SHG1	PUT4	1.3890680435680769e-09
TAP42	PDH1	7.826416732795708e-09
NMA111	MPD2	2.278060985294796e-09
MIC19	GRX5	2.5429061554449387e-10
HPT1	YFL019C	1.6042954762422488e-09
DPB4	PNP1	3.747032121245443e-10
RSM7	HDA3	3.56683297592884e-11
TFS1	HRP1	3.363781204411953e-10
VMA10	TAF13	5.560125839765695e-10
BMT5	DPA10	7.059733471527766e-12
FBP26	OSI1	2.737053544415495e-10
HEH2	GUA1	1.0819175600484718e-08
SDH7	MRPL4	1.7974573500039718e-11
YJL107C	GPM3	4.785790939529606e-10
URB2	MPD1	4.066757479452178e-11
TWF1	MNE1	6.522623719838903e-11
DBP3	PEX31	2.5828891027290156e-10
SWE1	ANR2	1.8179606308832057e-10
YHP1	GSY1	4.1298994666682555e-10
MDH2	KIN4	1.8339271925495423e-10
PEX5	ILM1	1.288314383435333e-09
YKR018C	FLC1	2.634597801950176e-09
PGA2	ULP1	8.311618348157219e-10
YML108W	MKK2	9.478918456738772e-09
YVH1	LSC1	1.2440434106720653e-10
SHP1	ORC1	2.9750904674684494e-09
GIR2	HIR2	1.146241119176503e-10
PRP6	YPS3	2.186322195000304e-09
PRD1	GDA1	3.2304402828180086e-09
AGP1	MAD1	1.2965355536715937e-10
SWI4	RRD1	3.811298385683818e-10
SSZ1	DAL7	6.440961478534356e-10
ARE1	ECM10	2.444022228379671e-10
RIM8	TIM17	1.6853518093362589e-09
RAD16	AIM41	2.5962810999379637e-10
YKR075C	GAS3	2.0734622148070544e-09
SPO71	CHP1	1.0665116463593387e-10
RTS3	USV1	2.1088548335143913e-11
MAL13	ECM22	2.953695756391993e-11
IMA5	RTG1	5.378177225484437e-10
YBR238C	USB1	4.140748033671852e-12
CLB4	VAN1	3.3098917095448447e-09
BNA1	ALA1	1.5154138632497093e-08
YBL055C	APA1	1.2241894279204545e-09
GEP7	NOP10	1.7109282800233178e-10
YIP1	NCW1	2.5558224197654793e-10
YLL006W-A	NTO1	6.88332362858086e-09
YGL118C	CAF20	4.2243149407510423e-10
AMS1	FBP26	1.0708977559254244e-09
YFR012W-A	SPT21	5.301089232370388e-11
SFA1	MDM34	9.770324701217251e-11
LPD1	NOP12	1.7486874370920156e-09
SSD1	GAA1	5.760522658333408e-11
PCH2	ERG6	1.0360667485789088e-09
AGE2	PHR1	7.461087299809678e-10
HKR1	MNL1	6.49283749553345e-10
SWI4	RQC2	1.9778071497216568e-10
SWC3	BZZ1	1.3863051993040126e-10
HYM1	MRPS18	8.73692374228992e-10
SMP1	ISD11	1.857254482349379e-11
GLN3	DMO1	3.0067604926099354e-11
DUG2	MSS18	4.6334442316338756e-10
ARP4	YNL042W-B	6.543037954565383e-09
SLY41	BEM3	6.9064782439175244e-09
LYS20	YKR070W	1.3802607594432242e-10
CDC11	CYT1	2.7419930724135627e-11
HFM1	CLB1	1.0524122750021014e-08
WHI4	HSP10	7.261313466216385e-11
SHC1	PTH4	1.139441228487375e-10
NDI1	ABP140	6.5157464302614106e-09
ATG33	DCS2	2.1968942191525113e-09
YDR003W-A	UFD4	4.2357403473233764e-10
CAX4	PPT1	3.8472083501673523e-11
SPE1	COY1	1.613544243721066e-09
PIR5	RPL40B	5.171036361079038e-09
UTP22	TFC7	3.221862096960338e-12
MER1	YPL229W	8.247228344089271e-10
SWH1	MRPL7	3.3374386694830164e-10
VPS24	YIM1	1.6909884774142806e-09
RIM4	TIM10	3.5809078926235947e-10
RPS6B	ECM27	2.0692356674129043e-11
MFB1	ACE2	6.603064288499041e-09
YHR131C	MMR1	3.2840790340381064e-10
EST3	MRM1	1.8777898194110078e-10
REB1	YOL014W	1.0151821593701734e-09
FYV7	PRE6	3.5891657952263666e-10
YIM1	ADH1	3.736246379631677e-10
NGR1	TPM1	4.489676152611031e-09
YRB30	URA2	4.693045584297467e-11
YJR098C	NOP12	1.4777144276017742e-09
GET3	HEM13	5.498411516685867e-10
RAD3	LAS17	5.149018619529685e-10
BUD14	IDH2	8.746515874883821e-11
FIG2	MSB2	8.293904942614364e-11
YGR035W-A	AIM32	2.2772919764670407e-11
SWF1	CGR1	1.2751128690056227e-10
STB2	SYC1	3.7840843549539e-09
UFD2	GLN3	4.50614563404218e-11
FAT1	GPI12	4.1464761707254614e-10
EXO5	RPL17A	7.381289019953779e-10
PCL9	MTF2	1.027376003018413e-08
POF1	IGD1	2.3800973942264294e-10
NMD2	THI21	1.7774932668278736e-11
RTN2	SSU1	8.312029955848175e-11
PDX1	PEX28	4.128572485791468e-11
CPR6	ART10	1.4903086855353407e-08
GRX8	RAD14	1.6154283425014026e-09
NTA1	RSF1	6.061130303438496e-09
MCM2	YLR236C	1.9526312625520916e-09
RNH202	RPB2	7.236851974013677e-10
SPO7	HCM1	1.2656292933932515e-09
YBR225W	HAL1	9.133596093179956e-10
VMA1	GPT2	6.982440835936342e-10
EKI1	MED7	1.179717636181993e-10
CDC6	SCP160	2.191453074424765e-09
PBP4	HIS6	1.0103321849572686e-09
ACE2	YMR075C-A	2.2535944467987205e-09
EXO84	YLR285C-A	1.738663138858692e-10
PET117	ALG9	3.6528232117420223e-09
CLB1	RUP1	3.978565024927886e-10
PUF6	SSP120	2.460620503558577e-09
IDS2	PAC1	8.288847401178e-10
RPL12A	NCA3	1.0132662596644646e-09
YBL081W	IES3	1.3271499905497656e-09
MNE1	MRS6	1.0352536281962203e-09
YDR338C	IRC4	3.1165073641159123e-10
PSK1	YBR196C-A	1.2670900747581165e-09
BEM3	YPR127W	2.1297523440017426e-10
SMD2	MED4	8.778354995411341e-10
BRE1	RDL2	6.093201896902914e-10
ECT1	MTR4	1.0972633137327271e-10
THG1	MNR2	6.761374822963367e-11
LSM3	PSH1	3.6761171791645926e-10
YEL067C	SWI4	3.6398282257389605e-10
RMR1	NUP57	6.043963681825075e-09
RPL9A	IPI1	2.078962797950557e-12
FMN1	DUG1	3.876664706362464e-09
EMC1	MRX4	1.0969284142352402e-09
UBP15	TIM18	5.312658983699847e-09
AIT1	ISW2	4.80130929285415e-10
GYP7	MNN5	9.51041360484573e-11
RRG1	RRP3	8.221700770701476e-10
YGL108C	YPL039W	1.7750502897611793e-09
MTR2	IMP4	6.079183311435647e-09
UTP5	TFA2	2.083803777433341e-09
TFB5	ENO1	4.468455932083159e-10
UGA4	YIR020C	8.680286968108436e-10
AMS1	CDC11	4.141446134795862e-11
VTI1	TOP2	8.859267662712697e-10
YJL043W	UBA1	1.2529949735992428e-09
CHZ1	CHL1	1.407568775188863e-10
RTC6	COX10	2.6689095916721606e-09
NTA1	GRC3	8.746783756481288e-11
ISC10	SPT5	3.880045442084689e-10
FUN30	RAV1	1.3376077814074653e-09
VSB1	MYO1	6.621648415345076e-11
EFM4	RNA14	2.194452685516555e-11
UGO1	DAD2	2.4580490169695245e-09
PRS1	YCK2	7.543212652610591e-09
SWP1	DIA1	5.0742019516034176e-11
SDH9	YKR075C	7.670896438321704e-11
APJ1	SCD5	8.425022754416412e-08
UBC1	SPB4	9.644520496306183e-11
QRI1	ULP2	7.757635210803742e-10
SNA2	YOR186W	2.4386889094876004e-09
YGL118C	ERG9	1.6496810688050444e-09
YDL159W-A	NOP14	2.4405962897091234e-10
YBL008W-A	YOL097W-A	7.302235390445202e-10
VID24	SUV3	1.731463841549624e-10
ARC18	LCL1	1.1732643961156972e-10
GSC2	MAK3	2.1186117347688253e-11
RPB5	PDR10	4.377636978584026e-09
THP2	ENV9	4.4229732822324945e-10
LAP3	TOA1	1.3577792520507745e-09
YEL008W	SSA2	4.166558121804444e-10
RSR1	TMA7	5.321117061491634e-10
GON7	MSF1	2.76137482632316e-10
SPP41	KRE1	5.0811334631165333e-11
DCP1	SDH5	2.2669970381264873e-11
APC11	ECM38	5.889277797725331e-11
SDH2	PPM2	3.5493906472613083e-10
AVT5	YHL037C	7.805720675582031e-11
COG3	RPP2A	2.8265711125441436e-09
QCR7	AIM36	3.71477564197812e-10
PUP3	ULI1	4.661451046707568e-09
CTI6	CUP9	1.9190217096274447e-09
HYP2	DCP2	5.621784406397092e-10
MBA1	VPS501	2.361763216168679e-11
VAS1	LAT1	1.3120413182180566e-08
YIH1	SMI1	6.471699483393941e-10
SCH9	MEU1	6.4317501516338785e-09
MCM7	RIE1	6.15389896037862e-11
CKB1	CSI2	6.5365737414797e-10
PCK1	MSC3	3.848292276136074e-09
RNH1	SEC2	5.608394752807707e-09
RPS6B	ARC40	7.207432290363847e-10
APC4	XPT1	3.83970492586568e-09
FYV10	STI1	8.860415421603503e-12
LNP1	PDR12	1.771637653599476e-09
SEC63	KES1	2.048300330178126e-09
SMX2	EMP70	6.325757638190761e-11
TPO1	CHA4	1.238753383481288e-09
ARF2	CCL1	1.1739307750635541e-10
QNS1	CMK2	3.871193220131445e-09
NAT2	EMP46	3.901974927229617e-11
FBP1	TLG2	1.9642468396512997e-11
SFK1	RQT4	3.211417614408416e-11
CPT1	NIS1	5.586989535126558e-08
TFC3	RIB4	4.808560132029469e-10
EUG1	CTF13	6.586761644137098e-11
BEM2	SLI1	9.891186856955162e-11
CCT4	SMC5	8.111722365653943e-10
VMA7	EMA17	1.0702428193100642e-12
PRP22	MDM34	9.66931694256729e-10
ARG56	GTT2	1.1432570660982548e-11
RNH202	RPS0A	2.5108460606106935e-09
DPH2	YLR456W	2.0130707437782263e-10
MFB1	EAF7	6.69518285990245e-09
RIA1	RPL42A	1.9996402400416095e-10
MSB2	HOS1	8.389808101040117e-10
TMN3	DCK1	1.2537344814615422e-09
ETR1	GPA1	1.1990161578633563e-10
KTR3	SHE9	5.536530495788089e-10
DPC25	ASA1	2.8794861345548356e-09
PRP3	LSM4	1.4439122549470762e-09
SWD3	AIM39	2.050818186792461e-11
YEL025C	MRP51	6.024127196453348e-10
BIK1	RAD4	2.138034185671854e-09
RPL29	MRPL6	1.0220071312464731e-10
VID22	CMK2	1.5961646979782676e-09
HRR25	RHO1	9.699842188681836e-10
YBL008W-A	MPH1	1.8371602306943655e-09
SYO1	ART5	4.899075655243034e-10
ADD37	VPS75	6.063540720831823e-10
OTU1	FPR1	3.1001315347564664e-10
TEL2	RPN13	9.705434098277303e-09
AVT2	GDB1	1.8798699911813382e-10
KGD4	ECM23	2.1309617337271285e-09
SKN7	HST1	3.778287419278064e-09
RAD24	STB6	3.105961301117154e-11
FSH2	YLH47	1.1216381220920886e-09
YDL218W	JID1	6.183644749660417e-10
YGR210C	KIN2	1.0232235583036674e-10
ADA2	RPL37A	1.0028637796845492e-10
LSM2	RSM24	1.2911149778318673e-09
PUS2	HIR2	2.9138185028859034e-11
UFO1	RPS19A	2.4422166959973244e-09
HEM12	SEC3	3.0246342597793497e-09
YFR012W-A	GCR2	1.1943009051957125e-10
SMY2	YPR172W	4.533291453201147e-10
ALR1	RIO1	1.5005993242724743e-10
KCS1	CCC2	4.9477975404169206e-09
SIP1	NRK1	3.698645082545057e-11
FLC2	ULS1	2.7974545517279204e-10
SNR73	YOR032W-A	1.693203865011132e-09
SNF7	CFF1	7.4119501484497315e-09
DUR12	YOR105W	3.050403089626842e-10
CIR1	TRM12	3.52330987658827e-09
DIP2	CPT1	3.5098835355470088e-09
MET14	TIF5	1.382238554132309e-09
YDR061W	SEN54	5.343852119945859e-10
SPP41	SRC1	1.8480246687411359e-10
CDC12	SWT21	2.3666264737596475e-09
YDL086W	MIC26	4.2966676850319e-10
CFD1	PIN3	4.488443986519732e-11
DUS3	APC5	2.999773121929339e-09
YIP4	RPC10	5.852382858312652e-10
DEP1	RFA1	9.048700213528519e-10
PEP12	CWC27	1.7543603218894211e-10
TLD1	YOR011W-A	1.9227967523322542e-10
RFA1	MEF1	1.3109516086408139e-09
HOP2	APS2	5.516576650660012e-10
GTT2	SEI1	3.1993569253623286e-10
ENT5	CAJ1	1.900312858860421e-11
TSA1	YPR003C	1.0312103088652467e-09
HXT5	YHR173C	4.2808974993343154e-10
SPC2	PNS1	2.6566487348103635e-11
PAU17	PRM3	2.8811958046198503e-09
RCI37	ACO1	2.8875429328883723e-10
TIF4632	GMC2	2.672362295154744e-10
MRS2	YPL264C	3.952300759840619e-09
PES4	FAR11	5.859794349121883e-10
IZH3	GAL4	2.8554689199590984e-09
DMA2	SCP1	1.9581507482685006e-09
PAL2	KAR2	4.566090765528243e-10
TOA2	RGL1	9.38395853879178e-10
SDH7	IMH1	4.374613534052043e-10
HRQ1	YGR210C	4.819442023281111e-09
AVT6	ATG16	3.1538857939103613e-09
PDC2	TFC4	2.3408749891828257e-10
JIP3	MPD2	3.4843645049125627e-09
KTI12	COT1	9.85282434276262e-11
YBR292C	GLE2	3.0233171439595944e-09
SYN8	BNA5	2.1587937327967494e-09
ATP16	GDA1	1.1335144634663067e-09
SUI1	BET2	1.0336388074379032e-09
SLM3	STV1	5.384323340291103e-09
RSA4	PTH1	1.94799005788132e-09
SYF2	ADE16	4.78808816691395e-10
YSY6	YFH1	2.3701525246621114e-10
CBF5	MID2	8.583169040551227e-09
DCG1	AHC1	9.466347530066165e-11
YCL012C	RRP15	1.3009476464318368e-12
BLM10	PHO91	3.1480467925387253e-09
TEL1	PDL32	2.725779672821159e-09
MNP1	SIN3	1.7680777533934754e-09
MRF1	YVH1	2.563689235119945e-09
ATG14	JIP5	1.7395372981884297e-09
NBA1	YOL024W	1.5967678584472176e-09
YER186C	OTO1	4.2100556381389344e-10
ARA1	MRPL20	1.1858089599251144e-11
BDH2	SBP1	1.0488878625408144e-09
STP4	ARG56	1.4907381889366618e-09
SER33	SFH1	7.259129540780549e-11
RPC37	CTS1	4.5617037104564034e-10
VID22	SUT2	3.7111972803882166e-10
SCY1	COQ10	5.867239536559639e-10
POL12	DTD1	1.6164371503528016e-10
YDL012C	ISW2	5.245390554181008e-10
YIR016W	GAL4	2.35408905319648e-09
SPT23	VTC3	1.6605443213869777e-09
FIS1	URA6	5.455370463594952e-12
TIP20	RNR4	1.740570500019305e-09
DCR2	TAF9	4.1900579106671795e-10
ATS1	NOG1	4.917345919466946e-11
CDC4	ATG7	1.604664234674048e-10
RPS29A	WSC3	2.2865754546522135e-09
GIR2	YAH1	5.474277207453711e-10
PPH22	GAS4	1.164323636156234e-09
VPS35	MTC2	6.577899684691327e-11
YDR262W	LDS2	3.0638346277328885e-09
RPC10	DCI1	3.1163862410161252e-09
GIC1	NOG1	5.436180051120826e-10
CSF1	RPL15B	3.5552980495752745e-10
MLS1	SRP72	1.1616822152905288e-08
QCR10	HSL1	3.9869119644443844e-10
PRM15	DYN3	1.3622858490199381e-10
HSP26	TIF6	5.859181122512041e-10
CHL4	KRE33	9.063202485878209e-10
BRE4	DCD1	1.2221562231656834e-10
SPT6	ACF2	1.2545658975667663e-08
ZPR1	CDC8	1.4605145511116103e-11
RPC37	DIF1	5.6778667796613e-09
ESC8	PET123	8.40115432512624e-11
ECM21	LNP1	8.71863544311272e-09
VMA10	HYR1	4.98727244005954e-10
RAD61	TAD3	1.413383739020042e-10
MSH5	VMA5	7.286702119705844e-10
ATG18	PRE10	3.9380741093853044e-10
URB2	YNL193W	4.478438050997855e-09
DBF2	SET3	5.657920481613941e-11
FLX1	SSE1	3.830923358374184e-11
YGL262W	CDC55	1.6135237455042494e-11
MF(ALPHA)2	BIO4	3.5990969227409015e-09
GND2	YAP3	4.234092019989474e-09
CKB1	YIL165C	1.867426613187939e-10
PKP2	TDA10	2.6723299039086062e-09
CPR2	MRS4	1.7332360998708919e-09
ENT5	FCY2	3.078102118028768e-09
SRF1	ATP5	8.134434090429884e-10
TFC3	YNL011C	1.043831851351445e-11
KTR4	RFC1	1.6632749607333932e-10
SMF3	NRK1	1.3726649077054277e-10
KCH1	HEF3	1.7308263998875673e-09
YIL086C	MSY1	1.2158696109763434e-10
YGL258W-A	COG6	2.4530963553442745e-11
CKA1	INP54	1.8272471490098354e-09
TPO2	DPA10	2.515206488124283e-10
UTP5	YPL077C	9.544330790454421e-10
SPS22	ALG8	1.1511825570200028e-09
SML1	FMP41	1.30987884098468e-09
TKL2	RET1	1.889454371283225e-09
GPX1	RTC1	4.09396265812216e-10
AUA1	YCS4	5.456391403229935e-10
GPI11	ROY1	6.489072792505969e-10
HAS1	PHO80	4.3735530711590036e-09
DFP2	YJR056C	6.885030293953318e-11
SSA3	MSB2	2.475774758843844e-10
YLR108C	EGD1	5.148131553488361e-09
AFR1	RPS4A	8.149737382393688e-10
PEX18	SKG1	4.4371180744413895e-09
CLG1	RRS1	9.196479123833434e-10
ERV29	IKI1	5.607059078592747e-10
CSM2	VPS75	5.2908346669559127e-11
YKL069W	POM33	7.180869545682829e-10
HFM1	HOL1	6.963993614355066e-11
MCY1	YML053C	7.143266449568102e-11
STU2	GIM5	8.281669720898847e-11
RRT7	JIP3	2.059358022980307e-09
APQ12	CIK1	1.8578890302195847e-09
RPL2A	RPL5	5.395282337780113e-09
GPI19	SEC16	2.827721467926977e-11
PET100	YGR201C	8.842828223830536e-10
HUA1	RRT14	4.325359923501864e-09
STB4	NDD1	1.836782841309188e-08
MON1	YPS3	4.64238521633491e-09
UTR4	SEC3	4.711492698900525e-11
ECM21	ELA1	5.563793626729323e-10
YFR006W	TCB3	1.0858101669004011e-09
RPL27B	PUL3	1.6684558637363664e-09
YNCO0011W	THI80	9.220055109701412e-11
CDC8	PMS1	9.973039794267884e-09
RRP4	KHA1	3.9177660431404896e-09
FMP40	MLH3	1.8623149865429132e-09
ISW1	ATG39	1.8374055922141402e-10
PAA1	PMD1	7.91457464808448e-11
YCR022C	PEF1	4.464665214162399e-12
SBE22	YNL193W	1.2623900286122589e-09
HEM12	SPG5	5.729247611543868e-11
YAP1801	SDH1	3.319351031593111e-10
PXL1	PCC1	1.2441538813807239e-09
DIP5	SUI3	1.6702749222851235e-09
RPC10	MPE1	8.510243753585641e-10
RER2	SEN1	4.010354760555781e-10
HIM1	YKR005C	7.440029391763761e-11
VPS45	GCR1	4.309254417902329e-09
SER1	SEC16	6.778280990756069e-10
IES1	MET28	1.0880244718020238e-10
PMT4	UIP5	2.625892537546051e-10
MSK1	SDH5	2.8686708320687055e-09
SRF1	DNF3	1.4609136027590438e-09
DAL7	YLR122C	3.705272683152978e-09
TCA17	RPD3	5.661826819866372e-11
BRR2	SRP21	2.2234968236396828e-11
DAK1	TAF14	3.455614438461182e-09
ASF2	RPS22B	3.3720551065116293e-11
VCX1	YER121W	6.889589612579038e-10
YPP1	DPC7	1.6363313499343432e-10
HUL4	TOR1	2.9433954150054283e-09
MLP2	ATP12	1.1357585156924285e-10
HIS5	RPS30A	4.307911593483155e-10
COF1	FDO1	4.896568283490752e-10
DDL1	MCM4	5.261178961613568e-10
LEU3	RPL36A	2.4258610417467273e-09
ADK2	HFM1	3.5813603993227004e-10
EDS1	CNL1	2.405524074751399e-10
COQ6	PPE1	3.878624115194712e-11
YFH1	SNU71	7.796489641433312e-10
BCK2	HRI1	9.403012353831188e-10
ENA1	PDS1	5.964451704562394e-10
CPR4	JJJ1	3.161257541979383e-10
APA1	RPS10A	2.480730734096922e-10
YBR062C	HRI1	1.3199215342803947e-11
UBX3	ETT1	7.354885970053095e-10
SWF1	SSP1	9.224105681176785e-11
RPS16B	HOM3	4.926560373423026e-10
SYS1	LIP2	2.950933809888544e-10
MVB12	YHR033W	5.583343321929135e-11
PRI1	PKR1	3.6452160273545604e-09
LSM6	THI74	6.767710968393244e-13
OTU1	SKI7	3.540586839153336e-11
UBC4	BMT2	1.928711855377677e-11
MGM101	UTP30	6.536585720972901e-10
CLA4	SLZ1	1.4141437494903784e-09
PFK26	NOC2	2.21411861923634e-09
FDO1	RRS1	5.865122312888391e-10
SNF1	ULS1	1.526549779056445e-09
UBP6	SPE3	1.1401919218858327e-09
MLO1	NOC4	2.9038841276522076e-10
ERB1	YPL199C	2.185350058920989e-11
DBP5	ARP8	6.439979017266266e-10
OST1	GPX1	3.650489622831762e-10
FPR1	PEX27	1.2208083534338727e-09
OSH2	BUB1	2.548929999230179e-10
PET130	FOL3	1.3690922877505494e-10
SSA2	TSR2	3.964249785852546e-09
GIP2	YAP1801	1.0034484519835134e-10
AVT5	YHC3	1.053425886237504e-08
FLO9	TOM6	1.0463197089319559e-09
VPS3	YKL063C	2.786712882620547e-12
MGA2	CAF120	5.237205049939978e-10
DFP2	PDR5	6.606414776000931e-10
SWT21	YNL018C	4.5924280741024176e-10
SRO77	CHS6	9.844910277144804e-09
HAL5	YMR007W	1.7588477522982815e-09
AZR1	RRP9	4.276954609200865e-09
SEN34	YPK9	1.2095386485587914e-10
KEX1	ERG3	6.104974736833116e-11
CRN1	RVB2	5.083711361680226e-11
PUT7	NAT4	9.993552245732067e-10
RPS26B	FYV4	2.5223250678683048e-09
HRT3	FAR10	6.924900796720411e-10
RPS23A	GPI16	2.305255068582345e-10
VCX1	ERV41	1.8212613232898822e-10
ECM29	CMK2	3.174918596198339e-10
COX5B	YAP5	6.50694408522269e-10
OM45	UBP2	1.910172662227147e-09
SPT16	SEC39	3.17336397853198e-09
FMP45	IRC7	6.986254851271084e-11
SEC20	UBP12	1.464414207981876e-09
SLY1	YMR242W-A	6.078378986298719e-11
SEC24	GUA1	3.397971968540448e-10
MIG2	YNCN0015W	9.696533946427868e-10
HTA2	URA8	6.280924483076019e-10
SDH8	MIG3	9.839225917283443e-10
CHS3	ATG40	1.1499946871668602e-09
TVP15	VID30	1.2740203981411693e-09
RPL16A	MNT3	8.434826363171591e-10
CNL1	YMR082C	1.4920876784530614e-09
KTD1	KEL2	3.6039831473501797e-10
YDL012C	AFG3	4.2099978752939524e-10
MIN6	CIT1	2.3281821899765066e-09
YGR079W	RRP14	1.0110819176115933e-10
GPI14	YML083C	1.2301639560761283e-10
YLR036C	POP2	3.8823407178917605e-10
CMD1	AAD14	1.3393558470766797e-10
CYK3	DPH2	1.3666351326590734e-09
RNQ1	ANP1	3.385560315822887e-09
ATG44	YPT6	3.4733333948021818e-09
ASF2	SSP2	7.514060913325234e-11
BNA6	IST1	1.1495332459260621e-09
HUR1	VMA22	1.0694636684234222e-09
YEL1	USB1	5.999656096534861e-10
MRPL35	DDE1	7.461376280535026e-10
YLR179C	YMR122C	1.8410239825282592e-09
MEO1	RRM3	3.917685512961293e-11
SPC105	ATM1	5.087664431845194e-10
NSI1	HST3	2.2542943634179142e-10
YGL006W-A	PDR16	1.5915805807827803e-09
ESS1	BNA5	3.6213459641400695e-09
PTC2	YJR124C	1.9010655873699718e-08
TAF5	ISW2	1.9063781969050172e-10
PEP7	DDL1	1.5892375097436113e-09
AHT1	SRV2	1.294427613501843e-09
SRM1	PRM10	4.264352209153487e-11
YBR292C	SRL3	1.269841621967321e-10
YDR215C	MRP13	4.135983342449362e-09
YGR273C	YET2	1.4926395308929037e-09
APL3	MET5	5.164025909999583e-11
RAD3	SPO22	1.3669513412013885e-09
MHR1	ULA1	3.468141286063437e-09
OSH7	COQ11	8.750373888230788e-10
MIX23	YBR197C	5.3525848513640434e-11
RIO2	PMA2	3.183157204066506e-09
TPA1	AXL1	3.1261429372903867e-09
OSH2	YLR036C	3.3805850751881194e-09
RPS24A	DOG2	5.830017119956962e-11
NHP10	YNR066C	1.1308429093675891e-09
YCR022C	KTI12	5.994952371849955e-11
HTL1	NAP1	4.737286501094467e-11
YEN1	YRR1	1.2205298773905655e-09
NBP2	CTS2	3.9918153656116495e-09
YGR237C	FKH2	6.873883238059555e-10
ARP3	HFI1	1.8475404934662108e-10
PAN3	YMR084W	8.91601221894705e-11
GRX7	YIP5	2.945269918969196e-10
DRE2	SUL2	4.4229475495312633e-10
PRP3	RRP3	1.505077013866649e-11
EHT1	YNL095C	9.426410461802422e-09
RCO1	GYP5	3.407017576546593e-10
RPA34	DFR1	6.498448452976304e-11
YGL193C	SLM2	1.814813876764414e-09
COG1	MRPL40	4.928339279959852e-09
SKA1	SRL1	2.554677764461173e-10
EFM3	SUF6	2.944267129340242e-09
AIR1	CUR1	1.4790109170908578e-08
RTT105	PRE10	1.23731913903538e-09
TIM22	RPO31	1.387392927467469e-10
TPA1	YMR187C	8.814291774882235e-09
LNP1	RPS21B	1.1154680853459673e-10
SOF1	MCT1	2.4610098984579866e-11
CNE1	MTF1	1.7749349920487416e-09
SEN2	INO4	1.8226453631085436e-09
HIR1	ADE57	2.065468524836474e-10
YHL037C	UBI4	2.3098510404261985e-09
HCM1	SOD1	2.516567811640555e-09
CLB4	IES4	5.085721019857376e-11
IME4	TMC1	1.56710352133079e-11
AGA1	MYO2	9.205375196483075e-10
ERG28	BET1	1.3398493236425353e-09
DMO1	YLR412C-A	4.182751164955461e-08
SLY1	TDA4	4.0865682349345516e-10
HEM12	IRC23	3.7723666505008844e-10
AME1	ADY3	1.6541589002616387e-09
RPL12B	ROG3	2.6342102454845875e-09
SND3	ALG2	2.8628644404486455e-11
HOM2	APP1	3.733625669108674e-11
DOA4	XRN1	3.6157682906815326e-11
ALG1	ODC1	2.6972545356566006e-10
YLR225C	ALG11	3.085950269619851e-10
VPS5	SMK1	1.2913082298680992e-10
YPT10	YHR125W	2.2773213550694514e-09
NUP57	COX19	3.98425487785999e-09
TOD6	TRM8	2.4251998179086493e-11
COG7	YNL035C	9.083192670111565e-10
YFH1	CAF40	3.2416505657984686e-10
RPS14A	MLP1	3.1085694732696043e-10
NDI1	THI21	3.7691771521677764e-09
MRPL32	TEN1	1.2816272634027876e-09
SUC2	YOR097C	5.596393152250886e-10
GDT1	HEM3	6.3725850597977395e-12
RPL35B	ZAP1	1.7594594420815144e-11
ADE6	TIR2	2.0196382364756138e-10
EMC10	VTC5	8.37168972075548e-10
PET54	PFY1	1.2431229678294352e-09
YGL194C-A	TOS4	3.969759205275036e-10
YGL159W	YOR072W	5.353989819800096e-10
DOG2	NOP53	2.4539854354059187e-11
LSB3	HFI1	1.4778903788629881e-09
ERO1	CLN2	5.769521567931183e-09
PEX7	ATP4	7.140677490313087e-10
MET1	FCP1	7.99504398832202e-10
ARO1	YML020W	1.3995400599295528e-10
DNF1	CDC26	6.173739676204605e-11
SPO77	MCH5	7.754380465964526e-11
DGR2	YOL118C	1.56181697162831e-11
YER084W	LSC1	2.1046963025756597e-11
NCW1	VPS4	3.2399091697149827e-10
RAD7	IRS4	5.55176654940956e-10
IML1	SLY41	1.8633311028670907e-09
RIC1	ECM30	3.0425030780433757e-10
RSF2	PLB1	1.7031369362335076e-08
AIM17	SRP72	2.993146182429892e-10
BUD9	YOR268C	1.5895737738723013e-11
MEF1	SNU66	1.1379192128348364e-09
BIG1	TVP38	1.9303941911074185e-09
MME1	SCJ1	5.28243808201068e-10
GDH3	HRI1	8.660939822024143e-10
YBR137W	YIR016W	9.652593103643043e-10
YBL028C	HOB2	2.6536844002352182e-11
SNF1	MDM12	1.8735137786975966e-09
VPS8	ICS3	1.5995788752706357e-08
YGR130C	DPB11	1.9430939366089705e-09
YGR050C	UTR1	1.6349481080280892e-09
GAL10	SER33	2.978627732944016e-09
MET22	MEK1	9.208538141792566e-09
FRE5	MKK2	4.989742695021411e-10
CAJ1	TAF14	1.1739528949031736e-09
YSY6	RAD28	7.748636377528371e-10
FMP46	GSR1	2.7300671923535826e-10
GRX2	RPL34A	2.1177565912331247e-09
YHR210C	SOF1	2.0234186478590366e-09
MED6	SKS1	8.776248226187955e-10
PEX21	FUR1	1.2563377382557208e-09
RCR2	DPB11	1.50835014035445e-11
RPL38	FRK1	3.7137121796528394e-11
SLX9	RAD53	2.043946486476169e-10
CRD1	IML1	1.9222906951944105e-09
BST1	FAR11	2.9387273760658477e-09
SUN4	MOT1	7.742748353071216e-09
ENA5	PIS1	8.586553140622968e-12
CDC28	DPB11	3.391328883666051e-10
USB1	MOT1	3.016427704279314e-11
BIK1	SRF1	1.4643041606837679e-09
GPM1	MAK11	5.756124371199202e-11
VAN1	ARA2	8.128543164828698e-09
CPR5	TYS1	4.033959382258102e-11
NUP170	PUT1	1.6140786245049263e-09
SPS22	MTR4	4.4005968948928896e-10
RIM2	NOB1	1.9347878175279875e-11
GRR1	LIP5	2.3664555181896917e-10
SEC3	NAB3	1.5210699318686015e-09
PAU16	CDC33	1.1251354781806316e-09
ARB1	NUP57	2.7607664489154844e-10
PPS1	YLR264C-A	3.264805846039088e-10
YIM1	MRD1	2.5963428198580197e-09
YOL118C	RPS6A	2.0398497207344686e-11
SLX5	TPO2	1.1689682601854992e-09
ELO1	SPO20	4.060056580413738e-09
VAC8	YSH1	8.157957690990172e-10
ECM11	APL2	5.04977998724557e-10
SNU23	GCR2	1.7758823791868642e-09
TSC10	SPO19	5.958258944828808e-10
BUD6	YPK9	1.0502289026714125e-09
RXT3	SSP1	3.8628720599130145e-09
MRPL15	NOP8	1.6352796057034315e-09
CAD1	IOC4	1.150752850635007e-09
JIP4	MEP2	4.370190289947696e-10
RPL28	YPL247C	2.0454869658382236e-09
YLR287C	FKH2	2.1273317569445023e-10
MON1	RPL5	1.44075599412848e-09
VHS3	USV1	4.699497389681761e-11
SHU1	MAS2	2.5215667152812733e-11
SNF3	AIM20	4.349145001871722e-10
RSF2	MVP1	2.4078961971729923e-08
OSH2	BRO1	4.949588513927599e-10
GCD6	RPL6B	1.127573733166768e-09
TPO1	SPC2	7.882677411989312e-10
YGL185C	MCO12	1.5127377426610197e-09
SOD1	OAR1	2.8625326239172194e-09
GIP1	PRE2	3.3264491758928116e-10
TOG1	CHM7	1.3533826213357265e-10
LAC1	ASC1	1.841514522575254e-11
UTR4	MUB1	1.6448719258073693e-09
YBR220C	SDA1	3.1803259395601935e-09
MF(ALPHA)2	SHM2	4.2243644298049245e-09
SYO1	FCY2	7.636837545731955e-10
MGR1	YDR209C	5.849578242930489e-09
PXP1	OSH7	1.695393696600402e-10
EDE1	IMA5	5.277991465314285e-10
CBS2	NUP100	4.3498118507582e-11
YJL047C-A	GYL1	2.1588693929752997e-11
RKM3	RAD50	5.1274990114354184e-11
ERP6	COY1	5.652144555340024e-10
YGR025W	LAS17	2.4540411105915367e-11
RPT6	RIM20	6.552694895046748e-09
PEX28	IRC23	1.7806561476108203e-09
NMA111	YOR296W	3.955438409363622e-09
LAA2	FDC1	1.3615962632407427e-09
EMP70	VTC3	1.035412611276827e-09
YBR209W	SKI7	1.473131334695038e-09
FMP32	ORC6	4.142323287931591e-11
NPP1	EGH1	3.1200172024004406e-10
KXD1	HIS5	2.358445933152891e-09
PRD1	YNL320W	2.756442206873573e-10
DFP2	LRG1	7.387369524541759e-11
HIS5	YLR225C	1.5090281845792939e-10
YDR169C-A	TGL4	1.5354401896421095e-11
PDR3	SET2	8.456159287557046e-11
HSV2	PBA1	1.5600379222021696e-10
SRN2	DUF1	6.23990876320286e-09
RAD55	HIT1	3.167078073329124e-10
INP52	MEP3	1.7901272478575251e-09
GPR1	GCY1	4.611330653894952e-09
SDT1	VPS45	2.135720151577565e-09
RRN9	HPF1	4.990405494850192e-10
GAL7	VMA11	2.593877955668091e-10
DTR1	YHR033W	3.973799435243405e-11
CHM7	CRC1	9.453721458447804e-11
PIR3	ALG11	3.753003043884819e-10
ICL1	SEC22	3.6835466350053736e-10
LAA2	IXR1	2.164919299851669e-10
YKR015C	PLN1	1.850199359166024e-09
TAF1	JEM1	2.5195788558540475e-09
RPN2	SPT20	3.51380700122681e-10
RRT12	DSE2	8.06071744437649e-12
RFC5	HRD3	3.476476594329036e-11
CKA1	RAD17	9.89457203272812e-12
YAT2	YIP1	5.1166401535319684e-09
MDH1	YLR264C-A	3.34163524556986e-09
BSC1	LPP1	1.2424197485733807e-09
NHA1	MCO10	1.1262492325518294e-10
TDH3	ZDS2	5.012456444631449e-10
NPR3	PEX25	2.0033864214960968e-10
ZRG8	YML6	1.3363280007121833e-10
LSM8	MNN4	1.6438465126109264e-10
ADD37	HER1	4.3261378958475607e-11
SSN2	CKB1	1.913083774334699e-10
SLF1	EGD1	6.178874687368258e-10
PUS2	RUD3	1.0901703083410323e-09
SDH7	YJL007C	2.0085114843499394e-10
SNM1	RSB1	1.4566839657811488e-09
GTA1	MVP1	8.886169132905237e-10
GET2	NAB3	1.378532442609693e-09
SSB1	OPI3	2.909063576914223e-10
EFT1	DIM1	7.1087762452419975e-09
RNH202	ZIP2	9.885788029447253e-10
UTR2	MOG1	9.093229858223463e-11
RFC5	YJR084W	1.5059028969519834e-09
SPP382	LEU3	8.252171063345772e-10
BNA3	NCW1	1.4554160107715513e-10
CHO1	PRK1	1.2002866062627856e-09
RPA14	SIP2	4.437644871953558e-10
DOT1	ANK1	2.4156528491748766e-10
TRM7	IMP21	6.469968628983922e-11
TOS2	DAP1	1.6909700154263224e-09
PHO81	CTR1	2.0961310294311177e-10
ORC2	TOS2	2.9288132776476763e-09
HNT1	NUP133	2.955656863394553e-09
TLG1	CHS1	2.1828145833229758e-11
POP3	CDC33	3.6026219573502945e-10
RMR1	REX2	1.3278478745828175e-09
CLB4	YNL035C	3.330365598219766e-09
PSP1	ADE12	1.6877293422134339e-09
YER135C	RCK1	3.650196668580526e-10
RAD16	RNR4	5.281498978607941e-10
MRPL16	DUS3	3.3489119504690474e-11
MET18	SIR3	3.587514955793997e-11
PKP2	THI4	2.8572441630205074e-09
YCR095W-A	HEM2	1.6081643038232233e-09
UBP6	YTA12	6.404066540481266e-10
IPA1	ALG11	1.246694398426843e-09
DAP2	YMR262W	2.592404198155467e-09
MDM30	PPZ1	2.797896143066589e-10
YBR196C-A	CLF1	4.6128117463923476e-11
GEA1	SMD2	3.926910832152306e-10
KAP120	SNT309	7.368126972623715e-11
RPL3	YOR161C-C	3.460729098367528e-09
PEX32	MCO10	5.252028735484377e-11
SCC2	YMR206W	2.941104955543779e-09
BEM1	YMR254C	4.662319327108031e-10
YHR020W	DNL4	4.053192255825757e-09
MEC3	DCI1	2.4479418321458035e-10
SWD3	KEL3	3.3458017189164103e-09
PNP1	DIS3	6.213885594393884e-10
TSC10	IME4	4.049934345182641e-11
RBH1	NPL6	2.929771039194584e-10
TDH1	CDA2	4.6175959681164607e-10
YVH1	SCW10	7.490659267933442e-11
GCG1	ORC1	1.6818232813818859e-09
MGR1	INO1	1.0172093363287239e-10
YEL068C	YNCO0011W	6.52771323698341e-11
HFA1	YMR321C	1.1390528730883134e-09
YDL009C	HPF1	2.6315593665596564e-12
RAD9	SMC2	6.28232939777976e-11
RIM20	YPR003C	2.359305982210718e-09
PEX29	PDR8	7.259373577365127e-10
RSF2	VMA6	6.819864176826724e-09
RFS1	CLN1	1.7719616341425505e-09
LSB3	MRE11	5.627274700616247e-11
SGF73	SMK1	2.0884347598370395e-11
YDL012C	RNH1	1.8272383823774335e-09
VMA22	XPT1	3.530715798125501e-10
YDR341C	YER137C	2.4955597617912037e-12
MCD1	RTN1	1.4640929109799555e-09
AQY2	YMR187C	3.931235673356939e-09
AHK1	RSB1	5.295875354339488e-10
TAG1	PRS5	1.6997510856287417e-09
UBC6	MIM2	5.140061454270217e-10
TML25	RPL20B	4.1640388638419e-09
NGR1	YFL041W-A	3.396285395050546e-10
LTV1	MRN1	1.464221628428263e-09
PRE1	GLO3	4.018740415616218e-09
RML2	LSB3	5.315704372969871e-09
HAB1	ZOD1	3.9058405067544955e-09
BBC1	COX16	1.818920097237371e-11
NCE101	AIM36	1.8851966924719811e-10
GLO2	OSW7	1.007282507860126e-08
DOT1	PKP2	1.7914849712134572e-10
PRP45	YNG2	2.866009027956318e-09
UBP13	FCP1	6.161517117122006e-10
PET494	ESF2	1.950987882569762e-10
MDM10	ENV9	2.375780852898836e-09
PXP3	DOM34	3.854053746799011e-10
ENV11	ARP7	3.0598653404915906e-10
ORA1	NNR1	1.836599104359319e-09
PUN1	FOL3	5.883949215669363e-11
CDC48	QCR2	1.3887866028535802e-09
VPS8	DPB2	8.656186202226779e-10
VPS29	HUA2	1.191679184692018e-11
MMF1	YPL264C	1.6946413338203977e-11
TAE1	ERG4	6.360668013561934e-10
GLC3	KAP114	4.074273471701081e-10
ATG22	ARC19	2.7642491051235174e-09
RPB5	GDA1	2.5964797952757263e-09
LYS2	TIM50	3.685121977638422e-10
CCT7	SPE1	3.265646791732961e-11
SHM1	PRM7	2.121217391701778e-11
SDH4	CTK3	2.814189610663629e-10
BOI2	FAB1	2.988491151274197e-11
SQT1	RPC40	9.174016793449364e-12
FMP40	MRP51	2.5748412399190963e-09
YFR012W-A	YMR242W-A	2.2278896388955988e-11
TGL4	LCL1	2.2970757441606715e-09
RTC2	HED1	6.792051609220584e-10
PAM16	IBA57	4.5666102238473866e-09
THI73	CDC45	4.267216860164376e-08
PTP1	YML018C	2.369708642093444e-11
PTC6	SFG1	2.8957426259553666e-11
QCR8	FOL1	1.487405500064988e-10
MRPL35	TRS31	1.2596211902811209e-08
AVT7	TOR2	8.524237444139062e-10
FPR4	BUD21	2.3887358531924697e-09
PRP18	ASE1	1.3686887478611432e-11
CDC10	ERP6	5.524619316277624e-11
SCC2	RPL5	3.3466506076875966e-09
PRM7	YOR097C	1.4887427981395298e-09
IRC24	DMA2	6.422016765713976e-10
RPA12	YML020W	4.619982577739938e-10
PEX18	CYT1	8.57568949241266e-10
SPO14	GLR1	6.702623820639023e-12
YDR415C	BMS1	2.0608095391400097e-10
SOL1	YOR011W-A	3.3875822971672244e-10
SPO1	TRM112	2.3228032095603212e-10
RPL2A	YGR237C	4.06936135485953e-10
AMS1	RPL39	1.5307797257373561e-09
GEM1	YNCD0021C	1.9380259418724495e-10
QDR3	YNL320W	1.370451351435024e-10
PMP3	PUF4	7.643672745443171e-12
LEU3	YLR456W	6.6195915758078e-11
YBR225W	KDX1	2.675393614562768e-10
LAC1	SUI3	5.024264150675061e-11
PET112	ERV1	1.2718202562028557e-10
MPS2	FAF1	8.361508820807692e-11
SSB1	GRE3	1.088660251491119e-09
SRS2	APS3	4.124558794360615e-09
TPT1	MCH5	1.0994455938654586e-09
ERP2	NMD5	7.867866996861374e-11
PCF11	MCD4	2.2105477693778298e-10
CAB3	SEC72	3.2979722297991376e-11
AAC3	PEP4	7.803145035447385e-10
MSH4	NUT1	5.380981069114162e-10
HYM1	PRR1	8.13885233297173e-10
PEX17	RPL42A	6.51924043601956e-09
ADH5	PAC11	1.6805934512011212e-09
HOM3	EAF7	1.53489879959225e-09
PRC1	YRM1	5.379605972976387e-11
LTV1	PRE5	2.4552446793320525e-09
BIK1	LEU3	5.502956058945228e-12
GSM1	AHC1	1.437076549921803e-11
HIT1	GUP2	1.1884438377944578e-10
SME1	GPB1	7.648042545726103e-11
HIR1	BRP1	3.8699911663619664e-10
RPL17A	BTS1	2.2687100324482626e-10
HMRA2	SET3	3.652500129965483e-11
NUG1	BCY1	7.678880009548231e-10
VID24	SEG2	9.53191502557617e-11
XYL2	PNO1	2.239938914486295e-09
YER158C	ODC1	9.631814181721882e-10
VAM7	THI7	1.3491277906927803e-09
EXG2	MRD1	1.5386870040287706e-11
TPH3	TAH11	1.4540996827367356e-10
CMD1	POR2	1.2138913626375978e-09
STP4	HMG2	9.07334199176736e-10
MAL13	ZRG17	2.675189024893808e-10
COX12	YMR209C	1.1613905581163475e-09
SPT4	YJL070C	9.216497799622095e-09
JEM1	YOR062C	4.00649147477482e-11
MSS4	CDC4	1.0500944480936556e-09
CDC28	RPL22A	8.80342568299208e-12
GAL3	ALG2	3.797720710257947e-09
DPI35	YOL107W	1.707876484491675e-09
RFS1	SPC98	4.106726045032034e-11
ERG28	DSE4	4.6420506305991935e-10
RPS26A	YKL097C	8.416707784748382e-11
DCP2	STD1	7.35426778757248e-10
APL1	COS9	2.190739275161885e-09
RRG1	PRB1	1.857173662999938e-10
PPN1	DIS3	1.5462116084671945e-09
RIB7	MIG1	4.219342881555453e-10
CRR1	RIT1	9.13412452875456e-12
YDR249C	SHE4	1.3672846853286106e-10
DRS2	TDH2	6.742454349679582e-12
MET8	ISR1	7.55593528090801e-10
NPC2	MCD4	7.14621399405112e-11
COQ21	RPL18B	2.5587812563937284e-10
TMA64	HSP10	2.9367334813663765e-10
YPK3	LSM8	7.62402956785084e-11
TES1	HTC1	1.7473600447187248e-09
PRP18	ADO1	8.496798638125526e-10
YRB30	YGL081W	4.751087476938845e-10
EFM4	DAL7	1.7846098546374763e-09
BIR1	RGA1	3.535159400040762e-11
GLO2	SPG4	9.199947574274587e-11
NUG1	SHQ1	9.811492145439786e-10
RNR1	BMT5	4.549750111174215e-09
YBL036C	PRP42	5.0952335622770795e-09
RPP2A	HUT1	1.0566070695012783e-10
ARX1	GET1	3.9244908102033097e-10
AUR1	KIN4	2.0269726136809558e-10
ACF4	YOR302W	3.3071136847098873e-10
YDR541C	RHO3	1.1724047089676175e-10
CFD1	FMP30	4.208835572681189e-09
YPT1	ARD1	4.5039923666850044e-11
GGC1	CAL4	2.58444060140124e-09
SLD2	NOC2	1.7445597865250018e-09
SAF1	POM152	4.821121447580606e-10
RPL19A	HKR1	2.4258787635412605e-09
PPS1	FOL1	8.67981711298049e-10
TAF12	RPS31	1.5002272151291738e-09
APA1	MBP1	6.926759464186937e-09
GSY2	YML6	3.3720814937424596e-09
HIS2	THI22	1.5434272835971238e-08
RIM13	YPR089W	1.9336734300825293e-10
LSM8	FMP46	2.2229446090452494e-09
YGK1	TPO5	1.7508085480412212e-09
CDC53	RUP1	1.199473703880545e-10
EMW1	MLH3	1.0041866342461554e-09
RAD61	SSN2	3.385460564448655e-10
YOS9	CUS2	1.7651101776267432e-09
APL1	YMR244W	1.451569684471188e-09
ATP11	DSL1	6.008326843894985e-10
PTI1	SMI1	1.725662099283861e-09
SDD1	SUF8	3.3118291372695425e-10
RPL8B	HSP60	4.280790346695329e-10
ZRT1	CNB1	2.1311651233562658e-11
HIR3	FMP42	2.351869438830435e-08
PBY1	MSK1	1.3451350197171042e-10
CSM1	RIO2	4.443460955180003e-09
AHA1	TOF2	1.6095676012953825e-09
UBP15	YNL165W	6.42310299994766e-11
YFL041W-A	PDR11	2.120796508550185e-09
HCS1	EEB1	4.919588731862777e-10
SAC7	SPO21	1.0265202430119221e-09
PDS1	PSY3	1.034020135511063e-11
HOM2	YJR149W	3.116649169289537e-10
MGT1	FRE3	4.89135138603841e-10
APQ13	YOR131C	1.2975672016050925e-09
RPS25B	YME2	1.6677160614418354e-10
NGK1	TFB4	1.110304127188839e-09
EFM1	GPA1	4.742057713004797e-10
TSC11	YOR289W	2.429174628481854e-10
APS1	TEP1	3.400913335308237e-09
YCR095W-A	MBR1	1.2533198066968685e-10
YGL007C-A	MED1	8.503536219318369e-10
HXT2	STV1	1.81301363757205e-10
DHR2	MEX67	3.6655561266927835e-10
TAF1	OSW1	1.537207708455355e-11
RPL35B	EPL1	9.202675314058253e-10
PMS1	ELP4	9.436146905633095e-08
LYS4	YPR084W	2.4286650679734863e-09
YMR316C-A	THI22	2.0154895924444577e-09
RPS4A	MRS6	1.7550444010013916e-09
MAK21	LDO45	6.914991595606139e-11
YPI1	BBC1	1.7320083241807644e-09
YDL211C	FBP1	1.1725077862503487e-10
NGG1	URN1	1.518505890730959e-11
CDC45	CTR1	1.9730260652500673e-10
SRY1	PHO91	2.2768575130203845e-09
BUD5	APC11	9.490934310648102e-10
EUG1	TOM20	6.354549171790206e-11
GDH3	YPL038W-A	4.179637404734187e-09
YEL028W	YND1	1.622644270749343e-09
TRS130	RPT5	6.672803556243597e-11
PFD1	VPS34	3.5848749737457046e-10
MSS11	CWC27	2.1104224298613207e-10
ITC1	CGR1	5.920036604302619e-10
PHS1	CCT5	1.4258226801534109e-09
TDH1	POC4	2.6338631985541147e-10
TOA2	NUP116	9.08745226367787e-10
GPM2	ECM23	4.661046596055126e-10
UIP3	SDH5	4.482072217503654e-10
UBA2	STE11	3.7073468300000295e-09
THR4	FBP26	5.813923677314312e-10
YLR012C	TIM18	4.473460335910393e-09
GPB2	KAR4	2.77628598384681e-09
RPF2	CIN2	7.54366134974022e-11
YDR182W-A	MNT3	2.489869418136165e-11
VID24	APL6	2.6834118688422136e-10
ERG5	NHP6A	3.530075864890812e-09
YJR079W	DBP9	1.0135200820150863e-11
YLR146W-A	YLR379W-A	4.594262586197404e-09
USB1	STB2	1.4200192048525977e-10
YGR018C	DSE3	2.9812308240382375e-11
GAT1	MER1	2.379231041205786e-10
URC2	CHC1	2.272193193258187e-09
YLR177W	NUD1	1.3363821735515223e-09
PXL1	COQ5	2.1331782297493018e-08
MEI4	LAA1	2.4649084011750773e-09
KEI1	UGO1	2.090288434211521e-09
ILS1	NUS1	1.4881271896585572e-10
HEK2	POL5	2.0366321568275834e-10
SOV1	TPM1	2.280465298714433e-08
THI3	PAC11	8.700997544309041e-11
LPP1	GTR1	8.93626221428614e-09
NDC1	RKR1	5.553638733784338e-10
SMC2	FUS2	1.7347596013604091e-09
GAL80	REX4	1.1178390257789471e-11
GYL1	MRS2	3.4790390585229288e-09
YKR045C	TFS1	2.9310472111686194e-12
SHE10	CBP4	1.941124279062399e-09
BUD14	RRN11	3.6159353965777583e-10
LYS9	CWC27	7.212830435163653e-09
YOR1	NOP8	2.9225249244721056e-10
RPL16A	RPN13	2.110635354660081e-10
TPO4	RPS9A	3.4237988581226677e-10
MEO1	YEH1	3.590710825813912e-09
EXO5	BEM4	5.692749434305617e-10
THI73	TOM70	3.200448065146132e-09
RAD9	SSN3	4.173816411167537e-10
YFH1	EAF7	1.369226467893665e-10
DLD3	SGO1	1.0755010644781669e-11
GVP36	YNL320W	8.503503631660121e-12
PPH21	YOL014W	6.40696853736005e-11
PRP9	TOM6	3.560988186105366e-10
YSC84	SIN4	7.761020628045441e-10
RDI1	ULS1	2.3236615353385936e-11
LSM8	CAM1	3.395799247577908e-11
VAC17	DPC7	1.8890999076676024e-09
BOI1	ATG40	3.0776791905564827e-10
MTF1	POP3	1.605035800258063e-09
CAF120	AIM39	2.5450396386576147e-09
FAS1	MSD1	4.919947752091235e-10
DBP7	BET5	1.2894430431704377e-10
ACO2	DAS1	3.78068166621606e-10
SUP45	BRR2	3.325855307246223e-10
LOG1	NOC4	6.093162570779739e-10
CDC23	HRR25	3.696815043121507e-10
BUD5	JJJ1	6.908053485552504e-10
FAU1	YPL062W	3.481514642395422e-10
APM3	YPL113C	4.144494288770765e-10
YBR071W	SWI3	3.0338122056702693e-10
MGA2	MET4	8.171777656575676e-11
BUG1	RPP2B	1.771935273646503e-09
COP1	MDY2	3.09293861008125e-10
YHR078W	GPP1	1.5787788359109107e-13
RPS18A	EMC5	1.0816414664242512e-09
YCK1	YIL082W-A	1.146158180824595e-09
ECM13	SPC19	3.471448568835747e-09
YFL012W	MRL1	2.08129461059819e-11
GPA2	ATG16	1.747305613829319e-09
SEC4	YEH2	4.666485143967131e-10
TAF1	YHR173C	4.034716778351336e-10
SAP155	POL1	4.0427980891202915e-10
MRPL36	TGL5	3.0597352928528044e-09
RPL13A	OSI1	3.4604801785263063e-10
IES6	RGC1	1.3836157932609775e-09
ERG28	ALG12	1.0545404209718133e-09
YLR152C	SEC39	1.1837457920989927e-10
DFP4	MTG1	1.5474410995503698e-10
ADK2	EAT1	1.03420170123916e-10
SFK1	RGL1	2.5996976595222877e-11
EMC1	SCH9	9.910634804308694e-09
YCL075W	BTT1	1.7775559171926417e-09
BRR2	MDJ2	2.70638748805542e-09
CDC3	YNL195C	2.425354250268755e-10
SCP160	YNL195C	1.923204374226955e-09
CPD1	AFI1	1.43627829064103e-10
YLR111W	CSC1	1.1547724134526507e-10
PFS1	PEX17	8.363234751561838e-10
GTA1	TFC7	9.59043647214414e-11
AAR2	NUP116	7.156171357432675e-09
NCE101	SPT21	5.830784863091968e-11
CDC8	TIS11	5.07375920131779e-12
RPL21A	LEU9	2.5006617707533517e-10
TGL2	RPT5	1.355093436909923e-09
SPO14	SOK2	1.8579036265447026e-10
SHQ1	RPC25	5.224396104484413e-09
RRD1	AYR1	9.140074681657482e-10
RTR2	TOM71	2.092305289903849e-09
SYM1	CHL1	2.6192460005015407e-09
PRS3	ADH2	5.634827512973734e-10
GPI10	HTS1	2.80429695545013e-08
DGR2	RTS1	1.2553560559607432e-09
RPL2A	PET191	2.6881023525941778e-11
AVT5	RRP36	2.755052683854745e-10
PRM9	GCS1	1.2357979029616876e-10
AAR2	SPP382	1.511890596106526e-10
YDR061W	RPL3	3.5919932992959496e-10
SWF1	YMR155W	9.116938144975195e-10
TEL2	TOF2	4.846226382975356e-10
NMD2	CFD1	8.102534590240713e-11
CCZ1	AIM14	3.7922045297916356e-10
FAT1	YDR003W-A	1.9458138019863596e-09
YCL021W-A	COG4	7.855271878955599e-11
ENV11	MET16	2.412063125302194e-10
ATP5	DAD4	4.7775627951662575e-11
MCH1	RAD30	7.795879158604349e-09
FMP25	PPQ1	1.0974275025063129e-10
YDR194W-A	ANK1	3.257198524182032e-09
PDE1	AHT1	9.684482907316199e-10
DAS1	TOS6	4.762794731247894e-10
CMR1	FSH2	5.763832580254127e-10
RNR3	UNG1	3.5555921117659774e-10
RPL42B	RSF2	1.8210423730309742e-09
PAR32	SCS2	1.5431870650551784e-10
THR4	YIL059C	1.7578826004168887e-10
YLR146W-A	YLR225C	1.3488139730167362e-10
NPP1	NNK1	9.050282323032201e-11
MRPL6	BAT1	1.1257595250502816e-10
AIP5	LAF1	6.95504266047685e-11
NOP6	YNL019C	1.7254704273926338e-10
MPC1	RED1	2.975602714525456e-09
CSS2	YNCN0015W	1.1094914062470399e-10
HMO1	HAT2	2.267098860750184e-11
CLU1	NOC2	8.283824583566433e-10
KGD2	UTP22	1.4390932583252801e-10
SPO16	EUC1	2.9332206422738333e-11
ATG42	VBA4	2.656251549309237e-09
HEM3	LYS20	6.703922008204904e-10
SSZ1	RPL5	1.1917596927778872e-09
HIR1	RIM13	3.02376047750907e-10
YEA6	TRM112	2.9676158108886786e-11
PEX22	YSY6	1.2735235987388387e-09
COA1	CDD1	1.910987117542986e-10
PRO3	MIA40	1.0800948924599614e-11
CQD2	EEB1	2.797296888932549e-09
SNC1	MDM38	4.134643161195564e-09
MDG1	BOP3	8.141179134257836e-11
VPS38	RNA14	5.834726786168907e-11
GLE1	MCA1	3.026047627730138e-11
POP5	ATF2	1.3078478068993482e-11
RFX1	CPT1	1.429607341595385e-09
OMS1	MEX67	1.2550091559989278e-10
TRZ1	ISN1	1.8401974446297753e-11
UTP18	PIR1	1.336800974670002e-10
SRO9	JIP3	3.795854619433339e-10
YDL007C-A	TPO1	2.2163209588537926e-09
MTC2	SMP3	4.069421598265506e-11
IWR1	DSS1	8.130615241215333e-10
GEP7	YJL193W	1.4298332671884843e-09
YFR006W	PRE10	6.080580705771894e-10
ECM31	IDP2	5.027372000135081e-09
TOS3	YJL107C	2.659508628272099e-09
RPA14	CSC1	1.4216766021044494e-10
NUP133	SAL1	1.0437051587422682e-08
VAM6	VPS20	4.30374964439102e-09
SNA2	YGL194C-A	2.735206352854577e-11
MRPS9	AIM14	2.3462152879123804e-11
PRP6	SNR51	3.3281259121707785e-10
ARN1	OCA2	2.6799407629640642e-09
TVS1	ADY4	3.646357799304268e-09
RRN7	NOC2	9.176886937641264e-10
PUL4	THI80	4.4954469623698145e-09
RPL19B	RTP1	1.3958720898626277e-09
ICS2	GFA1	6.202603257898878e-11
RNQ1	VPH2	1.646284838295711e-10
MCM7	VID22	6.540317096881965e-10
YNCD0021C	THG1	6.835640218178709e-10
ZDS1	WHI2	1.7848579429279283e-09
MNN1	GET4	7.253259785496857e-10
PEX21	MNN9	3.01909431369046e-10
SLI15	UFD2	3.635156411258736e-11
YDR541C	ARP5	5.552020873395614e-09
PDR3	CRS1	5.323446662994503e-09
ROT2	LAG1	6.329087230314346e-10
FUI1	SNX41	2.379083988017107e-10
HSM3	AGX1	3.108840150080141e-10
TGL2	YJL028W	5.248480306049512e-11
LAM5	GAD1	1.8446455207927229e-09
IMG2	MED1	1.6677480642178756e-09
NUM1	RTN1	4.768897545697239e-09
MRX15	DBF20	1.934375467661175e-09
TVS1	YGR117C	2.0942796759081002e-10
YBP2	YOX1	1.0609297197917698e-11
SRP21	RPL26A	2.6538992254727855e-11
PMT7	MCM22	1.635522372002599e-11
VPH1	BRO1	4.96912746403752e-09
SPG3	YMR1	5.855080453615794e-10
MCX1	YGR035W-A	5.2303019160787905e-11
GAT1	ASR1	1.7584725564673369e-10
BUD31	TGL1	5.517762367991807e-10
PMT7	RSM25	6.87621682369673e-11
FDC1	YML131W	1.0398540581790112e-11
YER175W-A	IRC25	4.3856510238737917e-10
PEA2	CIN1	9.607668825825916e-10
NEM1	YMR084W	4.217770160663949e-11
GDT1	ERG10	2.2547429463420336e-11
PET100	HEH2	5.063642754971128e-10
PTP3	SIC1	1.5734680931042403e-11
HEK2	APJ1	7.162616606512317e-10
EFB1	ATG20	1.427823275156606e-10
SEN34	CDC14	2.6124665556090356e-10
GPD1	MRPL51	1.3451575549112828e-10
DJP1	NGL3	1.6030672494172567e-09
NKP1	WHI3	4.2064183372635774e-09
CIN8	PGD1	3.4031230720631193e-10
RPI1	WHI2	1.4317276852782062e-09
CNA1	CMC4	1.9892676657477782e-09
IES1	SBP1	1.5300304553138686e-10
TOS1	AXL1	5.726222666769733e-10
RPL29	YNR066C	7.15256246334956e-09
GPR1	ARP4	3.402838181759571e-10
CDC16	VPS9	5.088395161090631e-09
CCR4	KEL3	3.4776881285496227e-09
SPO74	FOL2	3.5071754680065724e-10
CCC2	LEU9	1.940477549580235e-09
RSM10	FLO10	5.438055196810786e-11
HMI1	TOA1	7.90768005697664e-10
ESP1	EGT2	3.6692508267766455e-10
PMA1	RNR3	1.5245330609739864e-10
PRD1	CDC43	2.485687593083105e-10
UPC2	YND1	6.346785576462408e-10
IES2	AGA1	8.805677039835542e-12
PRS2	RPN11	3.979821870149877e-10
KTR3	YCL048W-A	1.9568674472909193e-11
YIR020C	ENT4	4.335958156305225e-09
CUL3	YNCM0020W	2.2391892436932876e-10
OSH3	SRP102	2.6809386132047556e-09
FTH1	ERG8	7.410456589003174e-10
PCA1	YDR131C	3.021499216589212e-09
DEG1	HEM15	1.7119790386852134e-10
AAC3	GET2	3.2462769086033657e-09
MIC27	SIL1	6.86179783435486e-10
TRM8	BTT1	4.2580346611070405e-10
APL6	RPS16A	1.8641589840398946e-10
SGF11	YPR089W	1.6481568943187776e-09
DAN1	RAD10	5.451846205408215e-09
TOS8	BAT2	1.205130142609883e-10
SND1	SLI1	3.8183515547664184e-09
XKS1	DAN4	1.9979458238412255e-09
RPS13	ERV29	3.1894065623344352e-09
LCL3	CAR2	7.0607147384681845e-09
RPS23A	RFU1	1.238903716679376e-09
YDL177C	TEX1	9.57646627193078e-11
YNL108C	PDH1	4.320486533107452e-10
EMC1	SEN15	1.622733616166263e-09
GLY1	SPT4	6.372511489016745e-10
IGD1	DFG5	1.4327853260747808e-10
SPT8	PNP1	1.9691364023615334e-09
PUF6	RSN1	1.6136749453223499e-09
ARO2	AIM29	8.691732339146926e-12
MRH4	TAO3	1.6071648016814205e-09
RVS167	MRPL31	8.719292145183076e-10
SUS1	PRM4	3.26381823747199e-11
PET18	ULP2	8.985300228466362e-10
CAB5	ITR1	1.6166845867848824e-09
DSK2	DAL82	1.465050620579827e-10
ACT1	YML100W-A	4.256407708460657e-10
CLB1	DPC7	1.44675743887719e-10
THO1	TIM17	1.6325584305882611e-09
SWP82	TIM50	1.002771311576618e-10
TRX2	RPA190	5.7424838293309626e-11
PBP4	CRN1	3.9995340672977106e-10
OCA2	DFG16	6.060857707124915e-10
YGR067C	YPR078C	4.677647117275708e-09
YMR315W-A	SQS1	9.931476058871529e-09
PRE7	AGE2	1.4481824179613169e-09
RPN1	RAD33	9.598816211391203e-10
PUT2	COS9	2.7224828341673627e-10
ARA2	MNN9	4.1277018441726845e-09
VPS62	MRL1	1.9803607186220045e-10
MNN1	SSE1	1.7894414764913444e-12
PSK1	SEC65	7.579489861223257e-10
YBR182C-A	HPC2	8.295225656490333e-10
SIP3	SMF1	9.219056619369976e-10
ATG14	NDC1	1.023579677495482e-09
YSH1	TRS33	3.1284509830408256e-10
AIM7	YGP1	1.0587664621378961e-10
SCJ1	SNF12	9.79986769692268e-09
SRP14	SPO11	1.5289047308351482e-09
KIP1	VIK1	1.7022994784237876e-10
RPL11B	IKI3	4.564622884840767e-10
PPN1	YKR073C	1.1562892617914765e-09
VMR1	LCB3	4.2628949436601316e-09
PET9	RPT2	4.360081532079048e-11
CHM7	NSG2	3.336905505991673e-12
AVT6	AEP2	6.746043821057091e-10
RPL33A	RRP12	9.541586210007862e-10
ZTA1	BCH1	1.3551296245180984e-09
SLF1	RPD3	5.063446262580179e-11
CSE1	ELO3	8.483164403780932e-10
SNF7	PFA3	4.5948868008792314e-10
AIM2	MRPL11	2.0580323165533559e-10
KKQ8	YLR179C	2.4354840642414382e-11
TEF2	CIM1	1.0943171668706089e-09
TRK1	RCF1	3.446195122092694e-11
MET18	WTM2	2.300238587069342e-10
KAP122	RPS6A	3.3403684267885404e-10
RRP42	HSK3	9.225070717727492e-11
GLK1	MSE1	2.1117088874514017e-09
APM3	VPS13	9.708455935256684e-10
REF2	PCD1	1.0180035362235616e-09
HSP104	ATP11	3.939955550386148e-10
NTC20	HSP104	4.928254018461069e-11
BLM10	COX19	8.712395704356811e-10
AIM6	ATG41	4.963843570778486e-10
OCH1	VMA11	3.8919230359497355e-11
GRX2	RPT1	9.963608848644139e-11
EFM1	PEX27	3.6571894718941052e-09
YDR222W	SKO1	3.0410425323406717e-09
TFG2	NOP4	2.800359912684058e-10
MSM1	VPS25	1.6111459751329813e-11
MCM10	NTR2	6.136748729386983e-10
OGG1	YGK3	5.563830743519735e-10
MGR1	YIL060W	3.3776097478195802e-09
RAD18	EMA19	1.3785067554341065e-10
ANR2	SCJ1	1.2303493569691866e-10
MKT1	PEX11	1.5727326930227846e-10
GPI8	UFE1	1.523194300005537e-09
IST1	UBP2	9.51755729264343e-11
TOH1	VPS17	6.16064459709805e-10
SFI1	YMR209C	7.285578859580012e-09
KIN82	POX1	4.5039320543107666e-09
FAD1	PPA2	3.4110877198285034e-10
HEM25	IRC20	9.137418091570414e-10
PES4	NUC1	5.601165058522942e-10
YDL144C	SCC2	1.1454234451210625e-09
FTR1	SER33	1.5375623004721995e-09
EBS1	VAC8	4.122278232709743e-09
FAA2	ABZ1	1.4517800802822343e-10
DST1	MCO10	2.3848791133790677e-11
CDS1	YJL163C	5.1446253045198294e-09
VAN1	RFC1	1.87797570927068e-10
YNCD0029C	ALG9	5.601615105919065e-09
IXR1	TUB1	4.959377818616697e-10
MNN2	JLP2	4.668619889655672e-09
YIP4	ATG27	5.451709185189493e-10
POA1	TAH1	3.412527652456532e-11
YHB1	AUS1	1.1275403588435185e-09
MRPL31	CRN1	2.6827265488828857e-10
OSI1	PDR12	1.6446166292670033e-09
DAL5	SNN1	2.8598914234109382e-09
LEU9	SYT1	3.6305107386997524e-11
LDO45	RRS1	1.594627456866805e-10
TIM54	RRN9	1.9464124427917155e-10
YDR444W	MEX67	6.276894129877163e-09
MOB2	SNX4	5.24518680951364e-10
TYS1	MPC2	8.312806289388805e-10
AFB1	CYB5	1.792048218507956e-09
YBR242W	PEX2	6.917831815613176e-11
YEL009C-A	RPC37	8.567405599219269e-10
SQT1	FAA4	1.8143389897843443e-09
KAP123	RAD4	1.7931526854180724e-09
MRS1	ISN1	1.649768069804284e-09
SEC4	YFR054C	1.860460667043265e-10
FMP49	TMN3	1.3473219940321527e-09
EXG2	PXP3	1.8976973623627376e-10
RIM2	CCT5	1.463867390325486e-10
ARO10	MSY1	3.1204706079823614e-09
CDC23	YMR105W-A	7.969175950690672e-11
RTF1	PSR2	8.108465102175378e-10
MIG1	PCL8	2.84768234757057e-09
YBR138C	RFC2	2.6783419402222093e-09
NPP2	MNR2	6.86200480464806e-10
EMA19	ECM5	2.6676047597425656e-09
RSP5	SLK19	8.899745837195829e-10
PRY3	SFL1	1.035341441304101e-09
RFS1	YFT2	1.0882049080087457e-09
YLR365W	YNR061C	2.8144552452968404e-10
GDA1	URA10	1.8771291331257358e-09
RPL34A	JJJ3	4.735262556600161e-09
PMT2	TPO4	2.138710291996246e-09
YKL183C-A	COQ3	2.4265567164470167e-09
YUR1	ALG9	3.078997278482654e-10
CDC6	SSE1	1.3845998006156719e-09
RIP1	MF(ALPHA)1	2.9021682051754747e-09
SLD2	MGR3	1.7645379796528173e-10
YDR209C	YNL162W-A	5.290961103913728e-10
YBR182C-A	AGE1	3.7115467463322263e-10
EXG2	PMT3	4.686395226631846e-09
REG2	BBC1	6.653623602087161e-10
SPT6	FKS1	1.0278865179585338e-09
OAF3	YMR155W	1.2459053419939418e-09
TRP1	DAL5	8.149417799253388e-11
GID7	FLC3	2.428030076279743e-09
SGO1	HST2	1.7145811908130108e-10
TPO2	GPP1	1.5624164456677358e-09
YPK3	CEG1	1.3642521551786575e-10
ASM4	SER1	8.691631740861802e-11
FAD1	IMP1	9.851740002242732e-11
YLR278C	MAM3	9.07392306732519e-10
RRT6	YIP3	5.130521732147905e-09
CDC11	APM4	1.2915220092321753e-09
RNQ1	PCC1	1.4857917481818618e-10
NPP2	STT4	1.8793967093423087e-11
PSR2	TAF11	1.0627919489131209e-08
EMA19	NMT1	4.440735875777294e-10
YBL071C-B	MET28	1.1608807766747037e-09
ASK1	FOX2	1.0790129348632683e-10
BBC1	YIM1	1.6298140268883224e-10
NAT1	SSO1	4.489531729412073e-09
SPR3	GAT2	4.1133587851791986e-09
PHO84	SHH3	1.1233750111367388e-10
YER135C	YJL206C	2.6222548844785547e-09
RIF2	YML053C	3.609490036464983e-11
YDR524W-C	AGC1	4.9220459775092105e-12
MBP1	YPR148C	5.441425313006866e-10
PCM1	MPO1	7.787496184200997e-10
NUP82	VID27	5.375281159906931e-09
SDH3	YNG1	2.4308290504989185e-11
YCR095W-A	JID1	2.7884563223368388e-11
PRP9	RPL10	2.204306265451123e-09
TFC3	VIP1	3.8930671821469266e-10
FMC1	PDP3	1.437227571492949e-09
WWM1	AMF1	2.637079557814675e-09
GLC8	SVS1	2.914102512612537e-10
RPL37B	NUP145	1.3366956084343639e-09
VID30	PDC5	3.423978668351774e-09
PHO90	SOG2	3.534285951728572e-10
TAF5	YNL042W-B	4.676309200903611e-10
NET1	YNCP0008C	5.0803875025998155e-09
ZAP1	PRP2	8.276631638806372e-10
YMR320W	YPL247C	1.80320735945193e-10
TIP1	TIF4631	1.3094792003652802e-10
CLN3	SAH1	2.188048771353415e-09
PFS1	TOK1	6.043441978823844e-10
YPS7	BNI4	1.0253172294241264e-08
IMA5	COQ5	9.327973031972726e-10
CDC14	YNL018C	2.0442904992258201e-10
SPT7	VPS29	3.815739739048018e-10
SSD1	YIL060W	6.344632550123353e-10
ADY3	SIS1	1.4635289500040247e-09
SIR1	SGV1	2.516616802437296e-09
ALF1	PMA2	9.192198771681228e-10
RNA14	RTC6	3.823454134543676e-09
DCD1	WHI3	1.0645050342189845e-09
HDA2	NRS1	3.607179368972998e-10
PSH1	RPS6A	5.759452666425572e-10
POP8	KEL1	3.802446637159023e-10
VFA1	PHO85	1.2100564146113745e-09
YCR006C	HYP2	1.1030723477147711e-11
FIP1	YME2	9.910338227842756e-10
DIG2	OAF3	1.3120776320738188e-09
KRR1	RPS26B	1.1421467395141863e-10
SHQ1	ESL2	4.19728249678037e-10
MRS4	RPM2	8.261846718969842e-10
RGD1	CDC6	1.2422334020858997e-09
RPL17B	OST2	6.936651336276945e-10
COP1	NOP12	4.9498349649972676e-11
ADH4	LYS5	8.085717542438096e-11
MRH1	GPH1	4.258054103235351e-10
RPH1	APC5	2.34463874704121e-10
MNN14	DMO1	2.4391199399127245e-12
NUP159	IML2	1.8938172573876323e-09
NRG1	JLP1	1.1924128304580542e-09
MDM32	VPS16	2.3833374543672167e-10
SDD1	PRY2	4.096915092595026e-10
PTC3	RPL37B	2.950403727835001e-12
TIM44	SIN3	1.4396428617625628e-09
FCF2	POL1	7.158191018411115e-10
CWP2	CNA1	2.055980851195076e-12
SPO71	SAK1	2.081609780839081e-09
SAP1	MRP13	2.7177428272172827e-09
YGR122W	ALR1	4.234465629429911e-09
YGL204C	YAH1	1.9560525349014323e-11
ALG8	CAT5	3.347917998791308e-10
COX20	LDB19	1.3376172494813595e-09
ZDS2	LCB1	9.977005482206079e-11
ATG9	HSP78	1.927548717798033e-10
APN2	THI74	1.2873432049395465e-09
RAM2	PGA1	1.4213155529443844e-09
GPI14	YLL056C	1.0957104666372623e-10
EUG1	YMR114C	1.6010719921620161e-09
WHI2	NOC4	4.957899872283419e-09
HAC1	SMY1	2.2040109218474176e-10
TEC1	IRC8	1.3500943471758324e-10
GCN2	VPS62	3.4177183030356535e-09
DIT1	YEL067C	9.270086314632141e-10
UBR1	YJL027C	8.235503503491432e-11
TFC6	PRP18	2.9524335523106452e-12
CDC53	ARO80	3.711590939785425e-10
COQ4	CAT2	3.469699837767489e-10
SLA1	RGT2	6.664082334127283e-11
CLU1	NOP15	1.0959002116557605e-08
DER1	COQ8	7.71122309465985e-12
MUD1	YDR169C-A	2.3252436385298955e-09
PEX15	RDS3	2.7128435655362206e-11
SRD1	PRM1	2.6855530587527257e-11
RTT103	GAR1	6.5850536310716555e-09
FTH1	HMRA2	1.9210120596390003e-10
BRN1	YJL077W-B	6.316818186870421e-09
TPI1	HXT6	3.94963279610849e-10
HOP2	YPR195C	3.5409752103952316e-10
LCL3	YME1	1.0000152018944101e-08
ANK1	TOF2	1.533382631727915e-10
YBR085C-A	RPT2	2.6414589695221483e-10
UTR2	RGI2	1.0868885934403392e-09
CDC16	SGF11	1.1936142066988189e-09
MAM1	YKR018C	5.387468192918708e-10
ETP1	HPF1	1.8062419714731402e-10
MSN1	POC4	2.4617889790771382e-09
HBT1	IPT1	3.7896834431813585e-10
COR1	YPL062W	1.24078231232742e-09
UPF3	RPS7A	7.159311962314563e-10
XRN1	RPL2B	3.3673545301259085e-11
RPL22B	MED4	1.8379561870087496e-10
PMT2	DOA4	5.621483648077938e-09
MTE1	SMF1	1.112963162270831e-11
DPS1	VID27	1.496184553239742e-08
HAP2	THP3	2.1026084185565723e-10
NBP2	AIP1	4.723825636247944e-09
SAP155	YKR041W	3.6229226725424626e-10
AHP1	GAL80	6.361777556256262e-11
TAM41	YOL038C-A	7.938353700816661e-10
PDX1	CCW14	5.485578672885901e-10
AHA1	VPS55	1.1677895879545957e-09
YDR341C	SKP2	2.2753038255306308e-10
CCT6	YOR011W-A	8.297455315114355e-10
SLD5	ZNG1	2.971684570181423e-09
CBP1	PCK1	9.63193600093144e-10
PCH2	ACM1	6.461498892059785e-10
DUN1	DOA1	9.735344046453453e-11
VHS1	ATO2	2.7248212642687408e-09
AIM21	YLR179C	1.522336341607741e-09
COX7	PRP4	2.2071085168472293e-10
ILV3	JLP2	3.8919388547723153e-10
ATF2	SOG2	4.6327984752292626e-10
SWE1	STE23	2.374837380354057e-10
MCM6	UBX2	1.1492702972054918e-10
YDL211C	PSY2	1.1497112474480797e-10
ECO1	DRS1	3.9480966068689634e-09
SHP1	YNL033W	8.791750306198606e-11
RUB1	YLR296W	3.231680067974104e-10
SEC14	CYC2	9.319847116444316e-10
RXT3	SRP101	1.1354276460179007e-08
SOM1	ECI1	6.720468263639672e-10
JIP3	TFB4	2.0587346995093274e-10
GIS1	SLO1	7.02736346411834e-11
PAT1	ATG10	9.292871428532828e-10
PAN2	SLD2	1.0668715658779563e-11
SCY1	RPC40	4.1366036266818527e-10
GPI8	STE11	2.1027722247999712e-09
KEL2	RRN11	6.972785496274374e-10
NEO1	BIO3	1.3878172961045102e-09
ERG10	MRPL51	9.444605928215912e-10
YIL102C	NMA1	7.614749928381343e-10
YSR3	NNR1	2.1821650394907694e-09
GRX8	YAF9	5.593006131502984e-09
MET30	CRT10	5.028074946696349e-10
URA3	RNH1	2.178381778068083e-10
HSP42	PEP7	8.53864127968983e-09
RRP3	POR1	3.3111938215403274e-09
MRPL9	COQ2	1.02534841880619e-09
YBR090C	TRS31	1.0003533888790476e-09
VAC17	RAD55	6.263518033972552e-11
WHI4	LYS9	4.4795751724774405e-11
TIP1	ULI1	2.3667062544651914e-10
YKL222C	ACF2	5.985034479816762e-11
ZRG8	UTP18	1.1124657678215431e-10
NOP14	VMS1	6.330554934255199e-11
PBI2	RTS1	6.068182528966059e-10
SGF73	ZIM17	2.3908864498393394e-10
PIR5	FPK1	8.084878163139986e-11
LAP2	RRI2	7.281725452985404e-11
FMO1	WTM2	2.6016782259197476e-11
DPC7	NOC2	2.4851681139702404e-10
PEP1	CAF20	2.0786888785401984e-10
AIM3	PLB2	3.5938735640592615e-10
HRQ1	RPS31	5.7990421420652614e-09
TAH11	MRPL24	2.658154648157105e-10
EMP46	ASI1	1.584394254140189e-10
YSW1	DSS1	1.4529787009880347e-10
CBP6	FAR7	6.022058554001065e-10
MRPL8	PBI1	1.0914235523506207e-10
YER138W-A	YNL034W	5.127114587534725e-09
RPL27B	YMR008C-A	2.3255265214968194e-10
LSM8	BNA5	1.0396822036519769e-10
SAS4	MSK1	5.689300076707786e-10
YNL042W-B	PEP4	2.8122729295177312e-09
THI72	TFB6	7.726805730730454e-09
BNI1	DBP1	3.316086963369637e-10
GCR2	FMP40	1.458833027945991e-10
PET117	TPT1	8.082715169755245e-09
STE50	NDL1	2.0734739979151218e-09
LNP1	ACC1	5.8381007796225915e-09
SUL2	MED1	1.2785504140376165e-10
YIR016W	NTR2	2.379066784679329e-09
BUD5	VPS25	6.885284809087571e-10
ECM33	TFB4	2.197807327545965e-09
YBR221W-A	UTP5	7.611112703854265e-12
PUT3	COX19	6.991145583537193e-09
BAP2	RET3	2.5386691601966062e-11
MIF2	TML25	2.9376089073802318e-09
TGL2	RAD33	5.618237065145186e-10
LPX2	OAF3	4.786766117969755e-10
RSC4	ATG23	3.03959285655516e-09
FRM2	YHR007C-A	6.00773144571033e-10
COQ6	NEL1	5.18936159126425e-10
ESS1	SRP54	5.826064932951247e-09
FIG2	VAM6	7.041633102565461e-10
PRP42	CHM7	1.6210309275927778e-09
YFL051C	OAC1	1.9380085197055213e-09
NTH2	SER1	1.1579619733695751e-09
CDC28	DAN4	1.8444610781188457e-10
ORC1	ATM1	1.1162585430328022e-09
MSE1	YPL162C	2.4176631210555716e-10
UBP7	HMG1	3.9616655342297544e-11
DSF2	SEC2	1.1780658428377131e-09
OLA1	YPR027C	1.454895996963027e-09
RPA12	SUL2	7.857866319551475e-10
GPN3	RPL33A	2.668001398798622e-09
JHD2	HOS3	1.4520213867053703e-08
YDR061W	AQR1	8.971609276131085e-09
TFB5	CWH41	3.3723712620299583e-10
CMC1	RSM19	5.657494964123862e-10
YKL102C	PFK27	5.01940372380365e-11
PAB1	MEF2	2.4896632255280966e-09
YBT1	SAM37	7.118997749780187e-10
MNP1	ZRG17	9.913877044324474e-11
YDL159W-A	SME1	6.684595427997455e-10
MTE1	GTT1	1.156074150143264e-10
GPX2	CSS1	1.6668769464029078e-11
LSM1	DPC25	6.503262466915412e-13
ATF2	RPL26A	1.9960885225064775e-09
YDR003W-A	YPL062W	1.9297565482143606e-09
YDR034C-A	TEF1	8.614653285013979e-10
FMC1	PGM1	6.679869886151517e-10
GYP7	TRE1	2.789929947289497e-10
RIO2	TRS33	7.006663783598933e-10
TFG2	YML020W	7.859045573006842e-10
LDB17	PAN3	5.209060583276977e-10
ICS3	YOL118C	1.1507373676310066e-09
BCK1	FAR8	3.0740713260533354e-09
PET191	LIP5	3.650683340401473e-10
GUP1	FMP27	4.873668333124292e-09
NOP10	CIS1	5.248461637187668e-10
ERG8	YAP7	6.723921860478428e-09
IRC5	RDL2	2.425864386629017e-09
YBL008W-A	DIS3	9.000166828625937e-10
COG1	GCR1	9.509587787502158e-10
RPL26B	MNT4	3.7214107101307776e-09
ATG32	MON2	1.3760949678336408e-10
MIH1	YOR131C	1.975519827512531e-09
HSP30	PPQ1	4.623389203159919e-12
MPC1	AKR2	4.4392215991018045e-10
PRP19	PRE5	3.1263235562691825e-11
GTT3	NPR3	7.82209172614662e-11
FAA2	SRS2	2.06364158338842e-10
YLR415C	STV1	2.1880892327337315e-09
ERS1	YJR084W	5.914891871692243e-10
TYW3	DIF1	1.4755744286108873e-09
IMP21	NRE1	3.9117835058379324e-10
MAM1	ARP1	4.166626500653447e-10
TAF1	QCR2	5.1316024599668596e-09
ARN1	FBP1	1.87363286940547e-09
YDR222W	TIR1	9.704748233014479e-11
RDH54	SPO74	7.429713007114462e-10
DED81	LSO1	1.8196266123970824e-09
EGT2	APP1	2.4424184927181556e-09
RNA14	IQG1	1.5740169485526283e-09
ICS2	ITT1	1.2273366161284075e-09
SHC1	SGF73	1.142291192002585e-09
PUF6	DPH1	3.4886893179820193e-10
AAC3	IMP3	4.691977220741874e-11
YIL054W	FAA1	6.668967649577368e-10
TAF5	LOC1	1.1452284178495384e-10
COQ1	TOP2	3.832328935877754e-10
GFD2	YDL085C-A	4.858516105773939e-09
URB2	OPT2	1.2032043899814283e-10
SED4	NCA3	1.9525327949436585e-09
RPL8B	REH1	1.2138917058206203e-10
GRX6	EXG1	2.976832208207847e-11
CAB1	YGR273C	4.789283621090848e-11
MSC2	ODC1	1.2047720772764546e-10
HNT2	PDR18	3.306028578287976e-10
HMS1	MRX11	6.827215683512878e-11
PTC7	RPL3	2.044652633413753e-10
GRX6	SOL1	2.9678776499610385e-09
ECM34	YPR172W	1.455714422191607e-09
UTP4	RAD26	3.3123357814586636e-10
MNN4	TFC8	3.0960458156785786e-11
EFG1	VPS34	9.021616718212154e-10
RPL11B	OGG1	2.7470751661999866e-09
YDR157W	MAK10	7.229703290426549e-10
SMC1	MTE1	2.7261032706347085e-10
AIM19	NPL6	1.2347362081026173e-10
SBE22	SKI2	5.3173479604573255e-09
BIK1	MCM16	3.1175283069824333e-09
YIP3	RUP1	6.962840014409261e-10
YDR215C	SPC3	5.188522991671359e-10
RPA12	PAC1	7.46552010506457e-10
YML054C-A	MER1	5.22778857912805e-10
THR1	YIL054W	1.5029319204668427e-09
GLY1	AQY2	8.024570551047492e-10
YLL006W-A	RIO2	4.3098303290922234e-08
YBR012W-A	MPS3	2.0098329599196795e-10
ATG42	PDI1	4.6515396219093106e-10
OCA5	GAR1	4.406394971387825e-10
TFS1	RPA43	5.274902379357346e-11
CYR1	YLL054C	2.068413270831326e-10
MRPL35	RPB2	4.456844716508721e-11
CWC22	SHH3	7.531687601343235e-10
PAU7	UCC1	2.0753051370954247e-11
SET1	NEJ1	3.4329591320294655e-09
GRX6	ALY2	6.709596900338932e-11
SAY1	MTC1	2.707168783868829e-10
SSA4	NMA2	1.827020984033593e-11
LIA1	SEG1	2.2556644590373168e-11
SHE3	CTF3	1.7742663182640745e-09
HEM25	YIL092W	1.0308044442398354e-10
RAD50	YNL033W	5.263387116065368e-10
NNK1	SEC39	7.398865419349853e-11
STN1	ORC1	1.5393910129213961e-09
RTT105	NMD3	4.436136928698654e-11
YDL242W	WSC3	2.509393070826038e-10
YKR015C	CPR3	4.936575985822402e-10
AAD10	RRP36	3.8385013402921524e-09
HSP26	FMP42	2.55528104486533e-09
YBR292C	RTG2	5.280795597754977e-10
PKH1	STO1	8.501220396716605e-10
FUN12	MID2	6.097658798979739e-12
GUP1	GYP6	1.139111178679526e-09
GEF1	SEC16	8.632058612456198e-11
DUN1	MSS116	4.115834266217293e-09
PTP3	CIC1	2.663685727457174e-11
HKR1	TLG2	3.587024288979573e-10
VPS36	FHL1	1.5639153277125363e-10
JSN1	PFK2	1.0500674553496951e-08
MFA1	FMP41	3.6761179745243874e-09
PAU5	MTG2	1.4980407308843019e-09
JEN1	ASR1	1.4722978589914532e-09
SRM1	RPL2B	1.1857835152346286e-09
RPL13A	PDP3	2.1921821362010555e-10
RET2	LMO1	1.1136132245597921e-08
ALT1	DCS1	4.392519334442388e-11
YGR161W-C	RPL33A	3.2958149802152995e-10
HHF1	YBR032W	4.2187951437769476e-10
PCT1	VIK1	8.422385533234056e-11
RTK1	PRE5	1.5609965811456343e-09
SEH1	ROF1	1.144183744321309e-09
BIT2	SLO1	7.852857894738612e-11
NUP2	GIS4	2.5881264800265718e-11
DNA2	PRP4	1.2095342609062601e-09
DIA3	YND1	5.507517502600223e-10
EMP47	ORC3	8.240816642877885e-10
MSW1	MEX67	5.1862632585051053e-11
YBL044W	VPS5	1.2820798129289592e-10
FAR3	MRE11	1.4458161240994483e-09
PHM6	URK1	1.421319883236599e-09
SDS23	YGR161W-C	1.1826665685791823e-09
YGL185C	BNR1	1.0562413420790884e-10
YJL213W	URK1	4.485324676104477e-09
ARO80	TIS11	5.106967682072521e-10
GET1	SEC59	1.1780758515483302e-09
PEF1	CSA1	6.795341325788947e-10
GCN1	URM1	5.859558714110557e-10
CDC26	YML100W-A	1.6708315150693412e-09
RAD23	BDF1	2.1066679559891593e-09
TEC1	RPS14B	6.024310103956575e-11
YGR266W	ROF1	1.376719419958043e-10
BCD1	ROT1	1.5425864342722415e-10
PSR2	VTC3	1.0370572234356004e-08
SYO1	SCS7	1.881878937462376e-09
BRN1	ERG24	1.6477678308192827e-09
TOM1	VPS70	2.810867762252371e-08
MSP1	STT4	4.26174156717495e-11
SEC10	CMP2	1.391328448070217e-09
FUR1	LOA1	3.6778557031154873e-10
INH1	KRS1	3.3661924210927783e-10
SAT4	MDL2	9.662677013882554e-12
YBR292C	MRPL38	4.812245729373432e-12
GND2	RTC4	2.1209321243549566e-10
CAF4	URN1	1.9760846655266188e-11
SYN8	YBR225W	2.1066579010702753e-09
HXT5	MCH4	1.894644241231437e-10
ARG2	YPS3	2.2241146288286596e-09
YLR030W	PUT7	8.015851368315266e-10
ADA2	YPL245W	2.4788005229122116e-11
RPL21A	ISM1	8.534789440578194e-12
CDC14	PRP8	4.655289513226147e-10
ALR2	RPL25	9.39710069579265e-10
SEG2	IDP3	1.970902462024979e-11
YDR444W	CAF40	9.45276897090719e-11
CDC7	NPA3	1.1513550506754432e-10
FAR8	TFC7	2.965722330965813e-09
YEL073C	CDC23	4.370052506137364e-10
EXG2	PET191	1.980323933231507e-09
SDS24	SHE9	6.680173890339651e-10
EMC5	MNT4	6.249241325660592e-12
SRP40	MVP1	4.349834046240766e-10
ERG9	FAA3	1.998857634409491e-09
RIX1	YNCO0011W	9.867599476545823e-10
CPR7	FET3	4.047120733026672e-10
PEA2	HIT1	1.9638913580097963e-11
RPN3	NCE103	1.1247580410509128e-09
SNZ1	YOR376W-A	5.441420098981546e-09
KAR4	EMP24	6.073536057868819e-10
PDI1	YEL008W	5.221233125508899e-09
MNT2	ZPR1	3.610132622168718e-11
RTC2	POL2	5.549470482259662e-10
GLC7	DNA2	2.057120229593053e-10
AEP1	TRF5	3.0210671083106607e-10
BTT1	RCF2	2.585657602884952e-09
NTC20	HFD1	4.340057112025203e-10
TRM2	NSL1	3.8529553345289126e-11
RSN1	PHO23	1.7922385640139846e-08
GCD6	ASI3	5.631393376626572e-10
YDR341C	VAC8	9.248117593373892e-10
DAS2	MRT4	1.6497881717340435e-13
TIF4632	PRI1	3.6926328252981775e-09
BMH1	IRC5	6.94865314795231e-10
DPH1	ADH1	1.5609596646680599e-09
IPL1	HAL1	2.1538725450661134e-10
ERV1	CIP1	2.72334551835663e-09
DRS2	NRT1	5.093910083578968e-10
IRC5	UME1	1.5322871561709045e-10
COP1	ATR1	1.3495771041695998e-09
MYO1	LYS9	6.683843817160169e-10
RAD28	EMC3	2.4266642741303427e-11
AKL1	DSN1	6.359571780519403e-10
MRPL35	DBP9	4.6105246727331575e-12
ERG3	SEC8	1.0812167001073125e-09
SWI5	YJR128W	1.0867076648871584e-09
MIS1	GLN3	4.1184211795727854e-10
TMA17	HER2	3.7182720436349093e-09
MTF1	NSG2	5.751520808314574e-09
CSM2	COG4	4.439383259136234e-09
MDM10	PTK1	2.808710247878063e-10
NGR1	ESC1	5.861635190429204e-11
IPA1	YPL152W-A	1.8293507254317611e-09
SIZ1	UGA1	7.073452938142915e-09
YBR259W	FAA3	4.402653543824462e-11
GRX1	ENT3	5.03435533724682e-11
MRPL11	YOR283W	1.0286897000535275e-10
GAL3	ACE2	7.781619064474764e-11
DMA1	NKP2	1.590173883883944e-11
IGD1	YHL026C	1.804594157627018e-10
GPD1	NKP2	1.4519690729191266e-11
FLR1	YGL007C-A	6.175065345298342e-12
VFA1	UCC1	9.827059104085109e-11
FLO11	KAP95	2.1893460975942364e-10
CPR5	ERG28	1.3698532555984165e-10
GZF3	YNL040W	5.428509791604814e-10
MRX12	FMS1	2.369559230442041e-09
THI74	MTD1	1.074384264894528e-09
BAP3	DRS1	1.249338572063785e-10
MAD1	AIM39	3.8681709412855106e-10
IMP1	COG5	6.281360340243426e-10
MSC3	YNL194C	8.880404201963697e-11
AXL2	PUS1	7.261422828188134e-11
NTE1	BET2	4.76909468780712e-09
GRX6	RPS1B	1.9341354015631902e-10
VRG4	DNM1	1.6085339018014722e-09
USA1	YET2	6.744669284678836e-11
MBA1	RAD61	1.9433131907923318e-10
MDH1	PSK2	8.35940310575165e-11
NSR1	YMR321C	8.718776486916283e-11
RSM18	SNF12	2.8757227571270122e-11
LPL1	DIA2	2.47425700025992e-09
YDL085C-A	MNN5	1.2875622136414893e-10
TVP18	SEC21	2.3195362692042555e-10
VCX1	RHO5	1.8477041899074325e-09
YEL008W	DPB11	8.52106594918999e-10
SPT3	DPB11	5.1002861074652106e-12
NCP1	WHI2	5.3250050280716885e-11
RPB4	TAF11	5.008116684586049e-11
ISW1	TGS1	4.922368524311602e-10
NOP14	PMT3	2.71921112031354e-10
YBR221W-A	PSK2	5.2650959244906044e-11
SEC1	NUF2	1.3662010076085522e-10
SIR3	CAT2	2.2947244199949696e-10
MRH1	KRE1	1.7093582839755549e-09
AHT1	AIM44	1.0785897504285877e-09
CTM1	PLN1	1.3767768184232157e-09
NSE4	AIM45	8.336722021966313e-12
YBL028C	VPS68	9.309243147683593e-12
COX20	DIA1	8.8529413119914e-11
PTR3	HXK1	6.60715491229566e-09
PCS60	NEJ1	3.194122322861688e-10
RAM1	NGL3	7.402202925794355e-10
RPE1	URB2	4.299388951757499e-10
DFG5	AGC1	1.7076060179748766e-10
FLO5	SPG5	5.679287233338805e-11
CLG1	CAB3	4.044329990245774e-11
HAP2	YGR017W	2.1878082157061353e-09
PPH21	LIN1	4.3880609640512424e-10
NUM1	MIH1	8.272605672137292e-10
ACH1	MDM32	3.3740240638696635e-11
MDM10	NNT1	3.682912892321086e-10
SAS3	YAP6	2.5029368372301295e-09
MOB2	SWT21	9.772275605170425e-10
ARC18	TDA1	2.2643172224287523e-09
TPM1	YPR196W	6.62218079903504e-10
UTP18	RPL40B	2.8866068140487145e-10
YJL070C	NNT1	1.7405819178510223e-09
NAT1	CNL1	2.3293935608178644e-10
PSY4	SNF1	1.9980737883948354e-09
MSC2	ATG1	2.6255398482556783e-10
PET9	CHC1	1.4129889559998913e-09
TIP1	EFM5	2.4804702367693432e-11
GTA1	YSF3	5.710854769006322e-10
PRS3	FET3	4.058764414789719e-11
ATG1	YOR186W	8.841779347000312e-11
MBP1	TAX4	4.44522170501849e-11
UBC8	YMR320W	1.029564532703726e-09
POB3	ALG9	7.813680606948e-10
GAL1	HSP78	2.9443365907622983e-09
CHZ1	BUR6	2.12317938966161e-09
LDO45	MIC27	7.869328691417116e-09
ECM15	CWC25	1.9624996256582055e-09
MRPS17	YNCP0008C	5.131403565226772e-11
HSF1	MRP4	1.8625645045681533e-09
SMT1	PRP46	6.915784912995278e-10
MRPL27	YLR257W	6.853721504627041e-10
PAU7	KDX1	1.7137378295819837e-10
YDR109C	SOK2	2.418330560483155e-10
YML122C	CPR8	2.7640649098949093e-10
PDR12	MRI1	1.162546769393809e-09
ATG36	CIR2	6.446061679030177e-09
ICS2	MSK1	5.077511481582766e-09
PEX30	SNN1	4.8315392690094155e-09
PSK2	MED1	1.1415437242299607e-10
BNS1	FKH2	1.1940806587063223e-09
RPS14A	PTC5	6.237795351061017e-10
LDB7	ITT1	1.5407564502573544e-09
APS2	RPS9A	1.691131229768515e-09
SED4	PUT4	1.3926698906521728e-09
ATG32	COQ5	2.6191231363504223e-09
EXG2	CNM67	1.2276700814533122e-09
IXR1	TIM23	1.360089078263499e-09
ARG7	DDR48	9.651863375760439e-10
HHT1	BOI2	1.5198593942613143e-09
HUR1	OPT1	2.5498999198691765e-09
MNR2	MET2	1.4845322694352174e-09
NAS6	NAM7	1.5075246010743749e-09
SRB5	RFC4	1.1594732360211647e-10
SEG2	CCL1	6.473631365549003e-09
GPI19	SUF6	9.661668453476425e-11
FMP33	GPN3	5.243556734343619e-12
PXL1	DAT1	1.7356964591266296e-08
YER121W	YTP1	3.3075265059010227e-09
BIL2	YIL012W	3.973152740398399e-10
PSA1	NAF1	1.8285091905824845e-09
PDR15	FRS2	2.3295006692701953e-09
PET117	LIF1	3.1472933879733493e-10
SSS1	PUB1	8.559790250119843e-10
NDI1	ATO2	1.469182720916844e-10
COQ6	BIT61	1.6127143464714203e-11
SWC4	ATP15	9.370722305701948e-10
FMT1	THI2	1.3573663277574435e-09
DBP8	VPS501	3.65697817130869e-10
PTC2	KTR2	5.256266255807899e-12
AUA1	VPS68	1.7301373237277956e-11
YSA1	ATG15	5.458237197189177e-11
VPH2	PLB1	1.2812058552716482e-09
COX20	TYS1	2.191260420607866e-11
HNT2	MMT2	4.081527708516649e-09
MTR3	END3	1.2901756755891799e-08
DCD1	CWP2	5.056019736893063e-10
ABD1	YKR045C	4.132811447588743e-10
MLP2	PLC1	1.1888146274608067e-09
GPA2	MDM38	2.6281586963111626e-10
PPS1	MTC5	8.948641359091844e-10
PDS5	PET111	1.445191116170047e-10
TAF12	YDR194W-A	5.917035326168836e-10
MSH6	PCL8	2.467079529315045e-11
YBR196C-B	WRS1	4.840306961891162e-09
DOP1	CCA1	1.3023763044948803e-09
MTH1	HOP2	9.391826349350232e-11
ICL1	SKG1	1.9754276983363302e-10
CPS1	HFD1	8.481750912849103e-11
POP2	INO4	2.612850736725909e-09
TPS2	MEI4	9.895241789587962e-10
SDH1	ATG10	2.581802792220749e-11
SWR1	GIN4	4.424627777893985e-10
NPY1	VBA1	7.410680761015595e-12
VPS8	YML122C	2.2252990882754104e-09
YSC83	POP1	2.3069326002201066e-09
MGA2	CAB3	3.3376520837188127e-09
ACT1	PAP2	4.2691997451561456e-11
AHK1	POT1	6.179479522721856e-09
YLR046C	YLR460C	2.878996798909815e-10
ARG4	PTR2	1.5833019412693994e-10
PRO3	OST2	1.5614632440707722e-09
YPP1	COG8	1.4260678753023784e-10
SMT3	YAP1	4.677323398264476e-10
UTP21	NGK1	1.1501494730202082e-10
PRM15	DIS3	9.223853287001985e-09
YBR090C	SIR1	1.6394040923398511e-09
UTR2	ASI1	1.974612792803393e-11
YNCB0002W	PLB3	1.773184405140963e-10
YDL211C	MRK1	3.962776885561034e-10
CYC1	ABF1	2.3803487000141426e-10
COX15	FKS1	9.540339321512187e-11
BUD5	SUB1	4.241988498185509e-10
ICS2	BOP2	3.6460984699287196e-11
ISC1	MSY1	2.9190632379310538e-09
VMA9	YOR012W	3.230091336784514e-10
RPS21B	UTP14	1.1989659176363346e-09
RPL26A	MEK1	8.199736685166006e-11
YJL052C-A	MLO127	1.7366056747159808e-09
PAU7	MPE1	1.703549163829533e-11
TED1	OST3	3.285219579983474e-10
YEL025C	DCR2	7.424657523513757e-10
MIG1	AIM36	4.107864877166416e-11
ASC1	SEC63	1.5113128555891047e-10
ANR2	GRX8	1.4102159977050176e-11
CUE3	PRY3	2.5359638698692795e-09
SLI15	RPS16B	2.0350341731967337e-09
MCR1	HEM15	4.928392175403158e-10
PHO92	VPS34	2.4390700515721576e-09
YOR019W	PTP2	8.374184878053775e-10
YGR039W	PAN1	9.541348191224903e-10
SNQ2	PRS5	2.703422311927997e-10
TES1	MIP1	1.1830134922852554e-08
MBR1	BUB3	2.0655351107269655e-10
SCO1	AST2	3.3352441982208316e-10
ECM8	LIP5	1.0008119520957001e-09
MTC6	SUA7	5.696784514343595e-10
YHL015W-A	ZAP1	3.5591123862675094e-09
PIF1	SKM1	2.5796246688826296e-10
YCR022C	SLY1	6.575852908968438e-09
PEX18	FCF2	2.664825595873828e-10
SPC34	HMI1	2.3029921226780334e-11
RRT2	HXT6	9.962043679988462e-09
TRR1	SPT21	2.037071617345457e-09
PHO86	IDI1	4.990604562044483e-09
NTG1	ERG8	5.775085198067288e-09
TAF1	YKL106C-A	5.174984112128799e-09
RTC6	PHO85	3.78725996149356e-09
IDH2	RGC1	5.982078154112732e-10
SOL4	AUR1	4.4470040684437735e-10
YIR016W	PAM16	1.4154244996928613e-10
SNA2	YPL113C	1.0099290435894104e-09
GEP5	YOR011W-A	1.0247404546165762e-11
MTQ2	NEL1	3.333013479935355e-11
OXP1	TLG2	8.725945329864388e-11
YRB30	RMI1	3.097323251881918e-11
PCK1	PEP5	1.2432004792566846e-09
AIM7	BUD16	3.1680084969998825e-10
CNA1	NDC1	3.888279593729025e-10
QRI1	MAF1	1.067659770316082e-09
YCR051W	CAT2	7.759713972000078e-11
HKR1	YNL195C	1.0102783125871852e-08
YGR050C	TPP1	2.0803587130950992e-09
RDI1	PPR1	2.1385844925887434e-09
NIT3	YOR072W-B	8.148020716883463e-10
GYP5	APL4	1.495774839202973e-10
ECI1	SGT2	1.9987746736773286e-10
RIX1	TFC8	1.7839685118484848e-09
IMD4	BIO5	2.2153547724789146e-10
MTG1	COG5	6.615162064467208e-11
VFA1	CTK3	5.635951318489139e-10
AFG1	ZEO1	9.580804770238605e-11
CIN10	MET4	1.508019403239888e-09
SIZ1	RSN1	8.182444167864686e-10
LDS2	NUP1	9.017364053916788e-12
MTH1	IMO32	1.3999146832301115e-09
YMR242W-A	CNM67	2.5825856140518593e-10
TEF2	THO1	2.11134752898475e-10
PPR1	GYP5	5.033497028038543e-09
INM2	OPT2	2.656321524419634e-09
CCT6	DUS3	2.6914841491837307e-09
GIC2	POM34	1.380536152772083e-10
UBP12	HHO1	5.364459307398964e-11
YPC1	HIR2	2.7607388111823163e-10
YDR274C	PHM8	9.983404746363684e-11
CHM7	PAU23	2.8749088389372685e-11
NUP82	PER33	1.6670717727303569e-09
SSY5	TOP2	2.0807176400332363e-08
SLM4	CAN1	1.2655138862662387e-10
HXT13	MSF1	2.0765718801281924e-09
YBR259W	DAK1	1.5562139763969494e-08
MPH1	YJL047C-A	5.1393636807038034e-12
VEL1	SPR3	5.011693821956932e-10
PTA1	NOP2	6.949379193749394e-10
YSP2	RDL2	2.419833274983854e-09
BRE4	ATP7	4.092572604863469e-10
YBR219C	PML39	2.224426075656326e-09
YSF3	CAR1	1.4738883051234932e-10
PRE3	RTT10	1.707505993249866e-10
SBA1	CEF1	6.993870421303787e-11
GAA1	RIO2	6.972077040727517e-10
PPN1	YDR514C	4.143179852135207e-09
ATM1	RRI2	8.287027603136212e-11
SSO2	SPG5	4.9135825760288576e-11
MNN1	MGM101	7.688713086874761e-10
GPM2	CTR3	2.475440177490275e-09
KEL2	SEC13	1.6941246442079376e-09
AAT1	RPS30A	1.401234357055509e-10
ROT2	NPT1	1.869248756485076e-10
RGI2	NCW1	2.78418724336854e-10
ARP2	BEM2	3.788168301655949e-10
REG2	KAP120	3.792647331061864e-10
CCT8	FAS2	1.0026268453157555e-09
HXT6	RBD2	8.390420149339152e-09
BRE1	CUP2	3.1623041470956846e-11
DSC3	GCR1	4.5181824892375133e-10
KRR1	POC4	1.3592809481542765e-09
GCN1	DFG16	3.071685798160644e-11
GCR2	BSC6	1.7869734821503194e-10
YBL008W-A	CFT1	6.401692974758418e-10
SMC2	LEO1	7.377186209056815e-09
LDB7	SDS3	2.310975560142237e-10
SCW11	YSC83	1.5340852584619642e-10
GAT2	DIG1	2.6483400193903804e-09
THI3	RUP1	4.0032449804368646e-11
YJR098C	YLR342W-A	3.4424303085985755e-10
PDB1	TIP41	9.614647034918503e-10
CSG2	YNL034W	1.2279107396524774e-09
UTP11	NAT4	8.28228866547229e-12
RSC8	YLR460C	1.1029463956624594e-10
TCM62	TCB1	7.844262485625694e-10
NPA3	TIS11	2.5940410486126264e-09
MED2	ARO9	4.664530017032191e-11
TPS2	MRPL7	5.948183602892752e-10
ECM32	DSC3	2.2633532463577722e-09
POL5	YIR021W-A	1.2106657679724146e-09
COS12	SET1	8.013543329362773e-10
CDC7	MEI4	4.6353446870515107e-10
HCA4	STE23	2.6312854792188334e-09
ADY2	TOG1	3.238838073249332e-10
MRX20	MGM101	5.5151491164057515e-09
ALG14	YCR006C	3.687494801025461e-10
NCA3	VPS34	4.740463369536138e-10
DOA4	SFC1	6.906283317644069e-11
HPA3	MRPL4	1.216409695626159e-09
DCD1	SGM1	1.0573387525464763e-10
GIC2	RFU1	9.918047574163786e-12
BSD2	DUO1	5.299835251916545e-11
ECM29	RRP9	1.0898456069810402e-11
SCW4	HAA1	8.995752581766251e-11
ASI3	MHF1	1.7666957644939453e-09
VTA1	RPL18A	1.4873155852427608e-11
SNU56	CSM2	1.3090720810330868e-09
SYP1	AIM24	5.556495316881331e-10
VNX1	REV1	8.222151180007345e-11
FIG2	REH1	9.003559038149643e-11
MIS1	CYB5	7.034030125729505e-10
CPD1	CCW14	3.83748639145756e-09
YBL008W-A	FLX1	6.87225659471976e-12
MSC6	SUT2	8.319066407259654e-09
RLI1	MAS2	7.392023999517167e-10
KEI1	YOR365C	7.709945437523234e-10
IRC8	CDC60	4.072933552909372e-11
SWC7	YMR155W	1.4516906969910383e-09
YDL085C-A	YNR071C	1.3023653951495959e-08
YEL067C	ERV14	5.821834856070651e-10
OSW2	GEP3	3.7027337340100657e-09
ECM32	YSC84	4.368758397591437e-11
YML054C-A	MPC54	4.055423528735584e-10
HFA1	MRS6	2.605330897061816e-09
ACS1	YBR196C-A	4.8910470662313095e-11
ACO2	KRE1	5.060826185935914e-10
ECM1	RAD3	8.545316174747756e-11
NPP1	NRK1	2.4668218481280394e-10
SGA1	YPR147C	3.2540104570055917e-09
RRP4	CFT2	3.775621196500151e-09
GSC2	FOX2	9.021082622059215e-11
THP1	PDH1	1.3627224131738292e-09
YBR225W	YKE4	3.686067654542574e-09
SPR6	ELG1	4.711211280405604e-09
CWC2	PUS1	2.130743114018817e-11
CDC7	TRL1	1.0590971256080329e-10
SWR1	YLR287C	1.384274704664097e-10
YDR524C-B	YOR385W	5.0143299174699e-10
GVP36	SPO20	1.3996951832082685e-09
EAT1	RRI2	3.0156405147672806e-10
AIM24	LHS1	7.355051068230129e-10
ENO2	SKY1	7.588239207805743e-09
YHR022C	YIL102C	2.344355839814946e-10
YMR1	SRX1	2.549493509900399e-11
SNU71	HSH155	4.7498523039716464e-12
STE6	JIP5	3.824490979109875e-09
PET9	STP1	1.2842067301017785e-09
GCV3	YNL193W	7.879645391685381e-10
PMT2	SFT2	1.5845245647766413e-10
PAU5	ECM7	1.1465741834549085e-09
ARP5	AMF1	1.2791259010356205e-09
RPS28B	RPS30B	3.099171756417735e-09
SCM3	TMA17	7.714705605639014e-11
SIF2	YOR186W	1.1507890982479178e-09
YNCD0024C	TIF34	1.0554268052761709e-09
DBP7	GAL2	9.790304391751222e-10
MET1	QCR2	1.711825275882895e-09
MIC19	COQ9	2.035084975856753e-11
PRM9	TRP4	1.359462432215966e-10
SNF7	YMR315W-A	9.188008600937143e-09
YIP5	CIN4	9.19322026963528e-10
SEA4	VSB1	1.5817904326329377e-11
RER2	ATG45	4.82359718905217e-11
BUD13	BET3	8.649066609609849e-10
SLX5	LAS21	1.6184362871963731e-09
YGR122W	GCN5	4.08501562633563e-10
AQY2	VPS27	2.0828029496918806e-10
CNS1	SSM4	1.05227373393069e-09
ERP6	IDP3	3.85003268902959e-10
RFA1	MON1	1.350562964685836e-11
YDR194W-A	SEC72	2.6551918555958036e-11
RGI2	YPL152W-A	2.602666460464461e-11
ATG3	PDR18	4.715321693511397e-11
SEC53	MIP1	4.415275020030677e-10
LYS5	RTT10	1.046330021882574e-11
VTC2	POS5	7.757049958554927e-11
CSM1	APL4	6.588606616896685e-09
SRB8	UTP5	1.6639298069642295e-10
SAC7	KEL1	2.696483787829038e-10
FYV8	PXA1	2.1094409455092694e-10
YIL089W	WHI2	4.217175723903222e-10
EDS1	ROK1	2.110097583193357e-11
NAM8	VPS17	1.8323460383670857e-10
TAF7	HSP82	1.493777602385577e-10
GCV3	YML020W	3.355361093579677e-10
BSD2	YJR124C	3.356132710411459e-09
VAC14	UBC7	2.103151387089716e-09
DAD4	YIL092W	1.600706452957983e-10
YPT11	PHO80	6.097757541059407e-10
BAS1	SEC12	7.556973888239711e-10
YBR209W	HTZ1	4.4479886733703774e-10
YBR238C	TIF4631	2.89004964885458e-10
GPP1	TUB1	5.682358668786645e-10
MIN3	ADE2	5.220778326102615e-10
NTG1	MNN14	2.8129438302333095e-11
ROG1	GSY2	1.1948489949821941e-09
QRI7	SDH1	6.434556180989009e-11
PRP6	NAN1	2.4870573793959205e-10
RBG2	YML054C-A	1.8928635190247767e-11
UGX2	FYV4	1.314203035440963e-10
DDI1	SNF4	8.172636718798202e-11
MHO1	MNN4	1.2229528555358929e-09
YIH1	DBF4	5.290322859240507e-10
ECM8	YCK2	5.270191860974194e-10
QDR3	SPO20	6.793341602467952e-10
SRP102	SRP54	2.6138710915700174e-10
RRM3	PAN5	8.919569132219725e-09
YDR169C-A	SSU72	1.2764747983788016e-12
YHL041W	MBR1	1.1479975730215072e-09
EMC1	PIR3	3.6650719212905935e-10
YOR1	YOR011W-A	1.4226607506831597e-10
LYS20	VPS4	1.3612582883520502e-09
RSM10	ADH3	5.036893108313249e-09
YMR158C-A	LCL1	1.4030867901866747e-09
COX9	TRP4	3.886117351316159e-09
PTC4	RPS14A	5.339072429362394e-10
PET191	ALT1	1.725888145587372e-12
SRB8	UBA2	7.609044105588636e-11
RRT12	YMR114C	4.092035648628845e-09
YCL042W	PRY1	6.146689401219052e-10
CDC39	SOK2	1.626400104310024e-09
HIS4	MSH6	1.294589462907652e-09
VBA2	YPL247C	2.906601606950213e-10
SMT1	ACE2	1.1799318972733104e-09
NRG1	FKS1	2.159694393178181e-10
PFK1	ATG17	5.035057987915307e-10
AVT5	JIP5	3.31210519339823e-11
DPH5	FSH2	6.877926847254988e-11
RAD33	EGT2	4.04582717749731e-10
VTC5	HSL1	1.3660238021604572e-09
AKL1	MTF1	1.9035372474674787e-11
TRP3	HTZ1	5.794419211829739e-10
CUP2	ATH1	3.0910518988175244e-09
YDR109C	SEC7	4.5955528070729964e-11
UBP13	MRD1	2.2077290815980325e-09
BRE4	NVJ2	3.915997852269259e-09
CDC43	GDE1	1.462699448653862e-10
PHO92	YOL085C	2.6377354645252376e-10
FUR1	PLN1	5.128261231238518e-10
BET5	NAM9	8.316174638118674e-10
VID30	SIP5	1.1916083976703042e-10
GMC1	OSH7	1.4563239737018364e-10
SDS24	RIM1	1.0876097137624998e-09
YDR391C	TMA22	9.109162934869447e-11
SEN15	AEP3	1.7041555704395493e-09
GPT2	RRT8	1.4498162990752434e-09
SPC1	RRP12	3.609458605024213e-09
UTR2	AIM41	3.548827797646707e-10
URA3	TOF1	2.339022805103717e-10
RPC17	YKL070W	2.8720141849600318e-11
MNN11	SSK1	3.3511277627484683e-10
UIP3	MDM12	9.226062449112681e-10
RML2	CMR3	3.814144057699253e-09
BUD3	BIO2	1.178546706812679e-10
YOL097W-A	YPL245W	2.8636091623362647e-09
PDI1	ITT1	6.072711071973998e-10
MRM2	MNR2	1.2906104015782123e-09
YGL082W	MPS2	2.978510726680909e-10
FMP45	CYT2	1.092378541960589e-10
GCN1	NNR1	9.360231025384158e-09
MON2	YPR172W	2.588663322781831e-11
SPE1	MFM1	6.887833495362512e-10
CTK1	PPQ1	6.635577687917138e-10
CHS6	TAF13	1.1825225608707422e-09
YCK3	EMC3	2.801875809536907e-10
YCF1	PEP5	7.058448902335793e-11
TAF5	ALG12	1.7669082967508142e-09
SNC1	TEL2	6.518150086114558e-09
GPC1	RPS0A	1.808730486206117e-10
YGR035W-A	BXI1	4.697907953609813e-10
VMR1	YNL143C	2.181413783176603e-09
FAS1	FMP25	9.201563417133364e-10
YGL034C	REC102	2.731020192006202e-09
NUP60	PDE1	6.121120793157413e-10
YNCB0002W	YLL054C	1.1408904687187134e-09
AIR2	BET3	4.4485969342418194e-10
PHO3	YOR365C	1.8348125130121455e-09
AMD2	YEL067C	5.342484763899082e-10
SWE1	YMR099C	2.4390476344768572e-11
RRT6	HAL1	6.990221398939756e-09
NGR1	OMA1	4.777250483886935e-11
YBR090C	SPC105	3.6967361243524757e-10
ARC1	PRI1	1.0599778540205182e-09
MDJ1	RRP46	3.3885275380963773e-09
YFL015C	OYE2	4.078043396328736e-09
YPF1	PRE10	1.520084890813972e-10
ATG18	YHR022C	7.469028766509708e-10
GAL7	MET13	1.154982388438409e-09
NIC96	ROF1	2.8981490627622935e-11
IPP1	SLU7	3.1075387562931494e-09
LPP1	CDC45	6.456239809947571e-10
REF2	KTI12	1.0150693213815446e-10
SEC9	YJL047C-A	2.363707974638015e-10
SNF6	GAD1	9.409097090188757e-10
PSR2	YLR046C	2.502527632390033e-11
YPT1	RTS2	2.4251727904045203e-11
CSM1	MIH1	2.1499481625132157e-10
PHM6	VMA8	5.711752199974493e-10
GPI17	HOS2	4.8285086199485e-10
NUP49	AFI1	7.802139220926261e-11
RPL22A	KIN2	6.418484822836653e-09
MIR1	JIP5	2.0675980060006603e-10
DIA4	YPT7	2.290530631621601e-09
SWC5	SDD4	7.932600446805731e-11
MDS3	NFI1	2.0058020915420754e-09
YEL008W	FBP26	2.862039622883939e-12
RRM3	URA1	7.318513346363265e-11
RDT1	CST6	1.937246838882503e-10
LSM6	HAL9	1.0522269701956737e-10
ARP5	RQC2	1.2485588690740913e-10
KIN28	EFM5	1.3808214880983737e-11
PTC6	SIP3	2.0772746467866499e-10
RAD3	MHF1	7.786280756603862e-11
MSC3	ATG19	2.1392568576655806e-10
RPL22A	ESF2	8.979456038318924e-11
PFA3	TSR3	4.328706933476219e-12
HIS2	RSM7	3.4881447616426922e-09
SHM2	CYT1	3.717344997788463e-11
NCS2	TIM23	8.435289046548365e-10
CCT2	ADE12	2.5461045117996737e-11
YNCL0044W	YPL034W	3.134748291078716e-10
RIB7	RET3	2.369001152986207e-10
BIL2	MDR1	4.5065715618369136e-11
RAD6	MGL2	1.5194963125151077e-09
PUP2	GCD7	5.5132432827773936e-11
DBF2	NSP1	7.364476255571495e-10
CSF1	VPS71	4.1121341515090426e-09
RRT13	RPL5	1.566492598334761e-11
CDC12	FRS1	2.6341107448215958e-09
MRK1	COT1	6.11617259475566e-10
NDE2	UGO1	3.0552367883539313e-10
TIM17	CIN4	1.9302232918537886e-09
PRY2	TSR3	1.948549176879742e-10
RTA1	RET3	1.9113112455963982e-09
RIM2	PHA2	4.1810402980633266e-10
RMA1	GPM3	5.383736801430857e-10
TSA1	RAD14	5.130320947986439e-10
UBC7	RIM21	8.39419744556338e-10
DRS1	DUS4	9.717254629495756e-08
HAM1	AGA1	3.600742060650735e-11
YIL102C	RRN5	9.704609045050435e-11
REB1	MET10	8.078409228806248e-11
SOL4	MED11	4.5263749160545323e-10
CLB3	NIT1	3.3622841582215984e-10
BUG1	MTD1	7.051769352950182e-11
SNA3	NOP8	2.4759836383890062e-09
SPE2	HEM4	6.416205639809425e-09
PPH21	RNR3	8.56004211405478e-10
OCA6	XKS1	9.937752751156767e-12
ASF2	GCN2	7.42502798443139e-10
TYR1	PXL1	7.470893267991973e-10
SCY1	YTM1	1.6276554844339917e-10
ARO5	KDX1	1.0912204410253116e-09
VMA22	MNN4	1.8497889535120422e-11
AVT7	YJL070C	6.851024501157281e-09
GNP1	STR3	5.516527161606131e-12
SPC97	SSP2	6.486654014997468e-11
PRM9	MEF2	1.4640384506762967e-11
RPL2B	TTI1	3.110683035113096e-10
VPS38	PSY3	2.1570377298675127e-10
AAR2	ELC1	9.445996150856782e-11
NAR1	AIM39	2.8900558770688442e-09
YND1	STT4	4.125578303079615e-09
TFG1	PDX1	3.083525683265671e-10
PRP18	IES2	1.3819148868825875e-10
CPD1	YOL024W	8.588431408816334e-10
RPA43	MCM4	6.184210720459666e-11
SCW10	WSC2	3.0004600647263874e-10
TSR1	YJU3	3.1151365127914064e-10
MIG2	CPR7	9.99228431985653e-11
URA5	YAP1	5.962301076927479e-11
CUL3	YMR084W	5.944042804965398e-10
GYL1	HFI1	4.448819028995875e-09
PHO5	SPC3	4.1956961278773494e-10
EUG1	BTS1	5.2730360455061345e-11
HPT1	GYP6	2.766585123625946e-10
ECM21	YNR065C	7.826870618118459e-11
YPF1	GAP1	2.7699848974622937e-09
YIP1	GIM5	8.05795739860059e-10
ATG33	NDC1	7.963665432914181e-10
CHS6	GAC1	5.880448454262588e-10
DAN4	MCM4	6.154140344399045e-10
CSG2	ATG29	1.1390361364540314e-10
CYC8	URC2	8.573702418525972e-11
GLN3	DPH2	1.65071289103035e-09
BEM4	MSD1	1.5508001274951958e-09
DIP2	YEF3	2.295757264866983e-09
RNA15	IRC20	1.8113145723042956e-09
ATG15	SPP2	2.035617935303203e-09
POX1	NOP56	9.695274702501735e-10
RSM24	MRX7	7.450459525488438e-10
ADD66	YPL150W	3.093993345542118e-10
IRC8	PFK2	2.295316412281919e-11
KCS1	TUB2	2.217316154981763e-09
SAC6	YOR343C	3.3193550967653943e-09
SUS1	CMK1	7.719869686648434e-11
TIP1	MTQ1	2.005223385383955e-11
EDC1	PAN2	3.8020479725305796e-09
SHR3	MMR1	2.9195325002098315e-10
CWH41	PAN1	1.0129601597663952e-09
PFK1	MNN11	7.656466821522748e-11
NHP2	NOB1	6.046340181541831e-10
YCL012C	RNH1	2.635911969636293e-09
THI73	ALG6	2.6894644283356522e-09
ALG3	RPL22B	1.2706043720102834e-09
AAD10	RPN13	2.789037877635497e-09
ICL1	SSP120	2.0017909592060234e-10
MSS116	PDR15	8.733290515441224e-10
TSL1	DDP1	1.0839777651220587e-09
YDL218W	APC1	1.1479791369893466e-10
ALK1	CDC42	1.569862835194399e-09
RAD30	CGR1	3.399725938883543e-09
PRE3	STB4	3.216973261488805e-09
MET6	MRX7	4.4883876485342853e-11
APL1	GLR1	9.381647014346482e-10
RAD6	EAF3	4.4020188656455584e-10
ATR2	RTC1	1.0434706493055528e-09
MNP1	THS1	2.2239117879792405e-10
BUD14	SIT1	7.851151816417431e-10
RSA4	NUP53	3.6530875363137404e-10
YHI9	BUD6	1.5500526981707e-10
LOS1	VPS5	4.261122634694419e-10
YNL040W	RRD2	1.7757364292078636e-09
TDA1	YMR315W-A	4.046327558463085e-09
UMP1	SEN54	1.578843806864127e-09
ATP16	YJL213W	6.711185889671614e-10
IXR1	GTO3	1.517640683530935e-10
MTC1	SSP120	1.6857502378074522e-09
SMC1	YML131W	2.7072750590870897e-09
MET10	INM1	2.899425097617423e-09
PEX9	PPA2	2.2857164307247875e-09
ZRT1	TFS1	1.7400909221650103e-09
ENA1	PRM4	4.331464115503661e-09
ERV15	DCS1	1.7104101914904868e-10
AIM9	OCA5	7.121407207921399e-11
PRK1	SYC1	6.073796296226991e-10
ADY3	KRE9	1.3043342405681037e-10
YGR079W	DOM34	4.361190175259324e-10
TUS1	RPA190	2.5669785604355618e-08
HIM1	SSL1	4.250416376751229e-09
NOP14	RUB1	8.051087846597395e-10
DAN1	RPL18A	1.6272725899028202e-09
PUN1	ROT1	1.980555895496919e-09
SCC4	IPI1	5.836456220293577e-10
PUF4	YOL107W	4.0595057865254764e-11
PYC2	ELP6	1.2958394965867877e-09
NRG2	AIT1	8.005769423815418e-10
APC2	NIP1	2.9940491112891676e-09
YET1	MMS22	8.438084535377734e-12
RRT6	YHC1	4.9659084131784174e-11
TEL1	YSY6	3.1971059986388067e-10
MRPL7	SSZ1	6.875162955737135e-09
ITR1	MCH2	2.307257025440915e-10
PFA3	MET4	9.585834296040693e-11
WHI4	SCW10	7.497127408721815e-10
SNU23	RPS10A	1.6132663822518922e-11
STE20	YMR075C-A	7.25393281138014e-10
HLR1	FOL1	5.779035485046828e-10
BOI2	AGE2	3.008879363238335e-10
RRN6	OTU1	3.6424697776343576e-10
RRP8	MIC19	1.357709468697373e-10
YPS7	FBP26	4.484464555284863e-09
RCK2	SMP3	1.0590811371086966e-09
SCM3	PDA1	1.2744153786354994e-10
YBL081W	SGA1	6.414710628515624e-10
FMP49	LAF1	1.4748053107799403e-09
AIP5	YKR070W	2.311743163503129e-10
MEC1	ART5	1.7967346695503488e-10
SPT4	RGA1	8.256459386271928e-10
RRT2	MGR3	5.0073947114614416e-11
ALT2	GLO4	2.1921464261694642e-10
TPH3	ERF2	8.351616347779171e-10
PCA1	ERG29	2.102438173686265e-09
ATS1	URN1	4.264447028517228e-09
YBR259W	ALT1	4.2373711505211456e-11
MNP1	CPR2	1.0097431061441094e-09
EFM1	SPC3	1.0665420246848245e-10
NHP10	LCL3	3.7668459035137015e-09
YBL029C-A	COG8	4.6589201529258075e-11
ERD2	ECM8	1.2324044783049628e-11
HUR1	RRN3	1.7581926267862732e-10
BUD31	YGR117C	1.9759027269736182e-10
DET1	TMT1	1.7494150776811904e-09
MET8	CCA1	2.493567346290229e-09
YML122C	PSH1	1.737038784387638e-08
TRM82	MCH2	1.313284795957142e-09
ATP2	GRE1	6.582650352032484e-12
YGL194C-A	KAP122	2.6007037072735314e-11
YLR285C-A	ODC2	8.628474870776842e-11
PMT7	UBX2	4.916179399765874e-10
KSS1	YHB1	6.96463564645588e-10
TAF12	RPS21A	8.807300996120858e-11
YFL019C	RSF2	2.503225214171511e-10
MRPL16	YLR345W	3.2893753505052265e-11
SNR56	MNN14	4.180145039605706e-12
GSC2	EST1	2.0576523643024788e-10
CLD1	PRM15	2.0534691083628982e-09
OCA4	NEO1	3.781580962946368e-10
NGR1	NSE1	7.37043616722719e-12
GYP7	DBF2	8.709430479090597e-10
PRY3	ATG17	5.105402738032342e-11
PUL3	GPH1	1.0805672623230791e-08
MSH6	YOR161C-C	4.5281423822646175e-11
TUB2	YPL152W-A	2.214574966387025e-09
YDR034C-A	NMD2	6.300713427534398e-10
TTI2	VPS4	6.856229266360029e-13
TSA2	YLR225C	4.5981287417853445e-10
SEC4	LST4	3.789245356287348e-11
MIR1	CPT1	1.0215599181086664e-09
BRE4	LTV1	1.1639558459489057e-11
PEP1	CIT3	2.0658002306584783e-10
RRN5	MIN3	2.631096861440159e-09
MIC26	RIB2	1.1366908894675725e-09
VPS68	EAF3	9.266155911647464e-11
SAS3	SPG1	1.4656480613686508e-09
YBR013C	PAL1	7.356626069994694e-10
CWC22	CCT8	2.928451664945782e-10
NEM1	ERG6	2.963031390172952e-10
HSP30	CDC48	2.9601814981980414e-11
PSP1	SND2	4.963923301559322e-10
TRK1	HOL1	1.5986962819135008e-09
YAT2	SGF73	4.86134167825545e-09
YGL041C-B	RPL10	2.0270767561040532e-11
EXO5	ECM34	8.504106227171122e-11
DPI35	SUE1	1.3469252420546439e-10
SDC1	EMC3	4.094828598734021e-09
MMF1	MOG1	1.8296101278043113e-11
FZO1	SFM1	5.545455074479628e-11
LAA1	GAB1	1.25205548077759e-10
FAT1	YGR204C-A	4.975603793840519e-12
YKL183C-A	STB6	1.2978628103287292e-09
CWH41	STE20	2.52923455181476e-10
YCL048W-A	THI72	2.7546816337817075e-09
BTN2	BCD1	1.6262664907507735e-10
USB1	STI1	2.8353826764621764e-10
FZF1	YMR1	8.192417979688194e-11
FUN14	SPC24	3.541968695937772e-09
FUB1	YNL033W	9.109423267913307e-12
NHP2	CUP2	1.663630773774811e-10
YBR292C	YDR541C	5.434202591797124e-10
KEI1	RNA15	1.810802603623217e-10
YRB1	YFL019C	8.465305114239151e-10
TIM18	SRP54	5.0260162797760125e-17
YGL041C-B	CAB4	2.787443917691702e-09
PPH21	COQ3	1.2434896974295145e-09
YOX1	TRF5	4.940854579650465e-11
YER138W-A	YJR012C	4.6468962275874516e-11
RMD9	SPO13	5.152683132472572e-10
SAD1	SUR7	9.057910153647816e-11
DDE1	LAS21	1.1786892801543102e-09
YIR021W-A	RPL21B	7.464026419370428e-10
HSF1	DDR48	5.417442684511285e-10
COX5B	YSF3	1.4724697662010494e-10
YFH1	HBS1	1.0408729984321564e-09
SUL2	CDC25	1.6310111415716693e-11
GRX4	FOL1	1.9336084756993088e-10
MFT1	MYO5	1.1474588150219408e-09
ARP9	SKM1	2.113085252897263e-08
HIS1	KRE33	1.4937435256370469e-09
RER2	ACE2	1.8285929242941872e-10
UBX3	PSP2	6.955372621168757e-11
SRS2	MRD1	9.166138681040038e-12
ZRG8	MED4	1.4281798614644906e-10
SPB4	RPA190	1.2130215537996886e-09
YHR140W	CLF1	8.970319064360624e-10
MHP1	AAD14	2.6420230866847315e-09
CFD1	UBP8	3.3011096491266618e-09
XYL2	FMP40	1.0983835912593306e-10
RPL35A	MEP2	1.5947864015681456e-09
SEC20	TPK3	3.1039046661103733e-10
CEG1	MET2	6.185705334073569e-10
CAJ1	HOS2	6.225819128564479e-10
MAK16	PTC3	1.0709859318368492e-10
RPL22A	HPF1	4.397412113067103e-10
YLR365W	YNL035C	1.515403561446656e-11
RSO55	GTR1	6.550639826734958e-10
IES3	TAG1	3.0170577507498897e-10
APS3	COG5	6.113658550818436e-10
GGC1	CSR2	4.6693690644760184e-11
SEC66	SFP1	1.4773585482803736e-10
SBE2	YLR179C	1.93334263110665e-09
DSE1	RTC6	9.129390757144081e-11
RPL9A	RIM9	1.2302402601173693e-09
TOM71	HCS1	4.246691435068866e-10
MTQ1	AVO1	1.160982450168439e-09
SGF29	DNM1	3.587117412355517e-11
TOS4	SUR7	1.1199188723602148e-09
SHU1	DAP2	2.048844709770832e-10
MEC1	MRPL22	2.7310381478608996e-10
RPG1	UBP11	5.198355567279847e-10
NPP2	YHR173C	5.050591364702638e-10
URA3	ZRC1	1.0748936339273894e-10
YHR033W	SBE22	2.8653706191612354e-09
SPR6	ALD6	1.1750330111788184e-09
KIP1	SWM1	5.054162596460097e-09
SOK1	CBF5	1.2584161459588148e-09
UBC12	SUT2	1.6373765308521938e-11
NUP84	ALG6	3.093519664597815e-10
MCM6	OGG1	5.529662381324078e-11
COG3	APT1	1.0206809161319257e-10
NAM8	SMC3	5.676658495573431e-10
HPF1	BAG7	7.516476748293834e-11
YLR146W-A	SUT2	7.830527152213883e-10
PET130	MAG2	8.674648670253591e-09
RTK1	SCC2	4.479754312542275e-11
NUP120	HOS3	1.6876760689899607e-09
AVT2	VHS2	2.1014245318147815e-11
CUL3	CDA2	5.7819858574757814e-12
EFB1	BBC1	1.1759791652988471e-09
PDA1	YNL019C	2.488777025825766e-10
GEM1	CDC34	2.7596518497625353e-09
CWC2	SEC65	1.514680364772524e-09
DAT1	CKA2	1.5178282574420091e-09
NUC1	ANY1	7.01902956636009e-11
OTU1	SAD1	9.05527323002131e-12
VRG4	SPC3	5.841605005316456e-11
UGO1	RPL28	1.2187794789713163e-09
RET2	SAL1	1.2845392081705576e-10
CCT6	BSC6	3.9656522702902486e-10
VTI1	DAP1	2.1533358981380767e-09
SEC15	IMO32	1.2633783426929521e-09
CTO1	HNM1	8.619148393452778e-10
COS12	ROK1	6.260929390336503e-10
LIN1	SFP1	1.1427278824040622e-09
NVJ3	YPK2	5.787666881034259e-09
SNA4	BUR6	2.6882498255560817e-11
SYO1	YJL163C	1.1125601883914374e-09
TRR1	SUL2	1.612050078286095e-10
SOL2	YRB2	4.578794428913227e-10
YBR090C	SMY1	1.5245035663816056e-10
GND2	HAL1	8.308281100034701e-10
TDA7	PHO23	6.246973224646501e-10
RTG3	AFR1	6.733590916940662e-10
ELO2	POT1	6.585186153163136e-12
SEN34	MET12	6.759430648977684e-10
YBR196C-A	CDC34	2.833934884921892e-10
YGR017W	AKR2	1.7913821488666855e-10
SEN34	BUD20	9.189550706788937e-10
SUC2	ERP4	2.8975087981276906e-10
JJJ1	TOP2	3.301250650511038e-08
YPK1	YPT7	7.622350268746869e-10
MYO3	ADE16	1.0357744047237993e-09
BFA1	YKL069W	5.924956965111564e-10
ECM29	PCK1	1.2366382338217932e-09
CHA4	MRPL15	1.0402693390939555e-10
DCC1	MRS4	1.7466178584653223e-10
VPS41	DPH2	2.2258718024173336e-09
FUN12	COX7	5.053322545019961e-09
GRH1	YLR342W-A	2.460060040023359e-10
MUM2	YPR196W	8.744921857076549e-10
RQC1	YOR111W	6.034522018728099e-10
NCP1	GVP36	4.1403795611537053e-10
NOC3	YMR209C	5.694868744122589e-09
YNL208W	SIL1	5.838000200220654e-10
SIP2	ECM7	1.31890826615437e-09
FUN12	STE24	1.6214286579890814e-09
RRN10	TGL4	6.043137226167876e-10
SLX1	YJR146W	1.572989216440518e-09
BRF1	GAT2	8.474192263262302e-11
NMA1	YAF9	1.316352937152255e-09
KIN28	MCO12	2.1124946145550948e-10
UBX2	SLZ1	1.7829748319483153e-09
STN1	YLR179C	8.025228684765481e-10
FLC3	FAR1	8.13581331478122e-10
CIN8	ERP4	1.7938465270034066e-10
MCH4	NAN1	1.7494181707470578e-10
ALG1	SHE9	3.8308874257861333e-10
NPC2	MSO1	2.5009033208431587e-09
SCP160	YOR296W	3.870568951066043e-09
YER175W-A	RPL18B	7.794212752184453e-11
VHS1	AIM36	8.279273036717971e-10
CPT1	RET1	4.905376230415433e-10
APM2	LEU5	2.5116811562592095e-10
SEC53	MTL1	1.5825439973749395e-09
RPN4	PEX7	5.726046362015278e-10
YBR085C-A	CSM3	8.968331361148846e-11
SSA4	PGU1	1.1475552921650185e-08
CAP2	SEC10	1.7197562555537344e-09
SPT6	DSE2	1.1869952519464425e-10
MSN5	YNL195C	9.802695466112195e-10
PAC11	SPP2	6.714826390988021e-10
YDL009C	YNCN0015W	1.740200114850223e-10
PTI1	MRPL38	1.5028047593069642e-09
BRO1	AOS1	7.437722280245461e-10
FUB1	YKL068W-A	2.398732600568033e-11
SMC4	CKI1	4.1935020106934215e-09
AVO2	MMT2	1.1074071775590759e-09
GTO1	YAP1802	1.5146065489564412e-10
VHS1	RTT107	1.768752925485728e-10
PRM7	GON7	2.9031686920484518e-09
GPD1	VPS64	2.7427866524678195e-10
CWP2	YPR084W	1.2581694620594627e-09
MET32	CHC1	3.4606925471663033e-09
YLL006W-A	YPL113C	3.8740401840040016e-08
SAC7	RAD26	6.913120280936954e-10
CFT2	YTA6	9.225521173061128e-12
SPC72	MHO1	6.102880306207177e-09
TAF2	MAK3	9.787375559966016e-11
IME4	PUP1	1.3764964303028266e-10
MSC3	CYB2	5.774100391144546e-11
FIP1	RRT7	3.6132462556546545e-10
ARH1	YOR011W-A	2.125622169361244e-09
HOS1	OPT2	8.017298657134706e-10
ENT5	TPO2	5.369956491202429e-10
PKC1	YLR287C	4.902594002938599e-10
PRC1	FYV12	4.20632091959936e-10
PAU2	PTK2	2.576676239653479e-09
RRP46	MCO6	8.867930309186024e-10
COA6	YNR065C	1.8225406692869733e-09
URA3	HPA2	1.184374639223236e-08
UTR4	YIL001W	2.387477512510432e-10
CKS1	SGV1	1.7912813022946414e-10
CCT8	YJR096W	1.7887603668172923e-11
YNCD0024C	CDC33	6.93752381945956e-10
FYV10	MSD1	1.6796811123352631e-09
ERG25	FMP41	3.100107563495992e-11
PFD1	ARE2	1.0862496485138393e-10
SAT4	EMP70	3.5779200263447707e-09
FIR1	TPK3	5.3899347199222425e-11
SNU71	PEX35	7.467763359582515e-10
YCL075W	HIS2	1.6572389373783673e-09
YLR257W	MSK1	1.893127401729942e-09
PUP3	SET4	9.491718800525448e-10
GAL7	YOR289W	7.047683139402582e-11
DGR2	VPS63	1.0932564274352372e-09
ORC1	SQS1	3.5498180205909067e-10
MCO12	NDL1	3.6112282805670604e-09
ARF1	SSP120	1.364066902626513e-12
URM1	TCB1	5.114577065973489e-10
FLC3	YIL012W	1.3208217987178332e-10
YCS4	SNF2	1.1547563084365034e-08
TGL2	PPM1	1.1788822167658031e-09
RSF2	MRX11	6.482146087378743e-09
SPS22	LOG1	4.011093826551528e-09
YER134C	YMR262W	4.5178923154724726e-10
PSP1	YPL071C	1.9701065531612413e-10
FOL3	FAR11	1.7558528966048032e-09
TCA17	MNN11	1.1600693771243092e-10
TFG2	PDC6	2.5739212737567475e-11
SRO77	ITC1	7.062266944968542e-11
GTT2	YDC1	9.578421010526092e-11
GRX3	PXP1	1.2018946975197555e-11
SRL2	YML020W	9.395222118912412e-11
HBN1	BMH1	7.677342313945456e-11
HEM13	NAP1	5.239402347099344e-10
MET10	ADE12	1.0800692862932427e-09
PCA1	MSW1	5.8221742095829875e-09
KTI12	MDM38	2.3102129291327136e-09
MIH1	YPR096C	2.8171500757778392e-09
YEL008W	DCR2	3.7384367121325247e-10
CCZ1	MIP6	5.867646071091823e-10
NSE3	APM2	4.280074964746797e-10
YHC1	MTQ1	5.763873011043684e-12
YJL070C	THI22	6.6872857703767555e-09
CAF16	LAM6	6.428124017957268e-11
CDC7	AAD14	5.991982200117226e-10
YIL082W-A	RKM5	1.0939776293975037e-09
COX17	TIF34	1.0063403139164713e-09
ILS1	BFR2	2.000139421104658e-09
SNU23	YAP6	2.0413445994683028e-11
MRPL35	OCA2	3.521102880808764e-09
CLC1	ATP19	2.3544850413760907e-09
YBR032W	TIF6	2.2388202535600357e-11
HOS3	PEX25	2.870637904129449e-10
PRK1	PGA1	1.984657053392151e-09
MRH1	NVJ2	2.1132907697094278e-09
KEG1	DPH5	9.025624174689652e-10
IMP2	CYB5	2.0446814784623015e-08
CCT7	SPO19	1.4377813035068582e-08
PPH3	GGA1	1.6237137645530653e-11
SED4	MGM101	6.142967511043542e-09
KAP114	MPC54	2.3719610655244427e-09
NTH2	ELO3	4.585868789265449e-12
YCS4	FRE3	2.516988706582511e-09
RGS2	DDP1	5.230500563911533e-10
IMG2	MTQ1	8.812728362646104e-10
TSR3	SNF8	6.31425217942662e-10
PAL1	IES4	9.21042761367018e-09
MSW1	PDR1	3.2325300832622156e-11
OSW7	TIF3	3.0136106866498787e-09
SYN8	RPL29	2.212109275275405e-09
MSS11	YOR365C	2.7813882714749784e-09
SWR1	VPS55	3.580804313665326e-09
UMP1	RPB7	2.719567338399298e-10
PIB2	GLR1	3.267867097514955e-11
BSC1	TMN3	5.71333230214155e-09
WSS1	PCL8	7.449058145717117e-10
IRA1	THI3	7.012535408810644e-10
TRR1	YNCO0002W	1.2094250977744598e-11
GZF3	FPS1	6.405718644171818e-10
RPO41	SEC63	6.698482530519151e-12
FLO9	NTE1	2.797658225312408e-10
BCD1	TRL1	4.5911708585541725e-10
SWC5	TIR2	6.529408707000453e-11
FMP33	ELG1	6.777997253513811e-11
API2	FDO1	7.098350043814019e-11
YIP3	UBP16	3.9611955284929676e-10
GEA1	CYC2	3.243541678894708e-09
HEL1	FYV12	3.3417606472974653e-09
PRP18	NBA1	4.304477928842886e-09
YBR219C	IPT1	1.4018337926026638e-10
RPB5	ERV29	1.038739043283048e-09
PAU10	SPT16	1.1638324368859078e-09
MUP1	PHS1	2.690525615048187e-09
SDC1	MRS2	2.383148641843547e-09
COX18	MRL1	7.629348845783402e-09
RGI2	MTD1	4.391985426385601e-11
URH1	ITT1	7.687898064018637e-12
UGX2	RRG7	5.298151055458283e-11
APE4	MTG2	1.0409334350646249e-09
RPS26B	PDC5	4.053524415750618e-10
TMA10	YMR247W-A	3.4848063880350795e-11
RAM1	KIC1	8.167437054141409e-11
PRB1	AMD1	4.784389081069519e-11
RPT6	MTR10	2.523026553997493e-10
ACK1	CSM2	8.049746821780179e-10
RAD54	PDC1	1.8281467137363514e-09
CRT10	HRR25	2.1934841455953255e-09
YER137C	UFO1	8.754284883076888e-10
FMP49	NTA1	2.186442166321878e-09
CDC45	IMP2	1.6210120267509935e-11
AKL1	PIH1	3.294058731524094e-10
SCM3	STH1	1.6394308660098178e-10
YPQ2	RIO1	9.52909523172349e-11
UPS3	RPS10A	1.2649021062433248e-11
OCA4	SWC7	5.972502071282777e-11
RTK1	PTK1	5.094775552866506e-09
PIR3	YLL054C	3.80321887987278e-09
SPF1	SGA1	3.3299040200003367e-10
CBP4	BMT5	8.490630938537849e-10
YBL100W-C	AIM7	8.194740430288246e-10
CBF2	CSF1	1.268232496181518e-09
HPR1	ICT1	2.5736821748555496e-11
YNCD0024C	SPB4	1.564815250808063e-10
TAD2	SGO1	6.288871718143044e-10
COG5	ARP7	8.243161934579728e-09
ENA1	YOR097C	6.092524957344452e-10
URB1	DBP1	9.625029558736065e-11
BAR1	PDR10	1.0553110236146517e-10
IPT1	RHO3	7.586109323231961e-10
ENP1	LAM5	1.3249879728576035e-08
BNA2	THI7	4.808000962008059e-10
OSW7	LPX2	1.4393690114597603e-11
PFY1	SCD5	1.6134228480818732e-07
ORM2	YNCP0016W	3.025605015345722e-10
YNL190W	ASA1	2.17446065428101e-10
YDR391C	RTT107	1.3298472576091827e-11
RTG3	NTG2	2.086328589318553e-09
LSM6	PIC2	1.2203300328907685e-10
SIT1	ERG27	5.099496665526286e-10
MCM10	ATG29	8.111168474474558e-10
KRR1	IZH3	1.6346846924389931e-09
INM1	YML100W-A	3.118126329174616e-11
VEL1	PPA2	2.391877315498525e-10
YKR032W	SEG1	1.273492455984217e-10
WSC2	ARG8	5.89125409995606e-11
RPN2	MGA2	1.3559801629244145e-09
TRM9	HSP10	2.5788064619881113e-09
YCH1	RTT101	2.667154586098857e-09
SIT4	GYP6	2.1677521842963329e-10
BNA1	SMC6	3.6196877273417684e-11
HNT1	YDL012C	1.6216902366757946e-11
LDB17	YHL026C	1.1265297522726655e-09
FAL1	SPI1	3.061129874191596e-09
YCL012C	RPS6A	4.209089845420076e-09
RPP1A	MND2	2.660617082080995e-09
IDP3	GDS1	3.1652026275583615e-09
TEL1	SUR7	6.476083506581436e-10
PUF6	ADH1	5.902984779619543e-10
IGO1	FPK1	2.0726416391612524e-09
SIL1	ADE2	5.991912907407853e-11
TRR1	VID22	3.993702413535605e-09
PSY4	CDC55	1.812993718996326e-10
SEN34	VPS71	2.879018699152897e-10
SFK1	MDM32	3.845752252587944e-10
YHR007C-A	VPS21	1.36807761485711e-10
KTR4	FPY1	3.624061982952838e-09
DMC1	DBP5	9.57900490983301e-10
WWM1	PEX35	8.139867130494196e-11
ENT1	YEH1	2.102056319409523e-09
HEH2	NGL1	1.6212278940272294e-09
MRPL27	BCH2	4.698056641704737e-11
MFT1	SEC12	1.6300212328436844e-09
SEC53	SEN2	6.315487638307469e-09
RAD9	NRS1	2.1234795643396227e-10
MED6	PRR1	6.736682310027792e-10
TLD1	SPR1	8.578594617706636e-10
SOP4	SET4	4.368006408698515e-11
PIR5	MRP35	8.69473716362365e-10
YGR035C	BAT1	7.577420335037868e-10
ERV46	KIP2	9.450302692744292e-10
SLX9	CMG1	8.234459372827824e-11
CHM7	MIM1	1.5438488091385186e-10
YBR144C	YMR317W	4.187521803242667e-10
GBP2	SUN4	5.850053498526506e-10
SPO7	TRK2	9.745859585434363e-10
CBT1	GSR1	4.043554757472703e-09
CCT7	YKR032W	2.3641067739305504e-09
NTG1	SAC3	2.387767932458266e-09
MTC3	LAC1	6.379335725888456e-10
KAE1	RPL26A	5.530163696193831e-10
SWH1	ILT1	1.9694208434894585e-09
ADI1	YNCN0015W	2.456876252640099e-10
MRK1	RMD9	1.2513176734153896e-09
PRE6	NUP1	9.025952835031417e-11
GLN3	URA4	5.0264065722168564e-11
HXT6	MLF3	5.411795067594452e-09
ERP1	YER053C-A	1.7153984230018988e-10
OKP1	GIC1	5.254496439671148e-10
YLR287C	SIP3	2.7393552272875782e-11
PAM16	BMT6	6.014267739693633e-10
GRC3	SPT5	1.130472183330024e-09
HXK1	DDP1	7.062720410518068e-11
NGG1	FKH1	1.6853797768898184e-11
ADH3	YMR090W	1.2049572945505435e-09
API2	AVT6	6.333382173204851e-09
GMH1	SUB1	2.3355312387294873e-10
MDM10	RPF2	5.365447249831898e-10
NUP42	LSG1	2.1954581528568173e-11
YGL194C-A	YIR018C-A	1.1594616717422473e-09
YPC1	STP1	9.703579672729681e-10
RSO55	WAR1	1.089007479065421e-09
AIM3	YKL183C-A	9.90724174811166e-10
RTT105	PAN2	9.776321777191864e-11
SUC2	YGP1	6.405954032796725e-10
NSE3	WAR1	2.4453870657870986e-10
YNL058C	SLY41	1.3302030233077555e-10
SAC7	SEC12	1.1412418851879335e-09
IPA1	RPL38	5.939694584424459e-10
ECM22	RIB4	5.033929751970396e-11
YDR182W-A	LRS4	5.072977097519828e-11
YBR013C	YDR169C-A	9.004251001170891e-10
BCS1	YER053C-A	1.1340690654408568e-10
MPE1	DSE4	2.553658086692582e-09
MOH1	SCW4	2.167510535276404e-10
YBR292C	SMY1	2.273111515676961e-09
CDC5	MEP3	5.118104928528818e-12
DFP1	ARG80	1.66330278065154e-09
PHO90	INN1	1.4042876774284548e-10
MNT3	TOP2	3.8003024677895305e-09
SNU23	GIS4	8.844815466429909e-10
YPT31	BRL1	1.5419666091218822e-09
NIF3	MET22	5.609312825256261e-10
SMF2	ATG45	1.5032597051094402e-09
SNU56	MDM31	4.134660659111044e-10
YHR033W	GLO1	3.964578357821001e-09
LSG1	ALG9	5.009841437029389e-10
TMA64	CDC33	1.0329533177616494e-10
IRC6	ARO8	1.4167540761493975e-10
MIT1	NOT5	7.171997875288894e-10
GPI11	CIR1	3.4179990650431256e-10
ADA2	VRP1	1.0479753935773581e-11
POP7	RSM25	5.75238052191453e-10
HYP2	HUR1	8.707329492006669e-11
PEP1	RPS18B	2.0237489465060194e-10
PTC1	MF(ALPHA)2	7.507856444128007e-10
MRPL27	MSL5	4.507150256786088e-09
STE23	CKA2	3.062622777150703e-10
AMA1	SNX4	2.3983173196530886e-11
SYF2	APL2	2.514349001892461e-09
TSA1	CBK1	6.1424399705834555e-12
PHO87	BRX1	2.5524500942366374e-10
SNF5	YML020W	2.1624091270120063e-09
UPS3	PEP8	2.5147192860634736e-10
RPL16A	FPS1	4.1810491353943774e-10
ULP2	ECM9	5.823904117136108e-11
SLT2	NUP188	3.191515000683807e-09
GPX2	RPL43B	1.0488064151269935e-11
NTC20	RMD8	1.5489556351076754e-09
ECM1	VBA2	3.386228418050299e-10
YGR026W	YMR1	1.4730653286694225e-09
YIR021W-A	LAP3	1.6240314842789902e-09
AFR1	CKA1	1.6525351180077702e-10
KAP114	ADI1	9.246055086554308e-11
SAE3	NCE103	1.3120258079445777e-08
SRP102	FPS1	2.7193661234179437e-10
SPC19	YJL052C-A	1.5496199019334114e-10
MOH1	CDC34	5.141586158996346e-10
SIP1	MIP1	1.0635199699283559e-08
YKL183C-A	SRP40	6.9656821337411e-10
UBP11	TIP41	6.923731413884031e-11
COX12	RPS7A	2.026517016125315e-10
YHL042W	SER33	3.159878211349033e-09
ECT1	TFC8	2.2471164180188285e-10
MRP10	TAG1	2.9099408760580288e-09
NUM1	CAD1	4.0392767308406155e-09
CFT1	YPR196W	4.843177700709196e-09
RPL21A	YPR014C	2.873226487271863e-11
YGL185C	YIP5	3.434287370835438e-12
DOA4	NUP53	4.357829338260847e-11
CDC36	CAF20	6.068216030484677e-10
PRY1	YKL070W	1.974839132088372e-09
SGF73	PPN2	3.1193823790368126e-09
YER039C-A	RUP1	9.255082293974731e-10
AME1	SHE9	5.702421657478144e-10
NUP49	CAC2	5.256627820287657e-10
KSP1	SFG1	2.943348223657619e-11
PAN3	SUI3	1.6265242768452197e-09
HIF1	ECM5	1.534735254681355e-10
MSW1	RNA14	1.2034785239906124e-09
PTP1	NAF1	1.754422972254189e-10
RAD10	RAT1	1.9038150652483426e-10
FUR4	MDH2	3.1528807905299797e-10
BCK2	MMS1	1.200436953770838e-10
MRP20	UTP25	1.274820984585786e-11
YBR225W	UBP12	3.581292250215425e-11
BPH1	CBC2	1.3267716081699356e-11
RPS26A	STT4	9.146988279678833e-12
ARE2	ADE2	1.5109306611060172e-10
CDC9	PEX15	1.6725561467358248e-11
OXA1	PDS5	5.476584082257786e-11
TAG1	IRA2	6.1419688258959384e-09
ARV1	PCL8	1.749759627544184e-09
POR2	RPS25B	4.822050646299088e-10
RMR1	ATE1	1.508491214748776e-10
GIP4	AST2	7.413751196517807e-09
MRP13	NAN1	1.442948102129475e-09
SWH1	DIB1	1.2938343827377965e-09
YMR242W-A	SPE2	3.1576115243079095e-10
MDH2	YOR062C	6.875941796651988e-10
SPO12	BNA3	7.953984262996028e-10
DAM1	AIM23	1.8701470888610135e-09
AXL2	ALA1	6.166014162975689e-09
HRQ1	YFL040W	9.553604980236438e-11
MCX1	CHO2	7.02585221252925e-11
YHL042W	RUP1	3.5423800985869794e-09
UMP1	SWI3	4.288096047765655e-10
UBC8	YIL054W	3.2231657224364354e-09
GUK1	SIM1	1.681975566270547e-09
APM3	DDE1	4.923526340926795e-10
ECT1	SMP3	1.8116650255044313e-11
AIM2	MET32	2.4805196481324035e-10
URA6	TEN1	1.531065847119543e-08
UBX3	MET5	3.086429526920046e-09
RPS4B	RAX1	3.3673525417264224e-10
CMI8	SKI2	8.995721272364817e-12
SMT1	IML1	2.8242778914165415e-11
SCS22	BUD3	4.549131397002616e-09
ESP1	NAP1	1.487586988860962e-10
YFH7	TED1	1.4408703776200507e-10
HEK2	ANS1	3.5500118232608424e-09
HEM15	SWI1	6.824812448257851e-11
NUM1	TIS11	4.790154272650525e-09
RPL42B	HSH49	2.4388870320528905e-09
PGD1	ASC1	3.40983005715339e-11
RPS23A	MCM22	1.3014238681088166e-10
ALG13	TMA108	7.713181951468336e-10
RPS30A	PHO85	2.5177567410170026e-10
GIP2	TPP1	9.938174402314509e-11
SMI1	MSN2	7.759371083555321e-11
YEL009C-A	THI73	1.0310989364006837e-09
FAL1	RPL42A	1.1965802027926258e-10
MRX20	ALG12	2.145220818052592e-10
CSE1	RIT1	2.1854439102437533e-09
NIC96	EMP24	2.9280988678690277e-11
YNL042W-B	ATG5	2.8960609024331475e-09
CDC26	BAR1	8.76334875279641e-10
YBR012W-A	MRX12	9.289129879312699e-10
VFA1	CMK1	5.903487965466447e-10
MIG2	DBP9	1.2233329579817026e-11
NOP6	HHY1	2.0945794297608246e-10
UFD2	YML6	2.2081577005704838e-09
YSC83	DFG5	9.240909866169166e-12
PDC2	DIC1	1.8579828143868728e-10
LPP1	SKI7	1.6547241359556238e-10
SSA3	SED1	6.684142735714397e-11
NYV1	DPH5	2.933556465903653e-09
HHF1	UPS3	4.761033340702906e-10
MOH1	AME1	1.5818197780953572e-09
ECM11	BCD1	5.787282078390806e-09
ASM4	RPL40A	1.0838506103893301e-10
SIT1	YPR170W-B	5.46299389253991e-10
SEA4	SEC17	3.446488512014999e-09
NUM1	WTM2	4.126674965586075e-09
RXT3	KTI12	1.7702255783319706e-09
SPS2	PUS2	4.044455470304268e-11
PGA2	YPL216W	1.58073627712192e-10
COM2	GAT2	9.683421367110422e-10
YJL027C	RPL17A	2.597081519735766e-10
SPO73	YNL162W-A	4.283286905341832e-10
HIS4	TIM10	1.525170276729377e-09
MLP2	ENV9	2.2430697051527315e-09
MSN5	SRL1	8.532719295779631e-11
YBR013C	ATG12	1.0257319412991164e-09
ALT2	TRE2	2.945534634592813e-11
TRS85	PBS2	1.809639389923705e-10
MSC1	APM4	8.998057100618209e-09
FLC2	YEL073C	5.562927862864083e-11
QDR3	RTS3	1.2619409630339052e-11
UBR1	OST6	1.948542529439326e-09
URA3	RPL37A	1.5734252857038701e-09
MGA2	BCH2	1.6745446198665957e-11
ATF2	TFS1	5.51114301766366e-11
YDR209C	YNL019C	5.412916328519616e-10
SND1	YER187W	7.69276671864329e-12
GIS1	TIF4631	4.847898835251891e-10
RPL2B	OAF3	4.784547821628512e-10
RPC53	YKL162C	1.065212737966499e-10
RNH202	SRP40	5.5957000740426246e-11
DUR12	MRK1	1.052873965455635e-09
SBH2	IGD1	1.4981609185865875e-09
MIN4	TFC7	3.5157607141887827e-10
RPT1	YPR170W-B	3.017069327653566e-09
DUG1	CGI121	2.674600567748702e-10
PRP22	PRY3	8.220038763308592e-10
NRE1	MCO12	5.482268717549299e-10
SWF1	RHO3	9.737053664783443e-10
TEN1	MNT4	6.141089792098909e-11
ATG9	YIL165C	4.64343981745288e-10
PTA1	YEL008W	6.475679733133995e-10
BUD16	JJJ3	1.193375731320423e-10
GTT3	ERF2	3.7787006528779825e-10
CVM1	SKO1	3.382707389697649e-09
GYP7	RAD9	3.4593193319690405e-10
PSP2	VPS28	3.8791606043132654e-11
PAU2	NEO1	4.2031921641702643e-10
YDL009C	YJR124C	2.206038771179572e-09
UBA2	KGD4	1.4353782917969512e-08
ALY1	VTA1	8.243652406453027e-11
GRR1	URK1	5.3237913758621814e-09
YML053C	SRV2	1.4308899426539308e-09
LEU3	YPR195C	1.251309913733737e-09
EMI1	PIR1	2.9268649221556783e-10
YHR022C	ACS2	1.3973914838179185e-10
TAF13	YOR302W	3.069966557171076e-11
MRX15	TUF1	2.809097057858141e-10
YNL011C	ARP8	1.1810211786646484e-09
AFI1	YOR161C-C	9.439380001957014e-10
RTA1	YLR177W	5.081353751127352e-10
ASM4	EGD1	9.029763144999497e-12
DAK1	RTS2	4.166428731750913e-10
ESP1	VPS28	2.8938748560378595e-10
MRP10	TNA1	3.1008498772109e-09
YAL037W	SIR1	5.438107226597346e-11
HAP3	OLE1	7.958668364071719e-10
HSU1	HFI1	7.994536567889912e-10
CMI8	ALG9	1.3016304296754563e-09
PET18	SND1	6.8853809592493996e-09
CCE1	MLP1	7.811175518172906e-11
SPS1	RPA34	3.431034576389005e-11
RPL12A	GSR1	1.7920249763272935e-10
WAR1	MYO2	1.2651128673728036e-08
MSB2	YHL005C	6.4797761253932515e-12
HIS4	TIF4631	5.048767431103331e-09
PEX10	GIN4	1.3237755146037016e-09
CIN8	XDJ1	6.209944302554878e-11
YBR062C	RRN11	1.5379268883521124e-10
SPS22	COX12	2.531019389692738e-09
SWI5	PHO85	6.240141084011417e-11
AIR2	YNL190W	8.49245818298011e-10
YER084W	PRE2	9.941089395961492e-10
PBY1	YEL025C	5.152042626957573e-09
FDC1	TPO1	1.2326778951307425e-10
YDL129W	MIP6	1.6678911066178474e-11
SKT5	CCT4	1.403028994041605e-10
ATR1	YPL152W-A	1.4065712235722706e-09
NTF2	IRC7	8.9670838758464e-09
RBA50	BNI1	1.3689922154970353e-09
MEF2	TGL5	4.285730351628723e-10
MAG2	IST1	2.0353391974653667e-09
SRP21	ERG29	1.2996592388828473e-10
SAS3	MGA2	1.4317991981482365e-10
CBS2	FCY2	1.5755615813243177e-09
CYC8	YCR022C	5.290464256537313e-10
PAU5	YOL131W	3.761420842728467e-09
CDC27	RTT105	1.1079174586498213e-09
YLR296W	CYB2	3.827815205919957e-10
PEP5	GDS1	1.221319703501778e-11
SUF8	RNY1	2.3838820364820925e-10
NUP192	RIB4	1.0971831507490986e-09
HIP1	CYB2	1.08695085382955e-10
THO1	HOS4	8.854745894991896e-10
YDR003W-A	CIN5	1.5918472325183416e-09
GGA1	XDJ1	1.2615394859976903e-09
YGR025W	CHS5	1.2890961348177767e-10
BIK1	RRP46	2.105831178569765e-09
HXK2	VPS63	1.7285595839686995e-11
CRD1	YPL247C	7.860322693591215e-10
SUF6	IPI3	1.183224217764358e-09
RAV1	ARC18	5.045961657213904e-10
SCC4	CLF1	1.293315473263423e-09
PDI1	PAU23	5.000481819713885e-10
MRF1	AIM32	1.1743321666398646e-12
HMO1	RRT14	1.0930983149579865e-11
ARF2	YDR131C	9.831076554780632e-11
TGL1	YCT1	4.2289881808211353e-10
SLM4	ECM29	1.2387752795118174e-09
LCP5	MNT3	2.1074324440405614e-11
GIR2	MCT1	5.364140820384766e-09
CSM1	YGR025W	5.231237126637201e-11
CDC27	MEP3	1.930000281804731e-09
YPT32	CTK2	1.0671168709763269e-10
MNP1	SCD5	2.05810070937977e-09
LYS2	RIM4	6.320364148279742e-10
RXT3	RPL16A	5.372256750282287e-11
MIY2	KES1	2.430539812018081e-11
YBR220C	YIG1	2.9956643397430237e-10
SLX1	YNL115C	3.5742374751467347e-09
HIS7	ANB1	2.2859818805833263e-11
KCS1	RPC17	2.721008707093622e-10
PRM9	RPS21A	3.810420308470648e-10
YIL012W	IMH1	2.8432027044611097e-11
GPI10	BSC5	5.243865805268222e-09
TAH11	IRC20	3.008400559855598e-09
ERD1	HFL1	1.0944497196222172e-09
TGL2	LOT5	5.2355164645685385e-09
STE23	YGK3	2.9395008284610236e-10
RRP1	PPM2	4.369730571986453e-10
FAT1	PRP22	1.7895167650285621e-09
RKM5	AGC1	1.7890034221425052e-09
KAR1	MRA1	3.138456609256116e-11
CDC28	SOP4	2.1582743460179042e-11
PRO3	TMN3	1.7418104785637486e-09
STF1	YMR317W	1.7317050662561407e-10
MLG1	OTO1	1.5874920853100547e-10
HSP31	SPR3	6.00091487237379e-11
LSM4	CTR9	1.4309127659221477e-10
TOS7	IRC23	9.502993290732959e-11
CAB3	MME1	3.5055665877021872e-09
GPI19	AAT1	1.5184462264722978e-10
ATG36	PXL1	1.8454383354359185e-09
SMP1	ADI1	1.2223135115905064e-10
VMR1	CRR1	8.893130998362313e-11
CDC9	RPN14	9.932969214325809e-10
CHZ1	OYE3	1.2171838325701796e-10
TGL2	AGA1	3.7045287369866393e-09
MRPL16	SIT1	2.7379367094063986e-10
COX16	YOR283W	1.8313640020050134e-09
MRP10	BIO4	6.895756473336638e-12
VPS54	TAF9	9.379194213113438e-10
YFL051C	MLO127	5.633692496672651e-10
SPR6	YUR1	5.168501046070208e-09
WHI4	CST6	9.932622790948634e-10
YBT1	RPL21B	3.7412684967843356e-11
GPD1	BCH2	5.49458088716875e-09
YDL199C	ULI1	2.7941886571226957e-10
SUF8	DYN3	2.1903000788892802e-10
ANS1	JJJ1	3.4241660197700428e-09
APA2	MGR3	4.373075628036625e-11
YDR344C	KIP2	1.011279193352632e-08
FZO1	SUN4	2.124255948948025e-09
DAL3	RPL8B	2.758650066747671e-10
YNCL0044W	DUS4	3.183571920712784e-11
MRP20	YMR105W-A	9.28288718865868e-11
EMC6	PSH1	3.2618534999395326e-10
MLO127	MNL2	1.5708120198704379e-09
NUR1	ECM7	2.4069462664373433e-10
MRPL24	INO4	5.70785233336757e-09
MIN7	IKI1	7.00874779196058e-12
NFS1	ARD1	2.074234715371942e-10
DFP1	NSL1	2.736039460677459e-11
MTQ2	SAP1	1.4260953560029718e-10
MNN5	RPL10	8.132401897058555e-10
AIM10	KES1	4.164991523597171e-11
LYS20	BUD6	1.2211448147287744e-11
GPC1	RSA3	2.474154686690922e-10
GCV1	ELP6	4.734476210883294e-09
URB1	SKP2	3.2879809536250124e-10
SUF6	PDR5	1.1655515859836694e-10
CSN9	YNL320W	1.321622858590899e-09
TSR1	YFR035C	6.828854915398193e-10
ARG82	EXG1	7.709033292398865e-10
LIF1	EIS1	1.9086400991626142e-09
EMC3	SPO77	9.844156158228502e-11
EGO2	NPA3	2.9092460236137587e-09
MUD2	MKT1	3.812004665181368e-09
IMO32	YNL195C	2.155300436830586e-10
LYS4	DFG10	1.0984620446657308e-10
TYR1	TRI1	1.4660272466589684e-10
GIP2	DSE3	2.3258136463826479e-10
UTR2	ALP1	8.33407155909544e-10
ACB1	YJR096W	4.237359504181297e-10
SND3	BEM4	3.1692611150318544e-10
MSL5	SKI3	5.409183989762293e-10
THR4	BAS1	1.8188889603743036e-09
MVP1	SQS1	1.5821144079146313e-10
SPS22	ACB1	2.0608132673890466e-11
RPL4A	VMA7	4.9343591413284035e-09
MET18	OGG1	1.2976031253558125e-10
NIC96	YHR078W	1.9584136646057775e-09
ASM4	YEL073C	2.2977564458972094e-11
PRR2	RSM25	3.1122177843199916e-11
NSE4	ARC18	4.925428252399926e-10
MDV1	PFK2	5.903527502843916e-09
UFO1	LPL1	3.9394498193879027e-10
MTE1	REC104	1.4917683467979528e-09
APA1	RMR1	3.537964508452973e-09
TRP1	ERG6	2.2069689974832707e-11
SPT10	VMA5	9.496615035420625e-10
DDI1	USE1	1.201887062065728e-09
CCE1	GIM5	5.985320708344727e-09
SPS19	FPR1	9.947760078558283e-09
GLE2	NFI1	2.2445606366295284e-09
GAP1	UBX4	1.1109933893976857e-09
BNA5	RPL33A	5.5562894617751425e-09
YNCB0002W	NSL1	3.6967093756450997e-10
USE1	MEP3	4.381849204055899e-12
ARF2	MFM1	6.406339172100409e-11
RML2	STR2	8.769338232109433e-10
ECM13	RPA12	1.1480665140916233e-10
FAA2	FCP1	6.990556510533188e-10
TIM9	YNR061C	1.2806990785225615e-09
YDR222W	RPA12	3.9580913149634375e-09
KOG1	NAM2	2.886163118848461e-09
SNC1	MCO10	1.8410834874917966e-11
XRS2	YMR196W	4.0820692601634186e-11
RTP1	MFM1	2.4973882783094065e-10
SPP381	UBC5	1.1825725448151634e-09
YPT32	DBF2	8.688759608270415e-11
YML083C	YTM1	8.570547772528777e-11
BUR6	GDB1	3.773976425585038e-11
SPT4	XDJ1	1.7709056993296113e-10
TFG2	SPT23	2.42632293221852e-11
MPT5	GCR1	3.401423388182191e-11
FUI1	UBR2	2.5572908256429144e-09
YBL029W	SDH2	6.97198935957161e-11
NET1	BET4	6.209239083537054e-11
TRR1	PPM2	9.521414486374292e-12
RKR1	BIO3	1.925846736211032e-09
VPS36	LEU3	1.393183266959409e-09
YPT52	YKR018C	2.1832382449735332e-10
RCF1	WTM2	1.3674671320281466e-09
MRPL31	WHI2	1.0535008604708348e-09
MFB1	DEG1	7.157045111151577e-10
MRPL39	PRM15	5.655474396752495e-10
GCN20	IES3	2.3153438263578594e-11
RPA190	RPC40	1.3067082717237194e-09
NSA2	DFR1	2.557939071018694e-10
USB1	SEN15	2.2064433972190467e-10
FLO11	SDD2	2.7660293795720713e-09
SNF11	CFD1	1.4280626195392216e-10
NAT1	YDR124W	1.426128893674308e-09
RPL19B	CDC7	2.7719804209368464e-10
KIN1	TUS1	1.188407781483772e-09
SOL1	HNT3	1.291878059274744e-10
SED1	GID8	2.6477341976223083e-11
ALR1	YPL034W	3.602079628525799e-10
TEF2	CDC6	4.214844162435683e-11
YGR025W	DUS1	2.197690707406245e-09
NAT2	RNH1	4.4195907348574045e-09
YLR122C	PDR10	1.9455221700616958e-08
PRP42	ITC1	3.728773974361991e-09
SBE2	TOF1	3.4515436000399336e-09
VPS1	PEX6	8.768481171676289e-10
COQ11	SEC39	3.7870785605448647e-10
KIN3	SPC3	5.780092827520355e-11
CHO2	HMI1	1.3789107891458024e-09
RPL40A	AIM21	2.758558426302657e-09
SKN7	YJL027C	7.49233179420509e-11
OTU2	NBP1	3.8883894291292226e-11
MAK16	YLR456W	1.6927863279753041e-09
RIB1	TEF2	1.420777864473759e-10
YBR062C	KRE29	1.8196907125049682e-10
PER33	SGT2	3.6798281217615167e-09
OPI3	VPS4	8.882091027527947e-11
SEC53	LTV1	4.619811764755492e-10
AIM34	DBP1	7.256816811244652e-10
ETP1	YOR376W-A	3.2849658602090164e-09
RAD54	NDL1	5.216643302889919e-11
APM3	SEC22	4.421743125750276e-11
GLO1	VPS28	6.184774321247407e-10
RPB7	CDD1	1.157253803451644e-09
LPD1	TAL1	7.1800582786924e-10
YJR079W	HTZ1	3.149182919818568e-10
SBH1	SDD2	3.556230388001094e-09
RAD55	PET54	1.7724809094026941e-09
ARH1	SMF1	1.3632842366761033e-09
RNH202	YTA6	6.822694411922944e-10
DNA2	HSP60	1.0777841039807069e-09
TSC11	YOR343C	4.632818359224126e-10
RPT6	JHD2	5.529266325353339e-09
KCS1	MLG1	4.6683687327072187e-11
MUM2	SDD2	6.554535322261984e-09
ATG8	SYT1	1.1189053718860281e-09
PFF1	EDC2	1.2278848703743117e-09
STF1	SRL1	7.884052347746951e-10
RRN5	NAN1	3.4065562236791054e-09
PRP6	SNX41	5.761869460444214e-09
YKR070W	MRE11	1.0349729919313442e-09
COG1	OCA5	1.774090731868819e-10
SYF2	SPT10	4.80774761845141e-09
LYS5	NFI1	2.8291194074515678e-11
YSC83	IOC2	1.7468398162893034e-10
SNF5	CDC23	4.281039137202912e-09
PMT5	SDS3	3.2731939040119194e-10
EDS1	SDD1	2.821700815215599e-10
TRM1	MNN9	5.817356132043621e-10
YDR194W-A	GPI12	1.3156013221464164e-09
GPI8	MRI1	4.3827543235020836e-09
SAC3	YEL073C	1.4495302028547494e-08
OYE2	YIL012W	3.28317608857536e-09
SNQ2	IRC5	1.8541463411738008e-09
BPL1	URK1	1.1434287837544301e-09
LEU1	UBP11	3.3665516712247363e-09
TVP23	RCK2	3.177579597538977e-09
FUR4	BDP1	4.909801082072381e-10
YDL177C	FPR4	3.6961738635107095e-10
ATG9	SAL1	1.8545684767218133e-09
SEC9	AIM33	1.499395702616702e-09
HUL4	RGR1	1.980942899898279e-10
LSM4	CLN1	2.6364143719065097e-09
SMC2	PRM10	1.157079973149882e-09
BNA4	ROG3	4.556327351345456e-09
IML3	MRX4	1.948125959694952e-09
PEX10	OSI1	8.741522451440418e-10
IXR1	RPC19	1.4090347858411051e-09
RIM20	CSA1	2.3989466066655275e-11
PSK1	SBH1	1.0580352495836761e-08
GRE3	DFG16	2.847313499465853e-12
SWA2	SUT1	4.143690643978367e-10
POL30	MTR10	8.734376143686493e-10
YBR032W	TOP1	1.1341762496417399e-10
CHZ1	MAM3	6.04533638698209e-10
VHT1	GPI13	5.209961325777731e-10
SEC26	UPF3	1.535874001598616e-10
RFC5	JEN1	1.1365783387886517e-10
SLF1	VOA1	3.551685054064159e-11
NUR1	ARO10	3.100270696208517e-09
RPL40A	BMT5	9.133336880105215e-11
NUP145	FPR1	1.9160079588059738e-09
YDR003W-A	HCS1	6.491146693170228e-12
INO1	MYO2	2.082833993973385e-09
TRF5	ZNG1	6.550826504832765e-11
RNA14	AIM39	8.244957680249176e-10
AIM14	YLR326W	2.066707960516296e-10
BST1	VMA22	1.6766674217683224e-09
VPS73	IRR1	1.1234549006094348e-09
ALT2	YLR264C-A	6.734837201552049e-10
RRP12	YME1	9.391563383518163e-10
MYG1	GPI14	5.230882016312129e-10
CWH41	FKH2	3.36080956740064e-08
ARP9	TPP1	6.451804883733226e-11
YML054C-A	CTR1	4.388370368830574e-10
SDP1	TMH11	7.281221984673503e-11
SEC1	PCD1	3.2327572060691853e-09
YGL088W	YML003W	6.637903831259092e-12
DBP7	MEX67	4.6235767202781456e-10
SOL2	REX2	1.1280850055924075e-09
ADK2	YMR187C	4.013191455449657e-10
OPY1	CRT10	1.482231579166217e-09
YNG2	TIF6	1.920907905380192e-10
PIR5	YLR412C-A	2.0481008853388815e-09
YKR018C	TFC7	1.3220576552785797e-10
PHO3	CDC25	1.7997729308599044e-11
MRPL7	RPL2A	7.502540164575623e-09
ATP2	VRL1	2.2434054712136517e-08
VID30	GPT2	1.0210901508395433e-09
RPL41A	YSC83	1.58429954423477e-10
YGR054W	COX12	2.153380968526434e-09
IES6	TRX1	2.385110701664697e-10
UTP4	SSC1	1.243683507113205e-09
SFT2	ACF4	2.099373534566829e-11
CDC27	LOS1	3.1123301245870756e-10
KSS1	ATP11	2.37852010738055e-09
YMR1	REV3	1.8813087086763473e-10
SPG1	ALG5	1.5612537622080868e-09
HMRA2	SKG3	7.008928775479283e-09
AIM21	YPR195C	2.9438895379589267e-09
MSP1	DIA2	4.381820324920503e-12
PDS1	SLX9	5.970347088106131e-10
RPL34B	SSO1	2.527025780152538e-10
FAP7	MSD1	4.700032889860887e-10
COG8	STB2	2.6129430981652975e-11
CDC11	YJR096W	5.056217541049251e-10
TAF6	YGK1	4.4682167939049347e-10
SDH8	ATG3	3.6534677182955293e-10
PRP5	ESF2	9.368583318094504e-10
AVT7	HMG1	5.019774356111946e-11
SRP101	PAL1	5.436378092310692e-11
YFL040W	GUA1	1.956609899689641e-09
PAU16	AQY1	2.0917296261592244e-10
GID11	YPR071W	1.8129394702712094e-10
CWC22	RPS9A	4.551746186513816e-09
GRX7	YIR020C	8.712197013609871e-11
ACH1	ELP3	1.2549690566092865e-10
ATS1	PSE1	4.4773823842182533e-10
PPZ2	SQT1	1.7860811642093992e-10
ICS2	NIT3	2.393332660948373e-10
WHI5	RUP1	4.122912475334473e-10
UMP1	SRP21	2.671365903735814e-11
YBL028C	NOP6	2.8671836859995405e-10
EHD3	ALP1	1.2650994217523532e-09
TAX4	YML131W	3.8027881684422254e-10
YIL086C	LIA1	2.3610999309561837e-10
PHD1	REC102	7.580131156879816e-10
SNA4	YOR385W	7.307746703581488e-09
RAV1	VPS27	5.110250620597003e-11
THI2	SEC22	7.858315356966905e-10
CCT7	TRI1	7.288531341185309e-10
MCM21	PET8	1.3580975285285556e-09
YDR109C	REX2	8.697350251536946e-11
YBR085C-A	MTR3	1.360044896019036e-11
SCS22	RRT2	1.0587879427439028e-08
RUB1	EMI2	2.2403768336976136e-10
IBA57	FET3	1.4867510822438592e-08
RGD2	TIM13	8.756197847105386e-11
GPR1	MPT5	3.863922116638329e-09
SSK1	MPC54	2.854232466878506e-10
LDS1	YCL075W	1.1515123965142254e-09
LDH1	PEX18	3.9162502464440586e-09
HIS7	MSS116	8.977777450409689e-10
CDC9	PEP8	3.52933591516196e-11
RIX1	MNN4	1.0516852339627147e-11
RRT14	AHP1	7.400333889192731e-11
GIN4	FMP32	1.64557912176888e-11
DYN3	HST2	4.225954707527448e-09
ATP5	ARH1	9.686207954337243e-10
VAC8	GRR1	1.2748240130425947e-09
GMC2	CHL1	1.5094175321358584e-10
YSP2	HLJ1	3.558565210864616e-11
DFG16	LPX1	3.2873842842242753e-10
SPO11	CWC27	1.9601169681853626e-09
NOP13	SLM2	3.7541715280835046e-10
ULP2	YJR115W	5.820370068449044e-11
ATF2	ESBP6	4.442662011695356e-09
RCR2	PPX1	9.318284234448047e-10
PMT1	YJL132W	3.3735151307146873e-10
DBP7	VIK1	9.708148522383716e-10
CWH41	SHU1	3.921889541808617e-10
ENT1	RDI1	1.492315686896561e-09
RHB1	SMM1	1.8952518077411535e-11
TOD6	POP6	1.1240836819121025e-10
SPT4	SEC21	8.984538008663263e-09
SIP2	VTA1	2.9029423553754918e-09
MRX16	LAT1	1.449288710411533e-10
COG7	CWP1	8.648899513915447e-11
LPX1	TFB4	1.0204666660872719e-11
RAD26	RPS15	7.462007265972026e-10
YJR015W	MTF1	3.924721906410279e-10
SAH1	RPL18A	6.944801542343174e-12
SAN1	HKR1	4.608128429314169e-09
VAS1	FPS1	1.5546032121560947e-12
SKG3	SCJ1	1.9449678283867147e-09
GEP7	PEX15	2.225740004145349e-11
SIP2	NMA1	1.4438067666721042e-10
DTD1	GPP1	8.43790495177261e-11
RTR1	NTE1	9.24486633928044e-10
VPS53	YPL071C	5.805661593391477e-11
BMH2	GEA2	3.1256411536333436e-10
SAC3	YME2	3.1156611556781e-09
SND1	SPO11	1.2187554919298939e-09
LSM2	ATM1	1.941533223775779e-09
KIP3	GUT2	2.532187740672327e-10
UBC4	YNL195C	5.846075395220463e-10
SKY1	CIM1	7.303811717809425e-11
NIT1	MIC60	3.9413711521956255e-10
RNH202	RPL20B	8.691612298733491e-10
NDE2	SPC34	2.104252422517598e-11
RPS25A	SNR73	2.5808412466412494e-10
BIM1	EXG1	1.1193370578331792e-10
ADI1	PPM2	4.422328245439124e-10
YKL162C	YPQ1	4.9230303044483396e-11
KAR4	MYO5	9.592245915676716e-10
SHQ1	YEH2	4.855834594413309e-10
YPT10	LCB2	2.507356286952192e-11
PUT1	RPS1B	5.218241080154413e-09
PEX14	SSY5	9.84923833056898e-10
GCN1	ORM2	1.6020172461231784e-09
YFH7	FHL1	1.2665139038866483e-09
SER33	OST2	2.1475149249217835e-10
CIT1	YSP3	4.698994945329016e-10
NVJ3	RCH1	9.34532836117614e-10
EFM2	DDE1	2.6992056857925685e-10
REF2	MDR1	8.357272867101946e-11
KAR4	AMD2	1.0624914560911903e-08
MRPS9	RPS6A	3.093071611913559e-11
CBP2	BNR1	3.034635414305128e-10
CDC50	IAH1	1.2125212346146483e-09
RRP1	THS1	3.6379496702606035e-10
QCR9	YLR365W	1.999427936839945e-09
GSY2	YLR264C-A	3.089775469376802e-10
VTC5	CLB1	1.0965183620745005e-09
SSL2	YNR021W	2.25824848765962e-09
YFL040W	SCW11	9.360918327742714e-10
TYW3	MIN9	2.6414641112420323e-10
OPT1	AXL1	5.766428980989862e-10
FUN12	OPT1	9.50130643157056e-10
RAD28	HAP2	4.5243610145557275e-10
DUG3	YOL131W	4.9272750539084054e-11
RGD2	RAD7	7.083461604400086e-11
NOP6	PAB1	1.1328539324214235e-11
SKI8	ZRT3	2.8826105729477127e-10
YEL073C	CUS1	5.0118280690495246e-11
SHP1	PEX17	1.825184763387936e-09
RCN1	UBX2	1.457582207704404e-11
HHT1	IOC3	2.1031449522330977e-10
YDL144C	PPX1	1.2898250368050922e-10
ECM21	LAM5	3.6449557777743827e-10
HEL1	FHL1	1.020931679819147e-09
ADE12	IRC15	1.922183859436866e-08
ACS1	AQR1	2.198878351470435e-10
PIH1	BNI4	6.601146375565153e-10
PCS60	SAS4	3.9899794100859234e-11
APN2	MRX4	2.472274427173952e-09
PMT6	MNN5	3.3860211662717393e-10
GAS4	YNG1	4.122403481792539e-10
BUD16	ADK2	4.916220961213961e-10
NSI1	TFB5	4.9252432576032705e-09
IRC8	CTK1	4.4253422843044305e-09
GAS3	BOP3	9.876196432191675e-10
PAP1	PAC1	2.4494797221698603e-10
RPL42B	SAL1	3.81737328487896e-09
HXT1	PRP19	2.2833101473484064e-10
MOH1	PRM15	2.5624617298370416e-09
IML2	ALY1	1.0140596499966543e-09
YKL162C	CSI2	4.2955315072530236e-10
NOP15	HOB2	2.5701620940611732e-11
UPC2	RRT14	2.6653736871455754e-09
HHF1	TIR4	8.28559400087558e-10
NPP2	VPS36	8.545223677349429e-10
PAU10	DAM1	1.358361494830096e-11
LAS1	FPK1	2.0884233449510993e-10
SIF2	TDA3	8.723845580006807e-11
YMR008C-A	HTC1	2.394732014445931e-10
STT3	DAD2	1.3318367630243852e-09
GPM2	LYS5	1.278107398632059e-10
SEC7	SUL2	3.5246815089213495e-11
RSM25	RPN8	9.984080297198695e-10
RTP1	RTS2	3.056404023039071e-10
CDC4	SOA1	1.1775530518763987e-09
YKL183C-A	PUT3	7.769699340333421e-10
SSP120	PUF2	1.5173153882368967e-08
SEC6	ZDS2	4.944757734197736e-10
STR3	CYR1	2.735123952457662e-09
RPL21A	DIG1	2.030882746037535e-11
NUP100	ERP4	2.3751986008514763e-11
SWR1	ARP9	5.980006997930728e-09
DFG5	MRPL40	4.3114095999189233e-11
NUC1	TFA1	3.7234920783397736e-11
DFP2	SND1	1.4086285037417747e-09
YEL023C	BIO4	1.9074284127022908e-09
PRP22	MRPS18	2.9049232320837803e-11
ELO1	WHI2	7.098576571436453e-11
NSA2	CLN2	2.679867175188202e-10
BIT61	NIS1	1.577957633296125e-10
FUB1	CBP1	6.433678158159414e-10
RIB1	RPA34	6.82483760066161e-11
RPS9B	TAF7	5.563008208932216e-11
TWF1	URM1	1.4907299383062005e-10
YNCD0024C	ASR1	1.7596919215864179e-09
KAR4	AQR1	2.163315860743996e-09
PSK1	MHP1	3.7669656122896595e-10
YKR018C	PLB2	2.014215274556504e-11
CNE1	EFM2	4.810077987300082e-10
GIN4	OSH3	6.206934223434047e-10
CFD1	BYE1	1.6833139623834714e-09
RRP40	VMA11	6.769612835679721e-11
USO1	RSM18	1.0914488271174249e-10
SIT1	QDR2	1.8402260126550484e-10
CDC20	PEX9	5.926982746508252e-12
ATG20	YNCP0008C	5.3843604570815153e-11
VAS1	ATG36	3.579075242259682e-09
CYC8	JJJ1	4.542540162011968e-11
DOG2	GAP1	1.9235456812545764e-09
PWP1	RPS1B	3.1694310127212996e-10
RPS13	EST2	8.266847086461247e-11
YHR173C	APQ13	1.0332287110905082e-10
SUI2	RRP9	1.1722612706681633e-09
FRS2	CSM4	1.7046554098837613e-09
JHD2	SEN15	1.1153730103258003e-08
SPS2	YPL062W	1.8406731179905329e-09
LIF1	VMA22	7.165487060010805e-09
VPS72	NAB6	6.055621130543112e-09
LIF1	CIR2	7.930842370259887e-11
IML2	UBX6	1.4861849210402952e-10
PEX19	LSM1	2.863294155670972e-10
ADH2	MRPL40	2.6808891494003905e-10
ZRT1	VPH1	2.4213685496935157e-10
FMP25	AVO2	3.664760545964969e-11
HEM13	SLF1	3.6307031659184197e-09
YMR114C	CDC21	1.3571390316028268e-09
PET191	MDH2	3.5922050638412453e-10
CCP1	CUS2	5.612627834380861e-11
DID2	TAF11	2.8464945120848257e-10
TDA9	BXI1	1.6786524470009938e-09
YLR415C	UBP15	6.989598119655432e-09
RDH54	RPL36B	4.75578540212525e-10
CNM1	BET5	8.008709205309592e-10
PRP9	CAB1	3.379815545649766e-09
MRP4	PSF2	1.2558717899760873e-09
YOL057W	MRX11	1.5909253221431615e-09
RVS167	IES3	6.462827244885868e-10
PUS7	RTC6	6.9138145416642755e-09
PBN1	FMP33	2.4682842370455046e-10
VPS74	RED1	5.5646955647363296e-09
SPO7	LUG1	4.1691079977201054e-09
DIA1	TOP1	2.03806514545147e-09
EMC1	HER2	5.477497619261796e-09
YCL042W	THI3	8.386352620434345e-10
HOM2	KGD1	5.626496699864844e-11
PIR1	ISR1	3.69091219694266e-10
TGL2	SWE1	9.67728858071892e-10
EAF7	MRN1	2.6588746431924453e-08
BPH1	LOT5	1.7394617041942204e-10
MCM21	ULA1	2.3679527804036946e-09
PRD1	HST1	3.8869670606966573e-10
VIR1	TOS7	9.517411042848483e-10
RPL12A	GRE1	2.1538839010365132e-10
PUF6	SNF12	2.5431215843264307e-09
CAJ1	GTO1	1.1111865641519942e-10
ALY2	MHO1	3.730409234099562e-09
EFB1	POL1	6.705018809361571e-09
MRPL7	KXD1	4.336924555912518e-09
FLO9	YPD1	3.6909053191937123e-10
RAD34	EDC2	1.7497740500684586e-09
CDC34	YOR012W	3.871567569474741e-09
DST1	ERC1	7.293159451456416e-10
DPB4	POP1	1.2942212223694447e-10
RPS11B	ZEO1	1.256995491275349e-10
IRC20	DPI35	4.132647073231205e-09
LSB5	DAD4	9.712764134143766e-09
BCK1	YLR365W	1.9424380195690603e-11
RMR1	DMA2	1.567573751390017e-09
MTM1	HEM4	1.3662282770872222e-10
PRP8	VBA1	1.4999341982133845e-10
YDR338C	FMS1	8.021777777688938e-09
GAL10	SPF1	1.2196796053254573e-10
PAU10	ANK1	6.836079887340806e-10
LAM5	AIM17	5.313623210429671e-09
APM4	HEM4	4.4865814748142e-09
YGL082W	SLZ1	2.626476439647066e-10
YJL193W	PGA2	1.1801424356389229e-11
TFB5	PHO90	2.2885538502798095e-10
ASI3	ARP7	8.633231970731962e-09
YIL082W-A	COX17	2.249559409814408e-09
ATG26	SYM1	4.283350521500637e-11
NBP2	PEX6	1.129516691096852e-09
CTK3	CAT2	2.578454974140448e-09
SLM4	UBC8	1.7383451843122566e-10
YIL001W	PET111	6.251127123733441e-09
PRO1	OXR1	9.58534484385944e-10
ALG3	YLR236C	5.985553041778042e-11
UTP18	ISM1	7.205625024602139e-11
AGP2	CIN4	1.5572295188185615e-10
MIN7	GAP1	8.661637002055827e-11
SPS1	PCL1	1.018294999435542e-09
ARC15	ZDS1	1.2534811151803266e-09
SRO77	AIM10	1.8192954979964638e-09
GPT2	HPF1	2.436762700819096e-10
MSB2	YOL131W	4.8307644749467074e-11
PUT3	YOR062C	1.2396278112702996e-11
ERF2	GSH2	1.9753017133448756e-09
YIH1	IES1	1.1165445827345471e-11
SRB4	YKR015C	1.3745916356761894e-09
GFA1	SRP72	5.638541540220019e-10
RBA50	YKU70	3.093923088760267e-11
DFG10	DLS1	5.611201489149322e-12
WHI4	MCM5	1.4884098075055498e-11
SRL2	DMA2	9.206291988138849e-10
CDC26	SLA2	6.913212719419742e-11
SDD3	BRO1	6.529350107079082e-10
LAM1	CYT1	6.622138155405845e-10
STE14	XPT1	1.8738212799438758e-09
YPL038W-A	ARP7	2.739867792488503e-10
SPT23	AEP3	4.20082955673792e-10
BRE4	ADE13	5.989971265436702e-10
RFC5	PDB1	1.9775260045156283e-11
AIM11	SMI1	1.2586526403021668e-11
TPI1	KGD2	1.6973264344970236e-09
YNL194C	YNR061C	2.858427326994866e-10
DIE2	EFM3	4.0450698023162e-10
DOP1	PXR1	6.126073777313828e-10
GNA1	TAG1	4.261878054804048e-10
ERS1	TUB1	2.2404118884441138e-10
RRT12	PAN5	6.737953244480428e-10
CDC28	PRP42	2.1772190062351237e-11
LYS20	EUC1	4.426565467933113e-11
RFC5	BMT6	1.2635910167035816e-10
GNA1	LIH1	2.5962044892298584e-10
SEC1	MRPS17	7.554778032406957e-12
TOM1	GEP5	4.323734059242568e-09
YOR385W	SYH1	8.636982958221651e-09
CEG1	YGL088W	4.2314963768958935e-10
KSP1	IDH1	1.2882610147931194e-08
DAL1	RCO1	1.9783083589521817e-11
MPS2	YIP1	1.1780727879402328e-10
YER121W	SUB1	1.5385647984692284e-09
PMR1	ECM3	2.017706064508077e-11
USO1	SMA1	7.012051020607271e-11
GIP1	HEM12	7.447681363183886e-11
TFC1	TYW3	9.01997865195248e-10
NTG1	CAB1	3.14658393650519e-09
HBS1	COX8	5.444866248360408e-11
CAF20	CDC60	1.5161554277999622e-09
RPL35A	MBR1	3.5581873592190455e-09
YGL235W	VPS21	5.41205537609017e-10
CDC55	PPG1	1.2456274981876683e-10
PDR1	RPL33A	4.4068748034441366e-10
POP1	ZPS1	7.722036486922882e-10
HEL1	TRM2	8.347810889700064e-10
GNP1	YAH1	1.0829186745289101e-09
YPD1	SEG1	1.6587066791934975e-10
SIC1	PPZ1	2.4537382655857865e-10
TRM8	YPL152W-A	1.007694148846741e-09
PPH21	CIN10	4.890323604437246e-10
MDV1	HTZ1	1.2079256457218068e-09
SSS1	PMP3	3.379422250883507e-11
CCH1	HOL1	5.194376332430895e-10
APE3	HPA2	5.99240188496881e-10
MTR2	NOC2	7.385087240477736e-10
YPK3	MTR3	6.3763815219836835e-12
OSH3	CDC6	1.0079181089088863e-09
BET3	CDD1	9.110311661658415e-10
GCS1	AIM9	2.7213924681944867e-09
FAP7	OPT1	8.84436841669202e-11
MDM32	RLM1	9.373898954790516e-11
YHL015W-A	COQ10	8.396019040426149e-11
TES1	DSE4	2.5343819588081003e-09
KCC4	BUD6	2.496508358646611e-09
YDR194W-A	FSF1	1.3784977118986649e-10
TEX1	ULP1	7.640896735821825e-09
PHO3	GPI16	2.689943711379377e-11
RAD16	APN1	3.5636835809130764e-10
NMD3	RPL6A	1.5919246980373782e-09
YGL081W	MCR1	1.2819118696492666e-09
YNCC0009C	SPS1	6.478335033582838e-10
DST1	PLP2	2.977234144752905e-09
RSC6	YKT6	2.532741608767845e-09
FOL2	CIT1	8.89609930190925e-11
LYS20	CSM4	2.768035547985382e-09
SUP45	SPC42	5.926881735814347e-10
MRPL11	NGL3	2.331170268351276e-11
YDL114W	URN1	6.027986433673552e-11
RIA1	MYO2	3.110397701903309e-08
STE14	POG1	8.302635565761618e-11
PGI1	ARO1	1.3764194662133067e-10
ADH5	MRPS12	1.2706180800703319e-09
PSD2	RFC4	1.0788749891754748e-09
AUR1	SNR73	3.934363118967325e-10
BNA3	RHO5	3.1524503083535654e-09
MNN2	XKS1	1.3215486250100753e-09
YBR062C	GFD2	7.287614320799977e-10
PRP43	PNO1	2.6765506132182883e-09
FMT1	REX3	1.986479593849342e-09
CPT1	YOR338W	8.075432643380509e-08
VBA2	HRD3	1.639333968117966e-10
GGA1	GAA1	8.093391346942042e-10
APT1	YMR001C-A	2.61608418019832e-10
GIN4	CPA1	1.7536059757274628e-09
YDR246W-A	VPS20	1.6467379807303196e-11
PMP3	YLL006W-A	3.785309209037489e-09
CDC43	YPT52	2.7909845413530683e-09
YKL069W	KAR5	6.49124895371524e-11
RER1	YHL042W	4.0126347919667906e-10
YDR003W-A	PHB2	5.380677361282954e-12
ATP1	SRO7	4.0549502686165695e-09
BUB1	SIR3	1.3823757065005944e-10
YOR161C-C	YPL162C	1.2084035685850137e-09
MRPL16	ROT2	2.0779686644873673e-10
YCL021W-A	FYV4	1.8358693041130623e-09
KCC4	RPN5	2.351159907195058e-10
RPP2B	ADH3	1.1717537427459376e-09
IRC5	DOT5	3.788795198711514e-11
AME1	POL32	3.461295990429847e-11
YHR007C-A	LAC1	5.339196064771495e-09
YDR415C	ASG7	6.304043530259331e-10
CDA1	YNL165W	2.0109177128483487e-09
COP1	YSP2	3.3455454699819713e-10
ATG9	GIC1	4.157196471902799e-09
CWH41	SRL1	4.928105956343762e-10
KTR2	RCF2	8.302983836944379e-11
DAM1	ECM16	7.853854524747823e-10
YJL070C	PUF3	2.8355018220480213e-09
ERG20	MYO2	5.029810982307315e-09
YHR007C-A	SKI7	4.287564779558653e-09
MLP2	STE18	4.349752724667244e-10
VPS68	RFC1	2.4123967345493476e-10
YCL048W-A	YDR131C	1.2878216580426164e-09
TTI1	RPN13	5.96822463843742e-11
TED1	MKT1	1.1689160686757816e-08
SRF1	TYW3	3.4704009196051474e-11
SAM2	DDL1	8.085498057086132e-10
CCH1	UBX6	1.7058293609404996e-11
MSB2	YOR343C	1.4288687945436643e-10
GPI8	YLR046C	9.175036526766892e-10
RTC2	RMD6	3.2688565434132815e-10
RAD2	ATP25	9.406308334416856e-11
RTN1	ORA1	1.2231544438944842e-10
GRX7	BIO4	9.65299549678354e-11
OPY1	AYR1	1.9911844152730247e-11
RPL34B	APL4	8.723527772749222e-10
DPB11	IDP2	1.823268653269583e-10
HTL1	RPP1A	2.7754488315103407e-09
AGE2	DPH5	1.9403156387986763e-09
SLA1	SNF12	1.5087244565577547e-11
ACF2	TFS1	3.3732446112710167e-10
YBP1	ERG29	4.772129769736414e-12
SCW11	YGR161W-C	7.90974475208772e-11
BRR6	REX3	2.2824792964770227e-10
HXT2	AFI1	6.88432613541522e-11
SUL1	YJL047C-A	1.5762352034846628e-09
SND3	MCT1	2.4344094215295725e-10
AKL1	CDC16	3.4340298068219737e-10
SSP1	OCT1	7.378313675752228e-10
YGR067C	MED1	2.28177271871955e-09
HSP26	YKL091C	2.050522792689721e-09
PPZ1	SUB1	3.172710947970977e-10
NFS1	NVJ3	3.1635039410333663e-10
MSC3	PUT4	2.4093000718879616e-09
GTT1	MRPL23	1.479337809097167e-10
YML053C	YMR321C	4.1831848237315627e-10
CDC60	HOS3	1.0244355666953364e-10
SOL3	TSR3	7.599351055772601e-10
RSP5	DIP2	1.9288099943103083e-11
YHL042W	MON2	3.4150491915551536e-12
YBL036C	YDR444W	5.799360639476318e-09
YIL089W	SSM4	2.0733389634966712e-09
COX9	FYV4	1.0120611380786356e-10
LCB3	DFR1	3.867301126976873e-10
OAC1	RDS2	3.2129442734471835e-09
SSE2	RSO55	1.2309847610717122e-10
ICE2	SIR1	2.5358154092538034e-11
SSZ1	TMA108	9.380275579388714e-11
KIP1	ATP22	4.502409178912164e-10
BET4	AIM44	1.4157453549038426e-09
SKN7	ECM27	6.499290483475889e-09
PES4	DPI35	1.0154555443103448e-09
RFT1	YMR315W-A	2.5967985904780605e-10
SWH1	CTF13	1.993707094349732e-09
ICS2	BXI1	7.489867835841593e-11
YKR075C	INN1	2.014828703162484e-10
MRP13	PHR1	5.8731459908690015e-09
YCR006C	DUS3	6.216564601068845e-09
HNT1	DIG1	3.281153117449946e-09
RNR3	MYO2	5.3690512013220035e-11
RSA4	NUP85	2.4167724262979057e-11
SMC2	MUB1	1.5132381233917585e-10
SUF8	HOP1	2.5631841639757515e-09
KEL1	RCF2	4.5457148627251947e-10
RVS167	TDH3	7.269095259469305e-11
YEL025C	IES1	1.125311659212453e-09
SDH8	YGR237C	5.76171148824206e-10
PEX32	PRP42	5.715210689481076e-11
PDE1	IZH4	1.87521360145087e-10
YMR099C	ELC1	1.0863788364854669e-11
YBR196C-B	NPA3	8.849369262780818e-10
FYV8	CIN1	1.1817146520661125e-11
BPH1	RTT107	2.7721759500576283e-11
YBL029W	RPL42B	2.648295667253676e-09
BCH2	GEP3	1.4486488876434824e-10
YBR219C	HDA3	5.880380760306742e-10
COQ6	LAC1	2.0769201097476234e-10
RPO21	NVJ3	1.4477231772159504e-11
DPI35	PKH2	1.4210692270702388e-09
RAD9	RIB2	5.18734541730889e-10
RPO21	UPA1	3.9709020816023226e-11
RIM8	BAT2	2.5481407586261894e-09
YLR036C	RPL33A	1.2640981491985632e-08
ASF2	NDI1	1.03840006683017e-10
BET1	YML6	6.501427381314462e-09
REB1	CIN8	2.0364263154321554e-10
YJR154W	PXL1	1.2210084164691246e-09
RPC25	VPS33	1.0233970638048204e-09
SPC3	SIP3	4.785079055691281e-10
VID24	SSY5	7.47424664811937e-11
RTT105	YLR001C	5.184995242738857e-09
PYC2	ATG36	2.858705966343399e-11
PRE1	NOT5	9.01483160623765e-12
MNC1	KGD2	2.8256980726096725e-10
VMA7	CPR7	1.1759262002280848e-11
HAL9	HST1	1.9617952656669697e-09
MSN4	SVL3	3.0424539778320596e-09
FMP48	ERG27	2.5709149021067038e-09
TEF2	ECM23	1.0541057534451248e-09
PRE1	YLR122C	7.668400481455362e-10
BPL1	SRF1	1.0712538634073181e-10
TIF4631	UIP4	9.553296767795423e-10
VPS68	MGR2	3.3242394896369638e-09
NUP188	YOR292C	2.6407791529684483e-09
HIM1	IES4	1.3518435008412743e-10
APE3	OST3	5.811675460295084e-10
YTP1	SGT1	2.317046572114075e-10
YKU80	ROD1	7.258388958411014e-12
RPL16A	RFC2	1.4976183064600915e-10
YGL140C	RPS6A	5.082772748749361e-10
ERG11	TPK1	4.720649278535146e-10
OSH7	EMC3	9.08655031207497e-10
TOS2	AYT1	5.659567816359302e-09
CYC1	FAA4	1.939983107705911e-10
PEX5	MCO14	3.23997666483088e-10
INA1	NDE1	4.140260152301914e-09
YDL124W	FLO10	3.4243888452748347e-10
MIC60	ENV7	5.023521920073147e-10
NOP14	SHR5	9.73254311205657e-11
GTT2	CYB5	6.076516136457502e-09
GPI1	MIN3	2.9573250813270378e-09
YGR210C	YML096W	2.1241233849479105e-10
TFC6	PRP46	2.3827685659097305e-09
SPO13	GAC1	2.4232602446763576e-11
ART10	SNF8	1.1436588775555621e-09
SDH7	PRP8	5.4054394724178745e-11
LYS1	SRX1	2.926761578406375e-09
PMP3	URB2	1.0794985462044891e-10
MSS2	BDF1	2.470602563557733e-10
WAR1	PAP2	2.991572066311274e-11
YEL009C-A	BRO1	1.16519768033287e-10
RPL28	URK1	1.232481335468442e-10
RPL2A	MTF1	3.2748221065094084e-09
RIB1	DNF1	5.759640583433029e-10
PMT7	TAF13	4.111598671628547e-09
LNP1	PIP2	4.40092635059445e-10
RRP1	ALP1	1.3056782145098096e-10
AGP2	LSM6	7.531803703214542e-10
QDR3	SNR73	1.0635161320017282e-10
INH1	BCK2	2.746809671981512e-09
UTP6	SIL1	2.0717414833493413e-10
MSC3	CRC1	2.5028244576354127e-09
CAF4	SMA2	1.6571510690582086e-10
UBA2	CIS1	1.7039292463913478e-09
YHL015W-A	MDL2	9.51883509037395e-10
HRQ1	FMP33	1.3776065259777697e-10
MYO3	PGM1	9.746854701046388e-11
TRM82	OPY2	2.9533462497682058e-09
PCS60	AIR2	1.9957209389540656e-12
UTH1	MIN3	4.115606931499778e-09
SEI1	SGS1	5.818264448078694e-09
ACO2	FET3	1.9204076151898127e-10
TRS31	SWT21	1.903415292298983e-11
ZRT1	MCM16	2.573013438839749e-11
YDL086W	IRA2	3.25505581119634e-11
CDC15	SMB1	2.882502669135587e-09
ASR1	LEC1	4.561684314457018e-13
IRC25	UBP8	3.8914616388955927e-10
VPS25	REX3	4.410753639469142e-09
YFH7	ADH3	1.4014005050592086e-10
ADH1	YOP1	2.7813074517569085e-10
CDC34	PKP1	4.376866009823186e-10
PHO81	LSM1	8.062141580275266e-11
CUE2	PET8	4.5404024116308703e-10
SPO23	RPL7B	1.7001206470780638e-09
MDM12	RPL3	1.7863253573409845e-09
HAL9	SGF11	1.4139711435865799e-08
MRS1	NSE5	1.0768120026150637e-10
IBA57	TAG1	3.960074746332805e-10
CSS2	ACF4	1.0034530179378895e-09
YBR196C-B	PRB1	6.005606050597836e-10
SNU71	YMR007W	1.8028608256081155e-10
PCL7	SLG1	4.5086494393001446e-11
SSC1	GLR1	1.6402584686727946e-09
PPH3	PAN3	2.7348795208074044e-10
BEM2	YIR018C-A	3.244658695095466e-10
GCN2	YJL213W	8.841520131390907e-10
RSM25	PMS1	1.0362636715065001e-09
CYS4	SEG1	1.350149339029777e-09
PUG1	LAA1	2.2324544174423412e-10
EKI1	REC104	3.2478444301984344e-10
OTO1	SYG1	2.621184965317579e-09
HEM13	STL1	5.156440779662721e-11
JAC1	ALA1	1.993479847032997e-10
YER181C	ADH1	1.38219564257768e-10
HSP26	NCA2	7.183265030511633e-10
DTR1	SLK19	6.504549610374576e-10
FLC3	DCI1	2.295894915135424e-09
TFC3	AQR1	1.8491164848746278e-09
UBP14	POM34	2.985563270352389e-10
SDS23	RPL2B	8.756893391285095e-10
YML6	RDS2	3.0377160725599816e-10
FDO1	DDL1	7.675778769149361e-10
BCS1	ORA1	1.2008151291586357e-09
CDC1	IDS2	2.4226388919302023e-10
ATP5	PSO2	5.48941246247722e-10
FMS1	HRB1	5.382710085507848e-10
STP4	GPI16	1.952312487209311e-09
LCD1	NEO1	2.134545396195624e-09
HSP78	GMH1	8.480277626469518e-10
YDL129W	BTN2	2.806870560279456e-09
UGX2	MCH2	1.4581872501764017e-09
CEM1	SDD3	7.512681582694882e-09
SPO22	SDH3	1.243152992661679e-10
FSH2	GAL11	6.661362136886483e-09
PAR32	CYC1	7.738894987511488e-10
POP7	ARP9	1.7853762481857827e-09
STN1	BUB3	1.8833732859563474e-10
COX4	MOG1	8.839365530279325e-11
ADH5	CLN2	1.4911717589725798e-09
DFP1	YHR022C	7.091623527696096e-11
RPL37B	MRA1	4.925874546034478e-10
CLD1	SIC1	8.226812367146099e-10
ITC1	SOA1	1.499908892169327e-10
SRB4	IST1	4.840461759795416e-09
KIP3	YAF9	2.019378666620562e-09
DOT5	RSM19	7.148488003834825e-10
SSN2	USE1	4.477983387989972e-09
MPS1	TOS7	2.205088899488948e-10
FUN19	RME1	5.693144404088031e-09
GYP7	ARA2	1.0746775611832065e-09
BOP3	KEL3	2.2608284797922062e-09
YFR018C	PMC1	6.546208509872663e-10
NPL4	CAC2	9.688011177748346e-11
PTH1	MSL5	2.176427844172834e-09
COQ6	RET3	1.668863310146922e-10
ATP7	CYB5	9.043583531410289e-10
PHO4	TFC7	2.982707751943376e-10
BNS1	TOK1	1.0632190724408282e-08
CPS1	MIC27	1.4178934780620908e-08
LCB5	YNL046W	1.1378275823366022e-09
TFA2	YPR147C	2.2496540870877276e-09
THO2	DGA1	4.083665635644368e-09
TPI1	RPB4	7.461179031305981e-09
YDR209C	RRP46	2.8810095136813076e-09
HYR1	ZOD1	3.1445475187493447e-10
RPS4A	MSS11	1.693690830922509e-10
YHR033W	CAT2	1.072948351779239e-09
YDR249C	YPI1	4.1031250851241593e-10
STE18	VNX1	8.337662277167864e-11
YDR222W	MIN9	2.7311506491403644e-09
NCB2	IMH1	4.805220283168285e-09
DMA2	OCA2	1.4209553722529433e-08
CNA1	ATG13	1.6590543574716833e-09
RPL19A	GND2	4.2854657910711317e-10
ATG32	GON7	8.479801059866096e-10
YGR054W	HMI1	4.712276305044767e-09
BPH1	DUS4	6.840736305298623e-10
ENT3	FLC1	8.872043910043376e-10
FMO1	MOG1	3.482422261543818e-10
NDL1	SPP382	3.06984984548567e-09
CGI121	YMR114C	3.36518496535303e-11
MTG2	SPH1	7.964806307103274e-11
PDI1	CCT2	1.3578156176680473e-09
RRP46	YPT53	1.1410864718840807e-08
MCX1	YPF1	8.167562905769503e-11
MAD3	CEP3	2.3878209269867983e-10
PPT1	YLR412C-A	4.349826655253859e-09
CHD1	IDI1	5.239317660218364e-09
PIB2	PNS1	1.3224671161415328e-09
CCT6	YKT6	8.685932251489683e-09
TRS120	TOA1	4.498762122854292e-12
COQ1	YBR012W-A	1.015047846667092e-09
GRX6	REA1	1.2949083432697216e-11
MCD4	NTR2	1.0206096272760558e-09
RAD18	YOR343C	4.035638629810976e-09
TSC10	YSP3	2.7727513245805094e-09
MCY1	MMP1	3.972909284552718e-11
LSG1	NFI1	1.064512705199526e-11
ICL1	PET123	5.451862642843969e-11
MVB12	MEC3	7.94932124274232e-10
SPR6	RPS14B	2.3994188929685237e-10
FAS1	SHM2	4.219252210538875e-10
SPR3	NGK1	1.1031235796867218e-10
DOG2	YOR343C	1.575933519095929e-10
MOH1	ARA1	9.672705175292024e-11
GPI18	CDC21	2.4470901078538257e-11
SPO71	PSF3	3.6394721128595256e-10
DPA10	POL1	1.0290518202139508e-09
KTR4	VHR2	1.578567607710213e-10
BET1	PRY1	9.150580467670234e-11
GIP1	SLI1	2.691546127378067e-09
OPY1	ERC1	2.986806119001465e-11
YDR341C	PFK26	4.34260482619373e-09
NYV1	MID2	2.932718347039614e-10
GPI19	RRT14	6.707464746934168e-10
NOP14	VAM6	3.3898957926051442e-09
DLD1	RPL18A	2.3855454160045203e-10
RCR1	MSC1	1.882244758781208e-09
MIN6	ODC2	1.3820267422441684e-11
ENA1	GCD11	8.894596340859823e-10
SYM1	APL4	5.733933282297884e-09
RPL9A	TES1	5.80490959964288e-10
EFM3	YMD8	1.73994514522466e-09
SCO1	THI20	8.554549436640345e-11
UTP25	SMC3	5.397922402058117e-09
YBP2	ATR2	4.842432213761202e-11
SED1	MNL1	4.283413354924405e-10
VPS75	MOT1	6.25013058209754e-11
RBH1	SRL2	1.7271710869506163e-10
HED1	YPT7	1.878779317240865e-10
CBF2	CTF3	1.1574330750243812e-10
NEO1	SSO1	6.196648159246757e-11
SQT1	NCS2	1.283909295838042e-10
TPT1	IDH2	1.505735395029906e-10
DIA4	RRN5	6.071527940804883e-09
RFT1	ZRG17	1.1417438318446381e-09
MLO50	CMG1	1.2011337721257336e-09
ARG82	CAF20	7.186945337027581e-10
MTR3	EFR3	9.4649201243549e-09
REG2	VPS28	2.1553871310481906e-09
NAS6	ACO1	3.180229249339245e-10
YEH2	INP2	2.1470220251080593e-09
DUG3	SRP72	1.0393173228776637e-09
SDH4	POL31	5.708769512371664e-10
SDD1	SNU114	4.0921460268936646e-10
LUC7	ENA5	5.083664081959106e-10
TOG1	NSL1	3.1179257575867885e-11
SCL1	SFB2	5.346331555912764e-10
FYV4	YPR096C	1.6270776062440988e-09
YDL085C-A	FDC1	4.4581592041830683e-10
TAL1	SSU72	2.1869159886634775e-10
TOM6	NIP100	5.355104472639087e-11
ADY2	MIC26	2.2717944661371886e-11
YHR078W	DOM34	6.329057536882016e-09
YJR012C	SEN1	6.259951729027153e-09
BIM1	SBA1	8.584345879109827e-12
RIB7	CPA2	2.5794128973194534e-09
UIP4	CUR1	2.115468288080252e-09
CYS3	SMC6	5.929624030337941e-10
ERG26	NDC80	3.3728722997122916e-10
GCD10	PCL8	8.907978884173783e-11
YNR065C	YOR268C	5.489928209117323e-10
HUA1	CPR7	1.2227886667623072e-10
RSM7	SCW10	1.479186186895655e-10
NMA111	YOL036W	2.8403797210262563e-11
MSS2	YOR365C	2.177216796902361e-11
HPR1	NDC1	5.009622060806695e-10
RPO21	BUD20	6.2962950762254e-10
MOH1	RVS167	3.19538117255104e-11
YER121W	RTS1	3.9111632312461655e-09
YFT2	SPT2	3.835343621416932e-10
CUE3	RCO1	2.3435294020728804e-10
SMY2	CRF1	4.331079841837595e-11
GAL80	YNR021W	2.0656673647851087e-10
LAM5	ASE1	2.1597456193988527e-09
API2	IMP4	2.5000395291756314e-11
CAC2	PLP2	3.208048735438684e-09
PKC1	MMS22	1.601523226285451e-11
GLO2	PBS2	4.650722791932285e-12
VPS35	BUB2	5.578299948540486e-09
RHO3	PEP12	4.4909521157575316e-10
ILM1	COX12	1.2968073148573908e-08
YER158C	YIG1	4.475694825608723e-09
YDR541C	RPS14B	5.014229054064844e-10
YGL041C-B	IRC23	1.9742891407904488e-10
MLH2	TIR4	6.347420444012692e-11
NOP10	LAP3	5.562293578156824e-09
SNU71	DIA1	2.753500612860129e-10
PEX29	ACP1	1.9183861603401947e-10
RTR1	NOB1	7.2093289709786475e-12
YBL100W-C	ADE12	8.58258513558372e-10
HOC1	NAB6	4.439126678132385e-10
HEM14	ECO1	7.321595411916738e-11
PHO13	DSL1	1.3184172934989785e-09
CYS3	YJR015W	6.724851194211691e-10
YPT32	NUP145	5.206414610249494e-09
RPS11A	SYC1	7.047063200629393e-10
ASH1	DSK2	1.1984087491631224e-09
ELO2	LYS14	2.8329091495836913e-11
WSC2	YTH1	2.6414255299796176e-09
ADY3	PCL6	2.904111799393394e-10
DID4	GAL4	1.0602019561111983e-09
PBP1	ASK1	2.5467007592165747e-09
YBL044W	RAD54	1.8290303005683282e-09
AIM19	DSN1	5.76479430280569e-10
YOX1	NCR1	7.520500676461677e-10
YJL043W	PSR1	3.997277543187295e-09
GGA2	ILV5	3.451349826827768e-10
MGM1	FAS2	2.9117489104205324e-10
RPO21	DUO1	1.0571508801907981e-09
CHZ1	SRP54	2.290641157175271e-09
PDS1	YGR067C	4.366608784792891e-09
FAB1	PRM2	8.745651012888001e-10
IKI1	HRR25	3.560344165605066e-10
ARX1	COI1	7.000530499103318e-09
AKR2	SDD4	1.4415947827101833e-10
ACP1	PCD1	2.430889954438741e-11
YDC1	YPR084W	1.5960760721725905e-09
YIL059C	SQS1	1.6765644032080814e-11
ECM32	EFM5	5.690281285574315e-10
CYC3	BNS1	1.4473978750599845e-10
NHP10	YGR067C	3.009661258153927e-09
SOM1	BUD16	2.036907154614609e-10
SCC4	SPS19	3.053584560940744e-09
BDH2	VPS70	3.8102284323388815e-09
VBA2	ARF2	4.487592606883665e-09
PLM2	PRS5	6.541947484023799e-10
AMD1	AIP1	2.149482821800092e-09
MCH2	SLA2	1.518766202814483e-09
ARG2	YNR071C	5.984924707540357e-10
PEX10	OPI1	1.8760757462186322e-09
BOP2	HSP82	1.4080711774590796e-10
GAA1	SKG3	1.7451718879541746e-10
SHB17	IES2	1.5801869044371705e-09
TMA22	YOR032W-A	5.12002262936676e-11
RFC2	CEX1	2.153808872095895e-09
PPH21	BUD9	1.8948908580010628e-11
BUR6	YIL054W	7.849274435902406e-12
CAN1	MOT3	4.035289226990759e-10
EUC1	ENV7	4.752416337992391e-10
SSZ1	SLM2	4.3036220704622946e-10
CFT1	APM1	1.5601594796907682e-10
RAM2	STV1	1.51723497205927e-10
PRP6	IGD1	8.342563497790643e-11
PAU17	STB1	1.8052607133214963e-11
VPS24	GAL80	1.8410627960862327e-09
KSS1	SRP68	1.8488198076023975e-10
TOS3	PUT1	1.1055516899779124e-08
HIS2	RPL22A	3.422851327903947e-10
TEL1	SCS3	9.335842774018892e-10
PCC1	MGR3	2.3130660172756878e-10
GPI10	NRT1	9.817317419490525e-11
CYS3	RPA135	8.629821680028926e-11
APL1	STE6	2.0424496560083704e-10
VPS54	SSK1	2.0646186497560186e-10
PAL2	PFK27	6.302613944673074e-10
YBL055C	YIL102C	4.042355708395782e-09
MEO1	SDS3	3.470073480124301e-10
CDC25	YNL165W	1.1584883720532171e-09
NGR1	GAR1	2.3788701575983894e-09
DCC1	ICE2	1.897646812829129e-09
YBR096W	DBP1	4.0258099131549856e-14
TRI1	FOL1	5.638480032395908e-09
LPD1	LAP2	1.9123716289152015e-10
SQS1	YOR268C	1.353114135455894e-11
UBS1	SWF1	2.2369631601713722e-10
MIS1	POM34	7.430541506900439e-10
ARB1	GCN20	1.6388610499433003e-11
PMT1	APT2	3.903062302367415e-10
DPL1	ZOD1	1.3568289473309293e-09
RNQ1	STO1	6.443232893547592e-11
RSC6	VPS55	1.0076511127440121e-10
UBC5	TMA16	6.746137386299587e-11
ARO2	VHR1	2.941643502497992e-10
RRN10	NNK1	8.478051629025502e-10
TOG1	RPA12	5.266781415498442e-10
KNS1	TIF6	5.764918025440396e-10
ECM13	TOS7	3.021051847325223e-09
TAL1	NAB6	4.117065492819964e-11
BUD5	SRB8	6.682106614640379e-10
YIP5	PSF3	8.248553110512763e-10
TIM9	UBP7	3.1274619384074327e-10
YDL085C-A	CAF16	3.688434319782759e-11
ATG12	STO1	2.5564891963932334e-11
SRM1	RCI37	1.9430338271625377e-10
GAG1	MSB4	2.911983702525594e-09
FUN19	BST1	4.831473969166891e-10
PRK1	SPC1	3.0035801580981645e-11
VPS1	RVB2	8.069116885673365e-11
YDR274C	CYT2	8.652145882928679e-10
KRI1	BEM4	1.4165258520750201e-11
MBP1	CBC2	4.1939838066130195e-09
SLM3	YMR316C-A	7.467089615059125e-10
APC11	CHL4	5.582479809742202e-09
MCH1	YFR057W	8.982287519187479e-10
SEC15	OPI3	1.363047847889761e-09
GPI18	YPR071W	2.580526294983834e-10
SCS22	PUG1	3.589941058930096e-09
SLX9	SND2	5.320264767861299e-11
YDL109C	GSR1	3.4791971407007587e-09
DAP2	APS3	2.6603779439027705e-10
PPN1	MPT5	3.5469936095871915e-10
RDT1	LSO1	1.5467388436376628e-10
NRE1	REX3	3.058569345893046e-11
IGD1	PIG2	3.4059882403785573e-09
APA2	GUP2	1.52180628354124e-09
HIT1	LEU3	1.732854803025801e-11
POX1	PBP1	5.907766225956584e-11
NUP145	DPH1	1.2755816341845286e-10
UBP6	IDS2	9.004563047330282e-10
LIN1	AIP1	1.3644270606890305e-10
TRP1	SET5	5.793986128224692e-10
UIP5	ALG11	8.845862020664607e-10
FPS1	PDR12	2.0055185314894117e-09
PUT3	CUE5	1.1530400280478626e-10
SEC53	GCV2	1.3017890597678115e-10
RPB5	YNCP0008C	4.908860436555373e-10
GIP2	MDL1	1.44231224936245e-11
DCI1	PRM4	1.591580698613861e-10
SNU71	MSN2	1.1477611843038311e-09
YJL206C	MAE1	5.404318609777242e-10
PDR1	DHR2	5.548320819649423e-11
RPL25	PDR10	1.994197924367499e-09
RPT2	VHS2	4.559432499381577e-10
MSB2	LDS2	2.2098357014284415e-11
CTT1	MRPL6	2.538910419334283e-10
DBP8	PUS4	3.983120426057775e-12
IML3	PRP28	1.1246729343528244e-09
SDT1	YNCO0011W	5.503062604017704e-10
API2	YNL208W	1.1558288721930736e-09
CLA4	TIF6	1.6597501028706211e-09
RPS5	STU2	5.0378598416315165e-09
NYV1	YIG1	1.658179027405994e-09
SHE3	NTO1	4.1930507129970917e-10
MRX16	ILM1	2.402571699194073e-10
PAU7	VPS501	5.341686752905228e-11
MET6	RPL6A	1.1514709065074195e-10
SDH1	SPS19	4.2668878993533545e-10
VPS41	PMU1	1.3755419597039696e-10
KIP3	MET1	8.158873988155326e-11
LCP5	IRC18	1.058789128553051e-09
RPL18B	RFM1	9.938643959170988e-11
GAL1	MTC3	3.79233979891815e-09
PDL32	HOR7	9.311273137859194e-10
BRO1	LEC1	1.6471680411608905e-11
MMS22	ERB1	7.28687996124951e-10
NEM1	SSU72	9.914168123915947e-12
SAM35	NRS1	2.989880836810384e-09
SBA1	GDB1	1.2741925051633765e-09
SGD1	SPC98	5.869635719800893e-11
YBR182C-A	SRS2	5.910338517207884e-11
GCN5	SDD3	1.0281375688590144e-09
YDR169C-A	BET5	6.691483243818156e-10
CSM2	RCF1	5.157053823914938e-10
MID2	BTS1	1.2178015476019123e-10
SPT7	ASR1	1.2210538705583282e-10
YER137C	YOL057W	1.076613746771929e-09
GCG1	TRL1	3.118730360751912e-09
TMC1	MSS18	1.7490747600963757e-10
LSG1	SVS1	3.155931105808672e-10
RAD30	YDR524W-C	5.08473914328139e-10
APA1	TPK3	8.126740237664967e-10
YDL009C	CYR1	3.735986807580212e-11
IRC4	PTM1	1.373951007042426e-10
GCD7	FCP1	3.5302247219347115e-09
PET122	PRC1	3.3980099059401713e-10
GPB2	TIM9	2.2373957876959772e-10
RIM15	YGL082W	1.8573013918913867e-10
SCP160	RNR2	4.342670222443503e-10
NUP84	TAD1	4.3799214034110424e-10
OLE1	TAF1	1.0110564219115129e-09
YDL012C	KAR5	4.324183725238087e-11
ERG28	VPS29	9.414401403574073e-11
RPL22A	NDD1	4.407463576867621e-11
LDS1	IPI3	4.7907742651892925e-11
SHC1	DEF1	1.260761624118632e-09
PET100	FOL1	8.077738696312796e-11
SMD2	RRG7	1.7323925055738718e-08
POP6	YTP1	2.9875488626865184e-10
EMP46	YMR320W	3.584542840065039e-10
YDR042C	LAG1	2.251019796445152e-09
URH1	CRR1	2.0426734247517e-09
MFA1	AIM24	3.0424251327835106e-09
MCH2	RPL38	1.977644753566685e-09
BET1	PRP39	6.461841326241733e-09
PIG1	RRP9	3.338077083593786e-11
NUS1	ELG1	1.1034028954579536e-11
MAE1	AQR1	6.3634873827420365e-09
BAP2	CMR3	1.8877540519561118e-10
YFR018C	SYF2	4.92663255232438e-11
TNA1	TEN1	7.708299705548369e-10
UTP11	GTT2	2.021816495781206e-10
SPC72	PEX11	8.781293534233193e-10
IMH1	MMS1	2.9621271313144815e-12
CRD1	SLI1	4.997086517124313e-11
SDH7	YNR066C	1.6266157231367484e-11
HPC2	SIP2	2.9327826052314335e-10
YGR018C	NET1	2.5177782777075433e-10
SNQ2	STV1	7.518665751957907e-11
YKL102C	TAG1	1.489428467444143e-10
RPL2A	NDC1	3.209087778324558e-10
AFG3	FLO11	1.2791383911301717e-10
MET3	COQ9	3.7007472626686764e-11
ATG42	YNL144C	1.2783958287237038e-09
ATG7	COG8	6.695601513732078e-10
GLC7	PTR3	3.195466231862401e-11
CDC25	PLB3	2.2841856112201884e-11
NUM1	YNL320W	2.1167432417969595e-09
SNU23	RGT1	2.7689445448105646e-10
ILT1	GRX8	1.8844718103925704e-10
UBP13	KAP123	1.1556601675433212e-10
DIT1	EMC2	3.132220104733832e-10
SDD3	EEB1	3.9105846385575355e-09
DPH5	RNH1	2.754773718771253e-10
ATG8	SNN1	2.3977062182109515e-10
FKS1	ORC1	3.142226125683242e-11
MGR1	DLS1	1.128042226597744e-10
PEX28	VPS71	1.8598068376253423e-09
PAM1	RPL36A	2.010179634669828e-09
EMA19	RRP40	2.019493930224003e-10
RPC25	SSU72	5.142176050843963e-09
YLL032C	ATG40	5.509389811692315e-10
RAV2	LSB3	4.921008695777167e-10
SUR7	PFY1	1.05487986285746e-09
YFH1	SEC10	7.8545419084248e-10
ERP1	HEM14	1.728332575027342e-10
RRN3	NHP6A	3.596325047071066e-10
RMD9	DCD1	1.919529062464202e-10
DFG5	SIL1	1.1732750009129577e-11
SHG1	CSM3	2.5430720952725485e-09
FAF1	VNX1	1.2677507536274462e-09
RPS6B	YFT2	7.83807837385178e-10
HER2	COG5	3.786601403583682e-09
UBX7	SOF1	7.057922707445437e-11
PPR1	RHO1	4.858269190744391e-09
LAM4	NDC1	1.1322264819168435e-10
YJL132W	DGR2	1.7162603444085462e-10
CHS2	DFR1	2.105033962935706e-09
PES4	ESL1	2.149445351516438e-09
JJJ2	UTP30	1.189216195783738e-09
POP8	BUL2	1.6430852026321004e-09
IML1	CVM1	7.595888707298126e-10
ADH5	RPE1	1.6532639097564276e-09
RAV2	HOB2	1.5707262322411048e-10
RIB7	LAS1	8.302831947325433e-10
GSP1	RPT5	5.354155785150824e-10
BLM10	NCP1	2.8827159770576274e-10
NDE2	ATG40	3.885008155802693e-10
MRH1	PHO92	1.1207981161010836e-09
RML2	DOM34	1.4843715971159957e-09
YIL086C	HXT2	8.463938790080734e-11
DCW1	URA10	1.9161979025080178e-10
ERG11	DBP5	2.3724099963308e-10
BUL1	RAD53	5.92731925439999e-09
PCH2	NOP14	8.185831108979497e-12
YJR154W	MLO50	3.358529935229057e-11
TYR1	VMA3	6.611782416578352e-11
SLU7	SLX4	5.549015463004044e-10
STF1	AIM39	2.6916049182893753e-10
NET1	SBA1	8.452131358311849e-11
MID2	RPS1B	8.783789311791369e-11
ETR1	HFM1	1.4357452177821647e-09
PCL2	YCK1	8.727751932826267e-11
CTA1	ARP9	2.5751287845781494e-10
XRN1	GIP3	1.2945660439803684e-10
NMD3	LAS21	1.0299231074110972e-10
RPP2A	SPR1	7.282410016544383e-12
TAE1	GPA1	8.581747924714278e-10
RPL22A	CQD1	4.537278036361786e-10
YGR054W	ELA1	6.9394839836732e-09
KTR7	AVO2	3.463829022004072e-10
SAP4	YRB2	2.1031688442175141e-10
SLX1	PSF3	1.0815737282817497e-10
IRC6	SPH1	2.185594418828873e-10
SHQ1	FLO11	9.541598582271331e-11
PSK1	RPS29A	9.405415016206596e-10
HIR1	KAP122	2.0538888058392411e-10
RPL12B	FMP27	2.3144342105433008e-10
RRD1	YIL086C	1.3801018112069515e-09
PRE5	TIF3	2.594657364080083e-09
EMC10	YJR079W	8.235514108288692e-10
ASN2	TRS65	5.361829239701907e-10
FMT1	IML1	5.469810731967517e-10
CPR4	MEP1	6.119480584514454e-11
HXT8	PRC1	8.162424078103056e-11
CFF1	YPR027C	3.5392026185331375e-10
ADD66	PIS1	6.192615850788405e-11
BNA5	RFC1	3.3206877410382805e-11
PSY2	KEL3	9.590876836350383e-09
SKT5	YKL070W	1.627704880002058e-09
FIP1	YJU3	1.1104710021837558e-10
TUL1	PSO2	1.342452094383506e-09
GCD11	UPA2	6.129898798820264e-10
SNU71	BIO4	1.603295111161061e-10
SWP82	RGA1	5.149980524305552e-10
MSH1	CSC1	1.8348968841643795e-09
RAD16	LUG1	2.9665735861994505e-11
CDC53	RPL5	8.442919606054118e-11
SAL1	YPL229W	4.322964723992606e-09
SRP14	ANR2	2.012810404039418e-10
ERG4	OST2	4.894648902297435e-10
LOG1	YLR012C	8.602948770277556e-09
SWI3	KCH1	3.2177092986901835e-10
PFK2	MON2	5.522141959889018e-11
POL30	FCY2	1.107318586714269e-09
PAB1	HAT1	2.6827888852067825e-10
PRY2	NAB3	1.517785510167052e-11
MSC1	BUD22	6.567815533124699e-09
SCO1	PAN1	1.2970377571018615e-09
COG6	YOR385W	6.576944049034804e-09
COQ6	RGR1	8.498310023731286e-10
APT2	MPC54	7.914726885840708e-09
YNCD0024C	CHA4	9.497610030523593e-11
PST1	GUF1	2.9030666810280807e-10
UGA1	NNF2	6.739149288864792e-10
NUP42	UME1	2.5398296624422735e-10
ROG3	MBB1	6.358649084115772e-10
AIM11	NUP2	1.6286439432159815e-11
BDF1	SLY41	4.672951595843348e-09
GCD2	MIC60	1.0141331166233903e-10
CAC2	RHO1	2.6403986826105936e-09
MET30	JSN1	2.0850981065348803e-10
SAN1	COF1	1.9096613853254565e-10
CDC11	ARG8	6.723410612843224e-10
AFI1	PUP1	7.261103505959511e-11
PUS6	LCB5	9.233480511326454e-11
DCR2	TIM23	8.687566568578607e-10
DAL2	PEX6	4.529779939708261e-10
VHR2	YMR187C	5.932024108053939e-09
CMK1	TMA10	3.1641292032464484e-10
POP5	NUC1	6.022708495513169e-11
RCN1	ORT1	5.355323799127884e-11
AGX1	MDJ2	2.3573259219513094e-10
RTR2	YLR154C-G	4.832868874923722e-10
CAC2	NOP4	6.088343878554902e-09
VPS36	YML100W-A	8.838468167484852e-09
RPL19A	EMP24	2.296866738756377e-09
SLF1	NSR1	3.714490647871e-10
IWR1	ALR1	1.3406906189536282e-09
MKK2	JIP5	1.7009920268567736e-10
RPL4A	SFP1	7.885082338680878e-10
FYV4	YJR142W	7.608711711474502e-12
GCG1	RRD2	8.952571172921117e-10
MED2	ATG2	4.497411376571224e-09
RKM3	UBR2	5.4935938019626405e-11
TOP3	AQY1	5.965276227549398e-10
MET22	MRS2	4.3044205493148505e-09
SPR6	AIM14	2.2131378080497087e-09
TEN1	PPA2	1.57630618492766e-08
BLM10	GUT1	1.3207573051383031e-09
YGL088W	KEX2	8.449725489619061e-10
YHP1	ATP2	2.59387062952065e-08
PAT1	TPK1	3.183472382907386e-10
SIF2	ATE1	1.0702119388393556e-10
ADH2	HTC1	2.200840390460733e-09
MIP6	GPI12	3.6436522360951206e-09
ETP1	POM152	7.329481765806764e-10
FAR7	SCW10	1.2276724557495878e-11
CAB5	BSC5	6.859336637657316e-09
PUP3	YKL183C-A	3.131840011125353e-09
ARD1	ELP6	8.557612490730899e-10
ERP1	CWC2	1.56399365886919e-11
RAD16	CTF3	3.1113038969789296e-11
IST1	YOR011W-A	3.424974900681088e-10
HEM3	TOS4	1.3637166924529814e-09
SOL3	BUL2	4.2227754776820587e-10
RAD34	ALE1	7.977456088018368e-10
FAT1	ELG1	1.9458481581628815e-11
ADH3	YNL143C	5.897155428613415e-10
HTL1	HAL5	5.351331541751663e-11
RPS6B	ATG39	6.804962852028272e-11
YBT1	SFH1	5.006306858102462e-09
SNZ1	APM4	5.776757960224262e-10
PAL1	ERG6	2.7795889443608434e-09
DPB4	RAD23	1.5552849846299752e-09
SSP1	SGF11	3.766973726670015e-09
COQ4	FMP10	1.158517070467532e-09
DPS1	SEC39	5.136669071842209e-09
RMD6	YPF1	1.974094019129417e-10
OSH7	SPC98	1.3223824992529208e-08
STF2	SKN7	5.979719077685105e-10
EMC10	SDS22	2.6749617494687327e-09
PAR32	SCS7	2.8667911317542806e-09
VPS29	YNL034W	3.572734103737761e-12
MPC2	MUD2	7.587043128072055e-10
YAK1	SIP5	3.799810645479631e-10
PXA2	CMC4	1.022364638587886e-10
DCD1	BEM4	9.905888283103965e-10
AIR1	YTH1	1.7034317930265193e-10
MRPS9	RBA50	8.328353805905815e-11
VAC8	DFG16	1.010215903355307e-09
AKL1	NUC1	4.883393192680882e-10
MEP1	YLR030W	5.133784010811842e-11
YCT1	PGC1	1.0427067096538626e-09
RBH1	KAR2	8.298134454186324e-10
AIM10	SET6	1.265392253514656e-09
MTR4	RIO2	7.686450376632612e-10
SMT1	CTF13	4.586438526955227e-11
DIT2	SPO73	9.00983103928498e-11
BUD16	TOH1	4.4810078458692495e-11
YHR140W	IDP2	8.228352174526682e-10
SLM4	FYV8	5.931277247532207e-10
MTL1	IRC15	8.122312610775988e-10
YEL009C-A	DLS1	8.317040254695062e-10
SNR56	TFC8	4.128039642314756e-09
REC104	ENT4	1.1330061755336103e-10
MHF1	IRC10	1.2958347724668455e-09
FBP1	KAR1	7.324541255883024e-11
FMP32	MPE1	1.043210108289835e-10
HIS1	ATP20	9.372687728127562e-11
VPS55	GRE2	1.3956723426440285e-09
BMT6	TOM6	1.9371251148442036e-09
GIS3	YNL095C	1.9185344356055104e-08
FAU1	RPL3	1.1028905443729356e-09
SEC4	KRE33	3.056550298542618e-10
YLR111W	RPC19	4.903983575809038e-09
ECM13	PAT1	1.078912984649088e-10
TRS65	PSG1	2.1959928997586784e-09
ALK1	CYR1	1.0348167209423928e-10
PRE1	RTS3	1.5886674792310355e-09
HDA2	PCL7	3.8501575081327823e-11
YGL114W	TRM2	9.5570600723881e-10
AEP2	BIO5	3.4362126149666697e-10
YBL071C-B	PRP46	5.170535399678015e-10
PMT6	TMC1	2.2659530606098099e-10
DUO1	FPS1	2.6394694151573135e-11
CBP6	MRPL15	3.7606491669811444e-10
FMP16	PEX1	6.578737644953493e-09
YPD1	COQ3	2.921746546215664e-10
NUP159	PUT4	1.7080208830820655e-09
MRPL23	SYC1	3.1897595253365895e-11
BIK1	CDC48	9.838234792931475e-10
ATG16	MRPL40	5.6029019980666274e-09
RRF1	GLO4	8.701092918622067e-11
VPS29	ANS1	2.793839361612928e-11
COS12	MIP6	2.3406751562395387e-09
PMT6	YMR247W-A	7.055661481874904e-10
YPC1	YFR012W-A	4.647131742459945e-11
SUC2	VMA4	4.09804786168907e-09
NHP10	VHR1	1.290748725167115e-09
ATG15	COX13	2.3202947625994283e-10
RPS18A	PEP12	4.878553052744549e-10
BPH1	UTP18	3.8871414373061564e-11
SCL1	PDX1	1.080002414565267e-09
STP2	HAL1	5.174141855564152e-10
NPR1	YPL034W	9.234164620600122e-09
RTR2	PFA3	4.2599343700453567e-10
SSH1	YRM1	9.23101034684202e-09
INH1	STE18	3.36578402593161e-10
YGL118C	FMP41	4.90555485496929e-10
CTA1	YMR114C	5.147690545419428e-09
NUR1	WHI3	9.269801281247994e-10
PET100	YGL108C	3.4395592364869135e-09
WTM2	THP3	2.502201913617032e-09
MCO32	PIN3	3.263780568348388e-10
KHA1	IMP4	3.191372956866465e-09
SFT2	RRD2	1.0648117857317896e-08
YMR001C-A	TRM44	1.641666360715449e-10
SPC19	ADE17	6.373234092327221e-09
MRF1	TIP41	7.363237895966689e-09
ECM1	GAD1	4.653190027472713e-10
PTC7	RPS29A	5.025341011025452e-10
QDR2	AQY1	1.3183212317104605e-10
YFR006W	YNL011C	7.94055062384877e-10
EMC3	WRS1	3.88102445634734e-09
NCS2	YOL038C-A	4.607235557326698e-10
DJP1	CHS6	9.858653446323479e-10
MNL1	IAH1	6.883793868489385e-11
DDE1	CUE2	4.880661554014683e-11
AIR1	USV1	2.3231403663646534e-09
NOP9	GAS4	1.0514066471437718e-09
SPC19	SNZ1	2.0977898259270527e-09
HXK1	LAT1	2.3990201525915286e-09
VPS8	BIR1	1.1746382881933213e-10
DSL1	AVO1	2.5580159042477347e-09
COM2	ZNG1	5.73871634885658e-10
KIN82	PES4	1.1510637832906852e-09
IRC8	PEX9	9.089992838213153e-10
MRH1	PKR1	1.6979923764879567e-09
MUD2	YOR186W	6.155091701652444e-10
COS12	AMS1	4.569242887821215e-11
NGG1	SMI1	1.6814246293782014e-10
YGR035W-A	VPS53	4.604459957246972e-09
AIM22	NOP8	7.734366439971585e-10
SFC1	TFC7	1.357724652073768e-10
PDS1	ATG2	3.4917424587518332e-09
SEC9	TOK1	3.4216533014324757e-10
SAP1	ODC1	3.1668241768080453e-09
PCL6	STR2	1.3582979591967793e-09
SPO74	GSP1	1.321868227087514e-09
AIM9	RPL22B	1.8671008210799427e-11
RRT13	HMS2	7.713406517974602e-11
ADE12	TLG2	1.2989134427430382e-11
CTK3	PIS1	2.856540820236045e-11
PCT1	CSM2	1.778658058622216e-11
IKI1	NAR1	3.7047686017898615e-09
BIT61	ADE16	1.903119296092369e-09
GLY1	LOH1	9.376408244499791e-11
YKL162C	YKR032W	1.1678145756538111e-09
KCH1	SGS1	9.009175898476441e-10
BBC1	AMD1	1.7797823859609798e-09
DCS1	IPL1	1.2302829444263428e-09
SWC3	COQ5	1.5232603789274443e-10
GFD2	YLR361C-A	6.562507773180274e-10
SET3	SFP1	3.259442433002373e-11
SNA2	YMR254C	2.2569235577787258e-10
HTB2	ICE2	5.496786449336775e-10
MRH4	PMC1	6.024085223782086e-10
YHR125W	RPA34	1.4068568771881492e-11
ATP3	SPT8	1.7872544082796533e-09
RSM7	PPZ1	1.0151767519947622e-08
BAT2	RRN5	2.4589122474665303e-11
THI21	CIN2	4.5849301878615365e-10
NBP35	MCO32	9.089186148029963e-11
MTG1	HRT1	8.976756517740088e-12
YDR157W	YIL092W	5.393689619594631e-10
UGX2	OSH7	5.84136161882126e-10
NUP157	YJR146W	2.9645063142132743e-08
IGO1	SNR51	4.094147682376586e-09
OM14	ALP1	2.151199031490084e-10
CSC1	APJ1	6.833019772775638e-10
MED6	CST6	1.1762590335381493e-09
MEF1	SUT2	9.806837775670702e-10
SRD1	ILT1	1.7609381841044763e-11
RNQ1	STB6	3.2646758783571065e-10
SPO22	DCI1	5.3054798540984e-10
MEU1	NAM7	3.416507144053527e-11
REF2	DSN1	1.7229680389131393e-10
UGO1	ATG2	1.4028570457640486e-09
PAR32	MET5	2.2666619099630595e-10
GCD11	FPR4	2.1611541989901877e-09
FAA2	TAH18	1.1558080160917947e-10
YJL107C	FMP30	1.9190605412809054e-09
LCL3	CHP1	6.5395670044220185e-09
PUS9	ISF1	6.085778303158397e-09
YSC84	OXP1	6.547454568621267e-09
CAF20	BEM3	9.939156447858224e-10
MTG2	PBI1	6.130061647228713e-10
PFD1	TRS33	8.210458728227806e-11
FUR4	APA2	1.719659077047929e-09
SHS1	URB2	3.624953362674853e-09
PCK1	RIM13	1.128638416248824e-09
ZIP2	YGR050C	9.591937039120792e-13
YJR107C-A	CUS2	1.4446012795557503e-10
XKS1	DYN3	9.92619716754187e-10
MRP49	GTT2	1.166784283018945e-10
PAN2	SPO16	1.8591662454896471e-09
EDS1	TOM71	1.0909954720345381e-09
SRP101	QCR7	7.410434958583366e-10
RPN13	YML018C	7.734612181222292e-09
ATP14	END3	9.274269145781352e-10
HIS7	TMA46	3.3914517225676525e-11
RHB1	GPM3	1.191082982437699e-11
YBL029W	SPT8	6.138052575614268e-10
MOT3	RTT10	3.3106290641019052e-09
SUS1	SMF1	1.0040229275980745e-10
MCH2	TUF1	2.4022433134893653e-09
DOT5	YNCN0015W	1.7813963228637697e-10
KDX1	SEC62	2.650099951144507e-11
PHO13	STE7	7.165843116078827e-10
RAD57	MF(ALPHA)1	8.22871024711297e-10
YDR209C	BBP1	4.329005852800027e-09
AIM10	LEO1	8.585722038497919e-11
PRM7	PEX15	6.033388778309733e-11
SUF6	MSD1	3.044685677879554e-10
INH1	ATG1	4.096443886103418e-09
ARC15	ANY1	7.057503181665812e-10
ERG2	RFA2	4.1917108229735224e-11
MIG3	CNB1	4.0441713910840773e-10
INH1	RMD8	2.285009302843457e-10
YPF1	RPS6A	2.870317757083263e-10
MTF1	OST3	2.0418011028503766e-10
MNN2	MAC1	2.661904029461877e-10
RPP0	SEC62	3.2458167720317043e-10
EFB1	CIS3	2.8465345590307096e-11
SLA1	VPS34	6.933361689603836e-10
PRM9	PSD2	6.794126678822722e-10
ILM1	OST6	4.851512344169858e-09
FAA2	SPO12	1.0142257362714643e-09
NAT2	NCR1	1.3846984252301945e-09
YJR154W	ADE2	2.1054827467082584e-09
YGL082W	RSN1	1.1425313622548284e-10
GAP1	MGR2	2.515497427016144e-09
FIR1	GCR1	1.3817961076299378e-11
GLC3	EMP24	4.834162996849735e-10
PGD1	MAD3	1.6607221924531563e-11
SSS1	BNA6	1.8775329589850537e-10
TRM7	SIA1	2.405217709733398e-09
EHT1	YPR196W	4.039804054331423e-10
SAC7	MCA1	2.3687242794043966e-09
PRR2	HCS1	2.9834146826126874e-10
KCH1	SRY1	2.2048462787476727e-10
RPN14	RTA1	1.7908020664565355e-10
MNP1	DLS1	9.70108096156183e-10
RPS26B	AIM32	3.943530451108882e-09
PEX21	RHO3	8.565294771135978e-10
YGR079W	YKR045C	2.608305561407737e-10
YBR071W	LPP1	4.926137109452366e-11
MSN5	AIP1	1.014080203103726e-09
MRX18	MEF1	4.98807352157505e-11
PMC1	JLP2	3.193237015104931e-11
TSC10	CLF1	3.736997641144274e-09
ADH3	HLJ1	1.1834605905377583e-09
SRM1	BUD6	2.5061939222508206e-09
CGR1	TML25	4.496001362727467e-09
TRR1	SMK1	9.213353477234355e-09
SNQ2	SMC1	2.928857525686652e-11
TPT1	ALD6	4.089618744634527e-09
SWA2	ESC8	2.683105332357036e-09
VFA1	PEX31	3.5997141808570033e-10
CFT1	YNL058C	6.020079698832254e-10
TOR1	SIS2	2.1443795105637415e-09
TOS3	YML131W	1.9761474610761114e-09
RPT2	NMA2	1.5009750340996292e-09
PRP16	PKH2	2.360271283881356e-10
TOM71	NOP13	6.933949781849492e-10
EBS1	ADH1	6.366230002479414e-10
YBL029W	COX7	1.0474584707413654e-08
SEN34	HOG1	4.528804323609811e-09
REC102	ALO1	1.202441433734075e-10
TFB5	GAP1	1.0407761243702914e-09
MPP10	SRL3	5.89277810917276e-12
YCR085W	YET2	2.474586579684115e-10
MVB12	EXO70	9.194962372705249e-11
RPL13A	FAR10	4.2206996138678314e-09
SHE1	VPS75	2.1836704662104507e-09
YIL086C	VPS70	1.1669971376813574e-08
TDP1	KRE28	3.768789120792399e-10
DCV1	DDE1	3.797381772620013e-09
PKC1	PRM3	1.6175520238514679e-09
SXM1	YSP3	6.685716664374477e-10
HLR1	GIP2	1.6459345264928723e-10
SMY2	BNI1	8.377724439552115e-10
RBK1	AXL1	9.42662603298558e-12
TFG2	TPK1	1.8145921616442769e-10
COX12	GAB1	5.274112454521404e-10
RNR1	UTP14	1.5376321065501668e-09
CAK1	YFL012W	3.2946674468868476e-09
SRB4	YSP3	8.100712834699199e-10
BNA6	RRT7	1.9307140553590115e-09
SAS4	DSE1	3.027375003351345e-10
PHO3	AGA1	1.2024741702821402e-10
RIM8	NUP192	1.129095823313634e-09
NRS1	YLR358C	9.429700885666268e-10
CSS1	LIH1	7.093964595606892e-10
UBP14	SPT7	8.803849884446712e-10
SPT7	PRS1	3.841279792889639e-09
HSL7	DSL1	7.328122012463905e-10
AFG1	ART10	2.4826599992137817e-10
ARC40	YOR192C-C	2.676882808492474e-11
SMC4	NCA2	1.1420137876320094e-10
YFL051C	RPL3	6.296858544453176e-10
VPS41	YER084W	2.494813096874324e-09
MRPL16	ATP7	1.5826448644622162e-10
RAD57	YGR146C-A	2.2281529637442418e-11
YDL242W	AIM33	5.522777114939486e-09
YDR209C	PSY2	1.6933220630514556e-09
YML131W	FIG4	4.1369770440884203e-10
YMR099C	SEY1	8.817281267229971e-10
CNE1	RPL27B	2.0810373393213163e-09
YJR012C	YNL195C	1.7593955351776486e-08
YCK1	TOF1	4.747484938936139e-10
UTP5	RPS5	5.186578336973713e-09
HSP104	LIP5	1.6322156894323556e-09
VMS1	TDA7	5.543701883887536e-09
IDP3	COX11	1.5122922654275267e-09
CTS2	PRP43	1.9893614929540164e-10
ESP1	MSE1	2.746923186199247e-10
RPL12B	SIT1	1.8662663087526616e-10
DUN1	YIP1	1.2008150970228864e-10
YDR034C-A	VPS38	1.8842831018127472e-12
MTQ2	PDR11	7.976927710307242e-12
RNR4	MED6	3.0563745316028805e-10
TAD1	RRP3	2.041810396250833e-09
IML2	EMC3	1.7226904362515176e-10
GLC8	HOS1	5.445122233705189e-09
YOL014W	RTS1	6.510558995488865e-11
GUT2	YPL071C	9.460852477619012e-11
APT2	YRA2	8.42317156005887e-10
PET309	ITT1	3.0639280088643216e-10
GTA1	MNN9	6.71274599488544e-10
HSL7	VTA1	5.074121012047855e-11
HIS7	VPS73	1.0222041958384234e-11
FUI1	HXK1	3.0578105726490566e-10
AGP2	NPR2	4.2986389581462824e-12
SCS2	PXP3	7.915637189854442e-11
DMO1	ECM38	6.4411737376302935e-09
ILS1	RNY1	1.0270071416576993e-09
YNL143C	YNL115C	1.2175331501732751e-09
MIG2	YKL063C	1.69379323419374e-09
PSY3	YPL071C	5.983269696367889e-11
YGR050C	MGL2	1.1864763827827018e-09
KOG1	ERG8	6.7908922156582666e-09
CTF13	VPH1	4.8515471279048716e-09
TLD1	PKP1	2.473331413555023e-10
SRP21	YOL036W	1.081493517451561e-09
VRG4	SSH4	1.886922056597256e-10
TOM71	YKL091C	1.5804119281352316e-09
MLF3	TIM18	1.527902569603556e-10
TPI1	GTO3	1.012116349304373e-09
PSG1	SLG1	9.50410149204668e-11
BUD31	IKI1	2.9122870376015205e-09
ISA1	RPS17A	2.806306493832348e-09
MRX18	PUS7	1.8483034486615006e-09
MRH1	ARH1	2.3533218276765787e-10
BUB1	TIF11	7.64976603869017e-10
CAB5	CFT1	4.2942187949490835e-09
RPS21B	SFG1	2.0049346850739185e-10
ARH1	MIN9	1.6018073464787219e-10
MAD2	GAS3	6.22409116522419e-10
ARG7	PUT4	2.0155596447052185e-09
PMT5	YOL118C	8.831873114767189e-10
YFR057W	STT4	7.355630471346813e-10
GPI10	RTG1	2.3873862481301984e-09
PAU10	YGR130C	2.8498304925637567e-09
RRN10	SRM1	8.216497107585585e-11
YKR032W	MSA1	1.8527064342364775e-10
GCD11	GDB1	1.4556902732239322e-09
YOR111W	THI6	2.4305496067266614e-10
YBR238C	YOR062C	9.141198802570368e-11
YLL056C	BAG7	4.435197483276351e-10
GPI1	YOR192C-C	1.3557233795418593e-09
DNF1	AZF1	4.47127592442135e-11
MET6	PER33	4.715779688193085e-10
VPS41	BEM2	7.215518420219966e-10
GAL83	RNR4	5.685744744781775e-11
SUR7	PTP2	2.204443143084335e-09
MRH4	DFG10	7.940694558314814e-11
TAE1	RPS25B	3.3320354688734324e-09
URA2	LIP2	8.115295056733832e-11
HMG1	DFG16	4.783327386210449e-11
PCL1	YNL193W	2.3450564221797453e-09
IZH1	YJR115W	2.1095579694470392e-10
BDH2	KHA1	5.246527697753921e-11
CDC36	NOP10	3.825560479259553e-12
GPI14	YOR376W-A	5.3839828505504895e-09
RPN14	PRE2	1.795247243974899e-10
SRD1	GUD1	4.1779966328762504e-09
QCR7	VPS36	6.739076469256938e-11
SDD1	MEP2	1.6688550283052517e-10
SSA4	YHL005C	1.4588791588140743e-09
YNCE0018W	CQD2	5.4150329697431615e-09
SSP120	RAD10	1.507713932054799e-08
ARI1	TKL1	4.113888701848403e-09
NCP1	DID4	7.412261487622638e-11
RTN2	RNR4	5.127273659493633e-11
APA2	HOP1	1.1621451904395018e-10
YNCD0024C	RPP0	2.58501421727712e-10
GCD11	REC8	3.9336199268711116e-10
CWH41	STO1	1.6559659356215018e-10
YEL067C	THS1	7.948591999038339e-11
BOI1	SRY1	2.6447698622102944e-10
PEX10	HSP10	8.391389162688832e-10
SPC1	VHS3	9.282771419621919e-10
TRS85	NCA2	8.561511320341912e-10
PHO81	RAD50	2.7858024718223963e-11
PRM10	ISF1	2.333309028713065e-10
TRP4	AIM41	1.1258799084363264e-09
YER039C-A	FUS2	6.648611362493062e-10
HEM3	CAB3	5.018025192215316e-11
RPS9B	SEC24	9.291519051762182e-11
ORC6	USB1	8.785883975380698e-11
AHA1	BXI1	4.352840775349521e-10
USA1	CIT3	5.064336838951829e-10
PDA1	IMP4	3.0382116700852894e-11
MRPS35	MNN11	6.056588154566312e-10
TMA64	GLO4	1.555368308037022e-10
ARP2	TIF3	3.425887045805458e-10
DUR3	YLL056C	1.718332728816441e-10
MAC1	SMM1	5.417734195926889e-10
KCC4	COG8	6.513271074195672e-11
RUB1	CKA1	4.1766026322763564e-10
PPE1	RPN2	6.721724811605982e-10
ADD66	YPQ1	2.486988271467106e-09
NOP10	ZOD1	2.5430270690708465e-11
SRP14	RPS21A	1.3379862816971402e-10
PTC3	SLU7	7.336439459666556e-11
LAG1	YPT53	3.2041798226034565e-08
RCF2	ICL2	1.3908875616580486e-09
ASN2	YPR071W	1.3976380453542254e-09
SUC2	MIH1	1.0312176817242944e-10
SWF1	FKH2	7.373339893277084e-11
VMA11	RTC6	1.105897509891626e-09
RPL10	SGT2	2.2558412056583252e-10
YBR197C	ACF2	1.445331432121207e-09
YDR169C-A	OPT2	5.9156871504488036e-09
DOS2	SEC8	9.218816538543106e-12
CPP3	YDC1	2.5053594920013483e-09
CCC2	EFM1	8.763193354642268e-10
PTR2	NOP4	4.094592782485879e-09
YCS4	DAK1	2.171451006458779e-11
RPS6B	PAN3	3.7215897062542356e-11
ATP25	DYN3	1.4375785839698926e-11
HIR2	CQD1	6.136702421772279e-10
IFA38	CDC3	8.065792281732195e-11
MUM2	SOK2	4.1189050234477964e-10
COX18	OYE3	2.6743421641887874e-09
TCM62	OSW7	1.0238459084057555e-09
FMP16	LOS1	7.797185541083845e-10
TOH1	TSR2	4.114448294275274e-11
SEC18	MLO1	8.203594552267665e-10
HXT1	AIM29	4.627156927025081e-10
MSN4	IRS4	1.8932167648215244e-09
DOG2	EFM4	5.198734085833571e-11
RRT2	YMR155W	5.698083500038802e-11
MET5	SCS7	1.8663430420356963e-09
MAM1	PTH1	6.994596187116304e-11
SWC4	VIK1	7.900032205436085e-09
RSM7	HUA2	2.443800022527739e-09
HCS1	VRP1	1.1462984587261351e-10
RIM15	YNR065C	1.3199259213524614e-09
RTK1	KDX1	5.59856783706477e-10
YPT52	FYV12	5.820331626058974e-09
PDX1	CCT5	6.218265630585485e-10
VTC5	MHP1	1.2495212981370124e-10
YDL009C	YLR379W-A	8.206650501344902e-12
GEA1	COQ2	2.5019511859103726e-10
MTC3	YLR146W-A	3.165953104342539e-10
MRH4	BAT1	1.437067423904605e-09
VPS1	APP1	4.3771512788694946e-09
YPK1	PDS5	8.492179807052022e-11
PUP3	BAS1	3.642234586797336e-09
DMC1	IBA57	3.1042798515959607e-10
PET9	SPC19	2.3375847062218813e-10
YGL193C	SUV3	3.0457995792718045e-09
LSO1	YNCO0002W	4.9480722753646156e-09
YJL132W	ENV7	1.2109917101441227e-09
FYV12	IQG1	8.044509054568865e-10
AIP5	CDA2	9.084659225199383e-11
MSH5	SRM1	1.7294672668906923e-10
APC11	MLG1	9.35094966120973e-10
YLR365W	YPR148C	2.3796407567062954e-09
UTR4	LNP1	6.489997303581429e-10
YKL097C	YOR131C	4.6133618702502364e-10
SPO14	ECM38	3.2438780490794627e-10
GUK1	SWI6	2.4872293690473245e-12
DPB4	FAR1	2.5651351472421154e-10
DUN1	KES1	9.801209857203036e-10
TRS65	STR2	1.772181423300059e-10
NTC20	ASI1	2.40444933035409e-10
YHR022C	SNF2	2.0266096041629355e-09
TPA1	PRK1	1.0257422029133544e-11
YBR062C	YNR014W	3.759261440886296e-10
RRP46	YGR161W-C	2.575672797421617e-09
ATF2	YSC83	1.0081554906675645e-10
COX18	YMR099C	3.869955640291143e-12
KIP1	GDA1	3.135832379868567e-09
GPA1	MCO6	1.0417540401681969e-09
HHT1	TOM70	1.2916284621152212e-09
PDP3	SEG1	5.385440252688291e-11
PRO2	FRE5	1.7246157592874907e-09
HUR1	YPL162C	2.4828234140896623e-10
OST5	ECM30	5.992532227567867e-09
YSP3	MET31	6.44049589847685e-12
CWC24	YPL088W	1.0229830187772334e-09
YHR175W-A	HRD3	1.7744861440046906e-10
NVJ1	VPS13	1.0426648155062536e-09
IZH3	SEC59	9.72166980722098e-10
COQ6	RIX7	4.628797057977217e-11
YJR096W	DED1	1.1304973476301899e-10
CCT4	TFA2	5.239165169966962e-11
RPL27B	NNF1	2.8197515385938146e-09
YHI9	FYV12	7.504992220947909e-10
DIT1	LCL1	7.944303194075943e-09
DET1	HMI1	4.391657757788765e-10
NNR1	ISN1	1.7594156666177816e-09
YCF1	HUL4	5.62188885233136e-10
SKI6	MCO12	3.4705975338555914e-09
CHO2	MSC6	1.7582639652414492e-10
FLX1	PHA2	1.211412856554304e-10
KAR4	ATG21	1.9249806777680903e-09
VPS20	HER2	7.569905112899244e-10
MRX15	MED1	1.620561488567379e-09
FUB1	ARG7	4.058229864451525e-09
CHS3	YPT1	1.2705379594674393e-09
ECM5	CIN2	1.9138520698028953e-10
GBP2	GYP5	1.499795051564449e-10
MIN9	CHS1	4.190308325279824e-09
CPR4	NPP2	3.276517371724811e-10
CSM1	SPC34	3.494443083295674e-11
SPO22	PPT2	1.4077197609898594e-10
YBR072C-A	YHR078W	8.200327832844876e-10
COG6	ASN1	2.677947109064597e-10
HEH2	ADI1	7.298284440665834e-11
YGR054W	ATP14	4.016633201612873e-09
AVT1	MGL2	6.281588461215608e-10
IRC8	SER1	4.163125483816797e-10
SPG1	HYM1	1.259307030504061e-10
SPO21	PXA1	4.749129389498002e-11
MAK10	RPS29A	2.3874323789982813e-10
PEX27	TIF6	1.0405013484917994e-09
NUP60	TAH11	5.881068127915844e-10
KRR1	SIS2	1.5453102007000512e-09
MHR1	EAF3	2.042653982623389e-09
ATG15	MGT1	3.237756837737652e-10
FPR4	PIN2	2.6337888088853663e-10
TMN3	ROG1	5.674291471684894e-12
DOG1	HPA2	1.5136037127306507e-11
CDC14	IRC6	1.091115129496961e-09
RFC5	RCF2	2.479936829862792e-10
DPL1	COY1	1.3606843668241183e-10
DIA3	REG1	2.178866616142837e-11
RSC2	FMP30	9.973651909898964e-11
PNP1	CCW14	2.1604330526566994e-08
DIP2	IES2	3.983744054416676e-09
YDR514C	NUP100	4.237161928260751e-11
NRG1	VEL1	8.787863848851064e-11
SPC1	UIP5	1.1080964440613627e-09
YFR012W-A	PLB2	2.2417208739193023e-10
YHR078W	PUL4	1.1296795492997815e-11
RPT2	RTF1	1.7829809180102724e-10
THP2	RPP0	3.523090582611079e-10
MPC1	UBR1	1.3599389808741946e-09
PHO2	RSC4	4.946479264697465e-11
HSL1	HFA1	2.7293809806862856e-10
VPS54	RSB1	6.48309486829022e-09
DSF2	RPC10	6.829380892548596e-10
BPH1	PLC1	4.622550143767579e-10
CWH43	IES3	5.800262047243462e-10
ENA1	DMC1	6.234088985130385e-11
BOL3	NUP1	6.930699853355699e-10
ATS1	YEL1	2.006249657840894e-09
PAU16	TFS1	7.135193219409815e-10
RDH54	LOH1	1.6865390874347834e-11
RKM1	YPL162C	1.4195432262022219e-09
NOP6	PET309	2.1382988847780787e-10
CAK1	KEX1	2.4378014644064634e-09
KGD4	BRE5	8.387317764104215e-10
NNF2	SLP1	6.215929448132571e-12
PST1	ANR2	3.1881868118095284e-10
CAJ1	YPR170W-B	3.127573170947587e-10
RPL22A	FMP30	2.4871007688878413e-09
GCN20	YPK2	5.052346244214013e-10
IOC3	COQ3	3.5473268636082925e-10
YEA6	TIF34	1.187548726625688e-10
RXT2	NPL4	4.343340873901025e-11
CFT1	MPC54	3.4858668511911344e-10
PFD1	TMA22	2.525965673558243e-10
TRM82	ARC19	9.085603714955397e-11
CDC26	NHP6A	4.092810152322104e-10
RAD3	ALG6	1.3440331812817375e-09
SED1	PET494	4.700958629746191e-10
JHD1	YGL159W	5.520946757376717e-11
SRP21	RNH1	8.425036135742409e-10
ECM22	SNF2	1.3026273825871488e-09
CTA1	ALD2	1.2512359912269663e-09
FIG2	PRE10	5.2015337523103455e-09
MAS2	ABF1	1.5260968569363333e-09
IRC4	PAU17	7.873870717019862e-11
GOS1	COG6	2.5327938841802232e-09
POX1	STE11	3.123433361091292e-10
MSI1	SIS2	4.3300659790328356e-10
DFP3	PGA2	3.0687540937620644e-11
FMP16	YPR071W	3.259629535870706e-12
MED2	YOR012W	7.115751798085367e-11
VPS25	DIA2	6.192404472876343e-11
PUS1	GLR1	6.423660046381539e-11
YOR029W	UBP2	4.242528784836453e-12
DBP9	MOD5	6.652083903356016e-09
HNM1	TIR3	4.775295674543579e-12
DIG2	YJR098C	3.0527619821665707e-09
RPL28	ALD2	2.0898343721421503e-11
HAL5	RPS18B	4.247040216778452e-09
STE11	FAR3	7.342874488518509e-11
GET3	SMC4	6.09588952139124e-11
CST26	YIP3	3.459572508878876e-10
SAC6	NCE103	2.3713912849173456e-10
CPA2	USV1	1.967299727224565e-11
ECM22	DBP2	1.4208947899384113e-09
MHP1	PET494	2.303481924624623e-10
ATG22	IRC24	3.6150263129573597e-09
PGI1	WHI5	6.826747338190254e-11
GPD1	SPT16	1.8774176318148457e-09
MAD2	EAF3	2.1404652091962392e-10
DFR1	COX11	5.949438139587449e-09
GAT1	MLO127	1.8544832983942896e-09
ENP1	PNO1	2.0261422083454707e-11
SLM4	VVS1	5.01456398049515e-10
DLS1	SAM1	5.370903196603586e-09
POX1	YPT52	1.4661332378201594e-10
PCA1	SYC1	1.1524147637630256e-08
MIH1	MPD2	3.970019537898071e-08
FAB1	ETT1	7.100012713731938e-11
ADE16	ADH1	1.013987499501007e-10
YBR219C	UFD1	2.3456096391035014e-09
DOA4	ROY1	2.9005228330062306e-11
SAP4	UTP8	4.12803151197019e-10
LYS20	JJJ3	1.7992263075136715e-10
TYW3	SNF12	9.802484489562252e-09
CKB1	RDS2	3.0379107412883606e-09
RIB1	PCS60	8.504585033767434e-10
TRP5	USB1	1.1372873562894898e-09
CHL4	RPL39	2.9324877447351594e-09
ATS1	NPR3	3.244931277662088e-10
UBP6	FAT3	5.031995498451255e-11
PMT6	VPS34	1.0931344676759201e-10
RIC1	GAS2	1.1882455792491818e-10
YBR219C	FCY2	5.0641920426815414e-11
PAU10	CUR1	1.1623252181329188e-09
MYO1	MRPL6	2.206295055113971e-11
PIF1	FRK1	1.3876990172657314e-09
PNC1	PRE3	2.666046620447295e-10
SHQ1	GAG1	8.007772552186847e-10
BNA4	GTR1	1.8619401069597543e-09
CSF1	RPL6B	8.467388589545118e-11
YGL194C-A	MMF1	2.1459302535632324e-12
HXT1	SUN4	1.1143198931471064e-08
SCS22	DPB2	6.138613406238622e-11
YBR196C-A	RPS30A	1.222552601565107e-10
RPB7	ADD37	7.420806744881845e-10
RTN2	RPL24B	4.847378026083572e-11
PRP42	PRP28	1.1285329194043187e-10
IES5	MTQ1	9.963012958458074e-09
YDL241W	ZRT1	7.335779810288908e-10
COS9	YRM1	1.6516260729789635e-11
RAD3	YHR131C	7.186824707458743e-10
YIR018C-A	CDC25	1.288718136542885e-10
DCG1	YRR1	5.379901751648698e-10
YAP5	KES1	1.0289009964306902e-09
HMO1	YHR175W-A	2.198761944883363e-09
DPL1	NNT1	1.7711899078961927e-10
PBP4	ALG2	3.419390944683567e-11
MSO1	YOR365C	3.30395772650293e-10
CIN10	KXD1	3.1263114651935184e-09
MRPS9	PHO80	1.428611299966372e-09
ERG24	RIA1	5.232810613430729e-10
SCC2	VPS64	2.5432137576892867e-10
ARL1	PCT1	1.0149553345398793e-09
RTF1	MSC3	6.174604497421199e-10
MFG1	ASM4	2.7066195437440454e-10
PRS3	SAM37	3.6167395937033466e-11
YLR030W	SEC14	9.82778575363073e-10
AVT2	MGR3	4.687345428249496e-11
RPL21A	RRP9	1.1881451360049533e-09
YIP4	YGK3	2.0968546153686416e-09
NMA2	MIR1	1.0575353798400435e-09
AME1	KIP2	6.908624421325016e-10
ECM13	ZRG8	7.425574249321388e-10
SSF1	CAB3	2.9625674302928044e-10
VTC2	BYE1	1.401736799495412e-11
MPC1	UPA2	1.5107997159616618e-09
FRM2	CQD2	5.25606382376229e-10
ARB1	HOG1	2.5945431585711237e-09
SWI3	MDY2	4.84877617793365e-10
ATG15	PSD2	1.457548032878827e-09
RMR1	RRT6	1.3910549407081435e-09
MRPL31	SEG1	1.8781659328215404e-10
PRP6	MUB1	2.3245694385440587e-09
NOP6	ECM12	3.429114218171796e-11
ECM3	OPT2	5.38590218711803e-11
HXT8	ATP15	3.0459021259780123e-10
SOM1	LSM4	2.8321430055847805e-10
MOG1	YOR283W	1.300786956925728e-11
KCC4	VPS64	1.3682319367505778e-10
TUP1	INA1	8.39022017316224e-10
TOP1	PNO1	1.9906675873594756e-09
POP8	ALR2	7.793800787223307e-11
NNF1	SNF7	4.4270645246422884e-08
POP7	HHY1	1.1893185189475527e-09
YDR124W	CPD1	2.0970448767937778e-10
SPO7	APC2	9.954998250368477e-11
PRP45	BMS1	2.8804278405515686e-09
YCP4	CLB4	3.5967748845496323e-10
MHR1	OYE3	2.2205607684521676e-09
MAK5	TIF4631	2.671145640227593e-10
YOR268C	HRR25	9.126229294016324e-11
RER2	DLD1	3.224712406867363e-10
YNL194C	SPO19	4.6025551841618806e-09
YIL012W	PEX13	5.277123686703526e-10
COQ9	GCV2	1.875785951196351e-10
MAL13	YNL042W-B	2.443834837684375e-09
VMA22	LPX2	8.611038374747803e-10
DFG5	CBK1	1.4999655722857325e-09
ARB1	RRP5	7.350067809372777e-11
TGL4	DDP1	3.984695001736736e-09
AFG1	PTI1	1.22071880444272e-11
HSP12	MGA2	1.155798943098583e-09
YHR140W	UCC1	5.278098862083128e-09
RTT105	SFI1	4.495016106363318e-09
IPP1	ERG5	4.694361974525831e-10
POL5	BCK1	1.0844298520868135e-11
DER1	ABZ2	3.9229310212729104e-10
VPS36	RFC1	1.0100704585608792e-08
HGH1	CIS1	2.4117742182212707e-10
CNL1	DBP7	1.2155320249302171e-11
PMA1	FBP1	1.3006312987015577e-09
SEC65	WAR1	1.2032400927988722e-09
CEF1	PRC1	4.46587631514954e-09
UCC1	JLP2	1.2173377567837501e-09
FPS1	YMR321C	1.3233479056119418e-10
DAN1	SBA1	1.4006402634586754e-09
NHX1	NKP2	4.245243066278104e-10
CWH41	VAM3	7.793182159821052e-11
UPF3	YHR022C-A	1.0143409674935066e-11
TOS3	AIM44	8.445244830216531e-10
ROG1	RPL8B	3.1095873685137815e-10
FET4	YPK9	5.218166488559974e-10
PET309	AFG2	2.759170290968839e-09
ORM1	BET4	4.744500221960744e-09
FDC1	YLR264C-A	2.183134141213759e-10
NGG1	POL2	2.434938041215238e-09
CEF1	DFR1	6.312268021859179e-09
DPB11	TSR2	5.933368690298599e-09
DUG2	NBP35	2.164285730052311e-11
YGR079W	VPH2	1.1951117277946373e-09
CEM1	SCD5	1.3681067603749142e-08
CBF5	RCL1	8.391388720822279e-10
CDC26	SOK2	6.355350010729995e-10
CST26	YMR122C	1.8048262480337294e-11
ALK1	MMR1	2.6400681936210956e-09
AGX1	REV3	3.7672764582824784e-10
FMC1	RKM1	2.363910231687989e-09
HIS1	GAS2	1.2898677172380435e-09
ARC1	SSU1	3.1398078631658757e-10
AFG3	TUS1	1.1509053711858292e-08
RPA12	MRPL10	5.731017541494731e-10
SNX41	YHR020W	3.057875026250184e-10
MNN14	PMS1	6.660688871515353e-09
SUP45	YOR111W	5.308537747388467e-10
CSM1	EMC10	2.927854283460101e-10
MNN2	SYO1	5.774176366942062e-09
YAR035C-A	VAC17	2.911666833708402e-10
NOP1	FAS1	1.8252547550498556e-10
PET191	GLG1	8.356566985284294e-11
BIM1	GEP7	1.6172128765435227e-10
RPL26B	RNR2	3.209526572852476e-09
OCA4	AQY2	7.736388131270185e-10
HIT1	HST2	1.7577827929595947e-09
ATG16	SSB2	7.665361212840483e-11
BLM10	HAP4	1.0416378148365883e-10
ELO1	NUP82	4.99010546746103e-11
RLI1	CHP1	2.1797192197492545e-09
GAL83	UBC6	9.91265325072061e-10
RPS26B	ERO1	1.4392230610437486e-09
PHM6	RGA1	6.646982031801233e-09
AIM10	BER1	3.1497425811960443e-09
KRE5	NEW1	3.7173345045736655e-10
ATG45	TOF1	1.0990987154523735e-10
MFB1	SMF2	1.135882864515163e-09
YEL028W	FDO1	3.647745104573828e-09
ECM31	EMC10	1.996338881437292e-12
PHO8	YPS3	6.428977093557502e-10
REX3	PDR16	2.828057905120067e-09
SEC53	YNL190W	9.768883837513273e-10
COQ1	SUT2	1.247834513552322e-11
HSU1	YKU80	2.1495466753858087e-09
KAP120	HAT1	1.0897844262807156e-09
KGD4	PAH1	1.014988719158888e-10
RER2	YNL019C	1.9154211993012526e-10
MNR2	COX10	6.663094864351603e-10
RXT3	YPF1	5.137175085541901e-11
TIM22	IRC25	7.158931881330843e-11
YDR476C	MIC19	1.1156517630523003e-09
TOK1	CMG1	2.5854326044364085e-09
REF2	PAC2	4.4304371657900964e-11
TAF6	SOD1	1.3471613313536561e-09
SRP14	TOH1	1.5381036349731208e-09
GAP1	ACC1	4.29691066001228e-10
PET9	SMK1	1.7129571633232054e-09
FMP10	SEC65	1.2658512871492381e-09
IPI1	FRA1	2.841255117376343e-10
SUA5	PSK2	3.0031476906784533e-10
CKA1	YOR019W	3.983669997582473e-11
CHS2	COG5	9.095370070432497e-11
BCK2	ACF4	2.4436126614057342e-11
YBR292C	YHL037C	2.208873221391361e-10
PTH1	TAD2	1.5366830567313306e-09
FAR8	MIN3	5.79017732691527e-11
MBA1	DGR2	8.842106422766087e-11
YIL102C-A	URA10	1.787633275708449e-10
CYK3	KKQ8	3.4015800341940565e-10
IML3	FRT1	1.965038864652974e-09
TEL1	BNA7	3.421311473467445e-10
UTP20	SSE1	1.0838618458506701e-09
YJL070C	SRN2	5.175381659466102e-10
MF(ALPHA)2	IST1	1.5586100856710164e-10
HOG1	IFH1	9.496345850316829e-11
YSW1	AYR1	3.4565794241343e-11
CTK1	XYL2	1.2440713396987321e-09
EMC6	AIM39	1.7062296920370836e-11
RPS29A	PRM6	2.1075310518220725e-09
UTP6	SMY1	1.066336556737902e-09
YHR175W-A	RGT1	3.2167210072384134e-10
YIP5	TEA1	5.37034038486326e-10
FAF1	NOP2	6.104369853084611e-12
RAM1	UBP7	3.6011702784364116e-10
MRK1	SPG5	3.7420229010727863e-10
YJR084W	YOL085C	2.2972628568562313e-09
YBR032W	GTB1	2.7180066972976895e-11
HOM2	URH1	5.333086925126784e-10
UGX2	RPL14B	6.409715311071497e-10
UBP6	OSW2	1.8921454356648217e-11
SRB8	SAH1	6.684817024073544e-11
UPA1	KAP120	1.5692552798013248e-08
YDL159W-A	FAD1	5.364687563963529e-10
ECM21	SEC17	6.2425720822862855e-09
HEM3	CUE2	3.4017895587860125e-11
HMF1	ECM23	6.707536597996437e-11
MTR2	DYN3	2.2467725834598065e-10
MKC7	MRPL35	2.357587275974704e-11
FUS1	EMI2	3.2231848447375273e-09
TMA17	LIF1	1.8499149186195022e-11
YRB1	SEC15	1.2623326301470866e-10
MYO4	NTH1	4.316990106453641e-09
PFK1	FAR8	2.3718910486130056e-11
HSM3	SEC9	2.609078380116542e-09
CDC48	HMX1	7.889580319252266e-11
YJR098C	CRC1	2.2379733742296003e-11
RAD54	WHI3	3.5324914152498018e-09
CUE3	SNF12	3.2777001011970595e-10
OST5	CAF120	1.7210405286377313e-09
OPT1	TEF1	3.944211183307741e-09
RBK1	ASI1	3.078770113364325e-10
KAP114	RFC4	8.977162877158925e-11
SSA1	HNT1	4.205457490262406e-10
DEG1	MLC1	4.758466979765863e-11
HAT2	ERG9	3.619661215348617e-11
ISU2	RLM1	1.2314024997893066e-09
YDR344C	GCN1	3.327264126054762e-09
CMR1	CHC1	4.927692700650516e-11
KIP3	ABM1	1.632745192992073e-09
DSE1	XKS1	2.101141560474547e-09
PUT7	ASA1	2.4916361093802963e-09
PBS2	HPA2	5.735892624639735e-09
ECM30	TPT1	2.112005763930347e-09
CTT1	SEC11	2.0570415817653695e-09
RRP4	RPS17A	9.008996559571658e-10
OPI1	MDM35	3.166388319640638e-10
SWD1	YOR111W	8.507264983866245e-10
PPE1	TIM44	6.19153134456856e-11
FUB1	BOI2	1.4896675685963953e-09
MATALPHA2	YIH1	4.515897818227702e-10
MPE1	ATG3	1.2115351210293867e-10
FEN2	MVP1	2.6943812338183354e-10
UBP1	YMR155W	2.342210177918432e-10
SNR56	SLM3	4.3768105997575e-10
EAF6	APL4	5.736792335639317e-10
CDC50	BAS1	3.557601411540257e-09
RGD3	YPL152W-A	3.656062181945313e-09
EMC2	CIK1	2.640972148069119e-10
YKR070W	PGA2	3.335142723567045e-09
SNF7	PUL4	1.8556880487348213e-09
SRS2	YNL058C	5.511662763196063e-11
RAD26	FSF1	5.2423035166356114e-11
RPS26A	SNG1	2.407441863962651e-09
OTU1	AGC1	1.2007485310318397e-09
MIN7	RQT4	2.3677187678774796e-09
BER1	YNL320W	8.59457398513431e-11
TTI2	GAS1	4.023252612239693e-09
ILV5	AAD14	1.7995173318718257e-10
EFR3	FIG4	2.397595764962717e-10
DLD3	FIR1	6.774887238098404e-10
SKG3	ZOD1	2.1002691712889983e-10
FMP23	AGE1	8.685047340073833e-10
ARP3	ACE2	3.4061502366906486e-09
NUG1	SFH1	3.8372021937122e-09
COR1	PAU17	1.4344384593144007e-10
STE2	ARG80	6.712921504280102e-11
SBH2	SNR51	4.359060100731481e-09
HFM1	UPF3	1.9131559652295742e-09
RPL19B	YDR034C-A	5.139250956282631e-11
CQD2	KEX2	9.376765373672298e-09
YER010C	RPI1	7.233929820591617e-10
ARC1	SRP21	2.0751104788111644e-09
GAL10	MVD1	1.9518443083218586e-10
AIM10	VPS63	1.4020620078397101e-08
YHC3	YOR302W	3.226389378807492e-10
XKS1	YIL055C	1.555578118900918e-10
COX13	SAL1	8.501422918886511e-11
TAP42	BIO3	1.140999549000535e-12
UBC6	FAR3	4.213141726357371e-11
HTL1	MLF3	1.3095837625009064e-10
SWI5	BCH2	1.0154893557094026e-09
AIM6	VPS70	1.606759698426069e-08
MBB1	DUG3	5.954970510821152e-11
IRC4	TNA1	1.44157426424027e-10
URK1	DNL4	1.9844689242887495e-09
GID10	NAB6	3.98653533346289e-09
YBL055C	YNL042W-B	8.297028505164611e-11
PTC2	BBC1	1.543656382567275e-10
POL31	HAP4	8.552151286409373e-10
ASP1	TRM12	3.922718748581079e-09
STE14	TIF3	5.817662398588504e-09
VID28	OST2	1.4694029707728368e-09
CUE2	OSW2	1.2027841079405032e-10
NCB2	POM34	3.1734269887023694e-09
SSU72	UIP4	2.636274388582671e-09
FUS3	BUD31	7.712633753628772e-10
SDO1	INP2	1.7233454162051267e-09
MYO1	BUL2	5.544193485827595e-09
SWC4	YJR151W-A	3.0821131004777566e-11
SDA1	MDE1	1.93636992071929e-10
ULP2	SLZ1	1.0479355764913475e-09
MBR1	RAD17	2.5213716142034678e-11
SPE1	YPL071C	1.720022556474033e-10
CIN10	RRT6	3.0274398472679274e-10
RSM7	MRP51	5.9151574843719105e-09
ADE3	NVJ2	7.867375537286371e-10
UPA1	INM1	2.6613516410379064e-10
MTQ1	IPL1	7.020375786456771e-12
HTA2	BNI1	9.258964975371734e-10
RAD26	RTG1	6.84617714473675e-10
RSM10	TAG1	3.411873787169442e-09
YEL009C-A	YMR1	2.8878506683940616e-10
KIN28	KTR1	1.3773855177180943e-09
YMR315W-A	YNL040W	1.4320535491776637e-09
AIM6	POT1	1.862360012744615e-09
THI7	MRPS17	1.438093304497668e-10
YGL159W	HOP1	5.585043686924097e-12
CIN8	SDH2	7.32727464237692e-11
CTO1	POP1	2.0550569337260553e-10
RSR1	RPN1	5.230067346499757e-11
FUN12	FRE2	2.963853198262995e-09
YSR3	SPC98	1.8145870065344974e-10
HYP2	CHP1	1.5542889290472821e-09
DPH1	SFC1	7.123271777653873e-10
POL32	INP52	6.990429353964131e-10
LCL3	YRR1	2.12056789035674e-09
CHC1	NOC4	1.2860721846385504e-09
GPI11	YUR1	1.0997832256577692e-09
SYP1	GPI10	8.345726231284738e-10
HRP1	DBP5	3.433708713854056e-10
VMA10	YIL012W	1.9645060297336774e-09
BOS1	NTE1	1.5120713931709326e-11
CDC27	ASF1	6.419312459777763e-09
DST1	ATG7	1.513096008061804e-10
RPL12A	MRS3	7.626226793469908e-10
PRP6	MIS1	1.868249961329757e-09
LYS21	RPL6A	4.3127454834944655e-10
THI73	YNL320W	5.082570020375064e-10
PXP1	CVM1	3.6050818186289233e-09
TIS11	GPB1	5.7089600452291116e-11
VHR2	SNT309	4.1933307057550653e-10
POL32	GID8	4.2105692297876266e-10
TRM82	FYV10	7.266747320146014e-11
SER33	RKR1	1.7851543049288309e-09
ARC1	FMP42	4.988271279401515e-11
VFA1	YAP5	1.049293321940607e-09
URH1	CMR3	1.631439889597209e-09
MCM2	IBA57	1.2072773896149823e-09
PCA1	YDR344C	2.616374221403395e-09
PGU1	YOR338W	2.2444505723003737e-08
SSK1	SWT21	1.0987110806547316e-08
YEL073C	BFA1	5.987302250062176e-10
MEF1	SLY41	1.1083917960815736e-09
MRX18	ARA2	2.4872453620521216e-10
NMD5	MEC3	3.1002549586893825e-09
IGD1	YJR154W	1.5526948512724065e-09
MEC1	FAA3	1.2841555179738605e-09
XPT1	RTC6	3.895671213168151e-09
ECM31	TGS1	3.4579013731843146e-11
HIS4	PRS5	2.5282347270402364e-09
YDR444W	MRPS12	2.3642096404639773e-09
IMG2	GCS1	8.917660180339522e-10
SNA2	PRO3	1.8072820476469526e-10
TVP15	HIR2	1.3682589392156024e-09
PMD1	RAD2	9.33352969552172e-11
RCR2	PXL1	1.223475672040836e-10
RAD27	TFA2	1.063213124327876e-09
TMA17	LSM3	7.094177221791967e-10
SHR3	DPC7	1.1682721432473409e-11
JIP3	SPO1	1.3734631727725487e-09
YCR051W	DSE3	2.7304509534544476e-10
NAB6	LPL1	5.158744461199877e-09
TPA1	GCD7	1.4755097370371847e-09
RPN4	YPK9	2.0711818247797127e-09
BIL2	MMT1	2.306180568597233e-09
PRP28	AIM11	6.1498958500440775e-09
HIP1	DBP8	7.018587926405801e-11
FRM2	GUT1	5.877678426834568e-10
GIP1	KEL3	3.2558923961105496e-09
PCA1	YIP1	6.9566946858939006e-09
BEM1	YNL165W	2.345445840434958e-10
TAF5	TPC1	9.975393074528543e-11
FIR1	SPG1	5.471204356980841e-11
GMC1	AIF1	6.227970488435395e-09
BUD4	RPS5	1.398404868603408e-09
CLB4	COQ11	1.1437827389690968e-09
UTP20	DSC2	2.4760950237211116e-09
UBP12	PBI2	1.8286383455765714e-11
CHS2	YLR460C	1.913172103458548e-09
GCS1	MCH5	5.324837757445992e-10
YBR182C-A	GUP1	1.1712941308326673e-09
YSW1	MSF1	7.377843755244654e-10
RPN14	SER2	6.534160981772818e-11
YNL034W	ECM23	8.938315368296065e-10
RFA1	UFD4	1.2037724899806543e-09
YDL114W	PHO85	1.8110213749095598e-10
SFI1	ATG34	6.127611984628107e-08
YER138W-A	YLR302C	6.15451264853144e-10
SMB1	TIM21	5.065509729528841e-10
BUD14	YOR161C-C	3.3113465306208787e-09
YIL163C	TIM44	8.788759311504591e-10
BMT6	FIT2	3.0724147924497456e-09
IFH1	RTG1	2.9815934307779e-12
UBC6	RPB9	1.1010009745271934e-09
FUR1	MCR1	1.8154199986304254e-09
CEG1	MCH2	7.849931973391888e-09
PRP8	RED1	4.1740701426960805e-10
SRP101	YIR021W-A	4.04519461262242e-11
MIS1	YMR206W	1.6527278270579884e-09
IMP1	MAM3	8.959780351973088e-11
YGL039W	PSY3	4.208186038317552e-10
UPC2	KAP114	5.776914323598587e-10
PGI1	CLB4	2.733016504302811e-10
RPA14	CGR1	1.2780938775155519e-09
GUP1	POC4	1.1443023160544885e-10
TAM41	UTP10	4.315223221992434e-10
BNA3	RDS3	3.797458721266578e-09
MLP1	RPD3	5.060681920930499e-10
EMC1	YGR210C	8.29254714982226e-11
LAM4	COX10	1.5022149204833347e-08
ENV11	RIB2	2.57140182137292e-09
CST26	AVT1	1.7791358232551144e-09
KIP1	GID10	1.2594540904906871e-09
ERJ5	ELF1	2.851539530668278e-11
STT3	PUL3	1.2217382527563226e-09
COS9	YLR225C	9.088702665682131e-10
RCK2	PPA2	4.5567965444625116e-10
UBP3	YPR196W	8.513741821710572e-10
INN1	YNL033W	2.3694603407075865e-10
NSL1	SCD6	9.362560146743776e-10
SRB2	YIR021W-A	2.7016167306364003e-11
RGT2	SSY1	8.446858064605945e-10
BDH2	VID24	7.975043030673238e-10
YBL081W	HSM3	1.4297695205738408e-10
FLO9	ICE2	3.1974963781321644e-11
BNA3	NDE1	9.114300386172347e-11
ACE2	YPL162C	1.2803635692492322e-09
YOS9	YNCE0018W	2.1528336549398186e-09
PBN1	SFI1	5.205497083190515e-09
GTS1	MUP1	9.203572142481125e-12
EMA19	SML1	2.3078986088772285e-10
SAS10	PRM2	2.2580651726203252e-11
ETR1	PML39	1.760097525623862e-09
IRA1	MTC1	1.9320059409828496e-10
BFR2	APQ13	3.060869420370878e-09
YEL073C	KOG1	1.858937888855304e-10
YGL039W	COX7	4.504312872580391e-09
RXT2	CFT1	5.205332920928922e-10
YFL012W	YNL193W	1.2616612636305176e-10
FUI1	TCP1	8.944024925880832e-09
MBP1	GND2	2.94146213327305e-11
CUS1	SGF11	2.3751434515594935e-09
XBP1	DIP5	1.4530613670369592e-10
YPK3	STH1	2.546958096981075e-09
IGO1	SRP72	7.671282335110905e-10
HCM1	PHM8	4.702583441794608e-10
TUP1	PEF1	2.7181386181350395e-10
ALT1	STT4	5.816867938002581e-10
TIM12	AMN1	8.858583064133991e-10
MAC1	MVD1	2.036813699838751e-11
DIF1	RFA2	3.643072789972806e-09
SAS3	CDC4	1.0891126786542452e-10
MET8	YPL077C	1.7193384144907643e-09
TVS1	EMA17	4.4582988087641475e-10
HIS6	CBK1	1.6948023867010497e-09
YBP2	ESL1	5.002091644771042e-10
ZTA1	COX5B	1.4411800299309752e-09
SPT16	GND2	2.503501952994019e-10
BOL1	ALD2	2.2649262912847477e-09
SDS24	SRP72	3.3716859270069976e-11
STV1	RPL36B	1.470350456384077e-09
DIE2	MTQ1	5.170595275994855e-11
YBR242W	DAL7	2.3968755974655223e-09
PRP9	UBI4	9.56812696130726e-11
PSR1	SUE1	1.5859262207145577e-09
GAD1	SIN4	1.9755553093966985e-09
GDI1	TRE2	3.3506140622904012e-09
MLH2	NRS1	2.8883095026221995e-09
RET1	PMT3	9.020095540384506e-09
CYC7	SOD1	2.4603607163251156e-09
IXR1	REH1	1.3717093160522815e-10
GNA1	SSN3	1.1678118746768765e-09
PDC1	YLR342W-A	4.3765980619457374e-10
URA6	MRX6	1.6987558096706363e-09
PXP1	ASG7	4.2463328564854725e-10
SMM1	MCP1	7.084108408659666e-11
PXL1	ATP10	6.074827176785576e-10
PBP4	ERG5	6.313587258638386e-10
GMC1	HXT4	1.7510445805288194e-09
MRPL38	YKR075C	5.298922613374526e-10
CIK1	YPT11	7.233665876025134e-11
RTR1	ULS1	6.119916651568474e-12
MCM7	YNK1	1.9497033138368717e-10
IES6	NDJ1	2.7423150262029863e-09
SRX1	GPH1	5.18066457178139e-09
YNCE0018W	MRM1	1.848077339234196e-10
AGE1	SSE1	2.7133105522022528e-09
CWH41	ATP14	6.903797454110407e-11
NSE4	RAD10	1.8332000459040494e-10
MSC2	PEX11	1.3710528128218732e-11
YBR196C-B	TUM1	8.391804075381649e-10
YDR124W	AUS1	1.4937331762671612e-09
DRS2	YPL088W	2.6138619449323802e-09
GGA2	SFG1	7.915498885623503e-10
FTR1	TYS1	2.8667377189254115e-09
RPT1	OCA2	1.6398610265418132e-09
EXG2	YJR146W	6.067105470406957e-09
OSW2	RPS10A	1.4389123179889912e-11
NNT1	WHI2	8.24048255680331e-10
TPC1	RPS28B	2.561809269685589e-10
YKR005C	YTA6	2.1555531292653088e-10
NUM1	COX8	2.8455498995881024e-10
CBP4	MRE11	3.067534755119908e-10
GIP2	POX1	1.8917754668258485e-10
ECM1	RPL18A	1.4991755513103404e-10
YDR169C-A	YNR021W	1.2104392477924789e-09
RBS1	AFG1	1.7521770446863846e-10
ETP1	TAD2	8.115643887120913e-11
DLS1	YLR379W-A	1.933173944131559e-09
EFM5	RPB8	2.8448562751486167e-09
DET1	TOS3	7.485318882807181e-10
YBL029W	CHS2	1.0440092522748485e-10
YMC2	LCB3	3.3653000627526306e-09
RAD34	KAP122	2.0041250372087853e-09
ASF2	SAP4	1.2611817074075994e-09
PHO13	HXT1	1.3522243062919134e-09
RTT103	GAS3	2.478600141953975e-09
PAM17	POB3	3.690177520154668e-10
AVT5	BUD8	4.2865659164238645e-10
SRS2	NOC4	3.0358745495156944e-09
YKL068W-A	FRE1	1.2915040223942243e-09
YGL006W-A	FYV7	1.2668473132741612e-09
IKS1	ERG6	2.989058965022695e-10
SKO1	MSF1	1.3476579009853793e-09
YBR196C-B	SYT1	4.4320258022939967e-10
AIM3	YNL035C	5.746200774932747e-10
FIP1	YNR066C	4.896111408204331e-09
YMC2	TOF2	3.0530850749897737e-10
EPT1	SSU72	2.8891304023034735e-09
UPS2	IES4	6.982569684223057e-11
AIM7	MFT1	3.385094293898828e-10
ECM9	ATP20	3.0431840120754728e-09
YBR071W	LAP2	6.672675334603993e-10
SSE2	YLR112W	1.626861680788767e-09
STP4	MSK1	4.176602308240884e-09
IRE1	MER1	4.2486301501498e-09
RAD57	APC5	4.4349083040204835e-09
PMT5	ARG4	2.3506641476520147e-11
VPS54	RNH1	1.5191883757146558e-09
SRP21	YLR111W	2.384578804802099e-10
YHL015W-A	MET2	1.378720359617149e-08
CKS1	IBA57	1.5113374094821902e-08
PRE3	RPA43	6.611743254577041e-09
ART5	ERG2	5.498825987512132e-10
CPP3	YLR419W	1.9018738850171677e-10
BRN1	HPT1	4.5919567497797286e-09
RPG1	YPR096C	1.402749096555649e-10
PSO2	WSC3	5.636803826357803e-10
GDH2	RRP40	2.4803560312603837e-10
IRC6	ADH6	8.047279398781214e-11
YIL086C	GUP2	2.7082752177163424e-10
MSC3	PET123	1.3327080107481196e-09
RGD1	HXT4	6.524071274664963e-09
GLO2	HAL1	7.266767646007431e-10
IDH1	IRC10	2.8217390661301633e-09
SMX2	HFA1	1.908324755465775e-09
LCP5	FMP33	1.4693994358404167e-09
RPS6B	RPS22A	2.1752090499733943e-11
LOT5	SKI3	1.9126702049162014e-09
YDR182W-A	NSE5	9.85571768494853e-11
COP1	ISD11	1.574762768172723e-11
SPC105	CPT1	2.3801217095115765e-09
INM1	MKT1	1.3387112874991857e-08
SWC3	SEC13	1.287773019055816e-10
YFR006W	RAX2	3.604416026259274e-11
NGR1	JEM1	2.555172734535976e-10
COS12	YGR153W	6.679434768106343e-10
MTC2	CIP1	2.413950422322349e-10
PCT1	PET8	3.873708854788259e-10
MET32	SIP5	2.117634848160574e-10
RLI1	DDI1	4.4739072397416133e-10
YNCD0029C	SPS2	2.9943582143495205e-09
ATP3	YPL216W	2.8186226697085413e-09
SEC14	PPG1	5.307139858362911e-10
BPT1	AIM34	3.6365483838953466e-09
FLR1	RPL3	1.6261032526215136e-09
YLR001C	ENV9	3.91645994873503e-10
NUM1	TAF13	9.90136199100794e-10
MEO1	POP1	1.4441186066271036e-09
MET30	RIM9	6.524480511072067e-11
SMA2	DIM1	1.0263723414394623e-08
TUP1	AIM6	1.6634881171583293e-09
MRP10	KOG1	1.013522810541048e-09
CCP1	VID27	3.087961425233651e-10
VRP1	YOL097W-A	8.355716146689272e-12
PSP1	QCR10	7.090469254429829e-10
TCM62	RAD34	5.362269338788218e-10
MCH1	YER121W	1.0114522570159252e-10
NIF3	RPL33A	2.769480039203344e-09
YGL118C	TPP1	7.134178517058605e-10
OSW2	FSF1	8.710306697021132e-10
GPI16	DIM1	2.1578810356898767e-10
GUD1	TDA7	1.6351049738104236e-10
ADE57	SMA1	2.7907612087414274e-11
PAM1	GMC2	1.1724490134539503e-10
DTR1	HUT1	1.840388920135868e-12
PYC1	PHO81	8.604361093610494e-10
URA3	DPB11	1.0150957008147301e-09
TOM1	IRC20	2.8862337717001687e-09
YBL081W	AFB1	2.45383316819192e-09
YCR022C	DSC2	8.973129898010272e-12
YBL071C-B	UPC2	2.7824082297125497e-09
SMU2	ASE1	5.490383306416902e-10
YOR111W	HAL1	3.189830223984993e-11
SWH1	NUP82	2.0819367749682673e-10
PLM2	BUD4	2.5858069675521686e-11
GPA1	PGA2	1.7839567581981878e-09
ARO8	ORM1	1.7601492856040266e-10
MRX7	FMP41	3.47317891825542e-09
RME1	YNL165W	2.3251126250970732e-10
IPT1	CAK1	1.1714737760982602e-09
CDC123	YNCO0031W	1.1991919323779491e-10
TRM8	RFC1	1.2675098093196883e-11
ATO3	ANP1	4.3639087793085535e-09
YEF1	BRX1	3.213023445833588e-10
SHS1	MRPL22	2.624082102882251e-11
VMA1	PSK2	6.204665385975701e-10
FTR1	PPQ1	1.6815475566531126e-09
SLT2	VMA6	3.494168232103085e-09
MSM1	SIR1	3.6856777750628456e-09
SSP1	NAM2	2.350759731091665e-09
PET18	SOK2	2.405406295221824e-10
COS111	VPS25	3.6730871529251046e-11
RDH54	RSO55	8.341781246703829e-10
YRB30	MNL2	1.1079257068254684e-09
RCK2	SGS1	1.1402076916121293e-09
SAC7	MRPS35	1.201854377196838e-11
YGP1	AVO1	9.796304799259364e-10
MOT2	SMC6	1.5269635479461291e-09
YHL015W-A	SGV1	1.1003548684167659e-10
IMA5	BUB3	2.7848499320046116e-10
CDC9	MRX15	8.664574837877961e-10
TAP42	YPR172W	6.600108731502536e-09
SIF2	ZDS2	5.457912614219377e-09
YDL242W	NEW1	6.543629734388268e-10
VAM6	UTR2	8.366582995363568e-12
SMP1	POM34	1.229492236281512e-10
RGI2	BOP2	4.03759185671974e-11
EMA17	LEM3	3.237968947278756e-09
YHC3	CYT2	2.380972731866974e-10
MCH2	ISN1	1.223463631517177e-10
MPS3	ALP1	4.8760916719359417e-11
TOM7	CRT10	9.97665003084841e-09
PEX13	MCM16	3.822232727019197e-10
YAR1	RHO1	1.1128794685375305e-09
LPP1	FMP30	8.617282517249066e-10
RRN3	MET2	3.907206238291887e-10
MED2	YNL050C	8.69144394757698e-11
MUD2	YOR131C	2.157349813901179e-10
TAH1	YNCO0011W	5.445950680467181e-09
PPE1	SSL2	9.149705214333177e-10
HIS5	PRP21	8.774989755528288e-12
PEX15	YTH1	3.2286705885293073e-10
SKI6	CPR7	1.2687645722455508e-10
GOS1	SGM1	1.119573633185399e-10
YGL176C	TCO89	1.7561729847354494e-10
IRC18	HCS1	1.870777488750835e-09
ROK1	RPC25	5.663467737438086e-10
MAG2	MDM12	1.4600826896803143e-11
PPX1	NEO1	4.989233311259664e-10
YML053C	ASN1	1.8334375491760298e-10
SPS2	POX1	2.9699565372901905e-09
COX13	IDS2	2.176599175277375e-09
BAS1	DFR1	1.368109981582082e-10
LIH1	YOR343C	1.4461627054008785e-08
YGL041C-B	YMR315W-A	3.0790261765551884e-09
ERP4	TRM44	6.992254957187769e-10
PEX10	GAT1	3.2700347966290565e-10
SLT2	PFD1	2.7913752927827935e-11
SCW11	SUE1	2.2251775080239894e-09
VEL1	SRP21	4.2410245955155014e-10
FYV7	ZRG17	6.601582444828506e-09
YHR020W	HAP1	3.945808541520635e-10
QDR2	NOP15	8.268273993494543e-09
CAT8	BEM4	2.284009270461791e-09
CAB3	HEM15	5.958456680111062e-11
SPF1	GGA2	4.378171659205904e-10
UFD2	KSP1	3.9503263687864647e-10
SBE2	SRL2	3.978137876548532e-09
PDR8	FAA1	2.4756293710011052e-08
FUN19	LRG1	5.204921101301973e-10
EMP24	CTM1	1.0500952055791743e-09
TAF9	ARE2	6.2716983094593766e-09
COT1	CIP1	1.5499606870933782e-09
SNP1	INP54	4.476804951496764e-11
TDA9	REV3	9.256727875714969e-10
SPC105	YIL163C	9.33907228827796e-10
MRPL27	TAF11	3.567192606206309e-10
COG5	PIS1	2.456026969345205e-10
HSP42	YNL194C	1.1782430170295916e-10
HMX1	MOT3	6.547349848298494e-09
DPL1	RAV1	1.5324736508879047e-09
YDR524C-B	KEG1	2.989193645947903e-10
RQC1	UBP11	9.282950885421713e-10
RPL21A	MGR1	1.040637266643355e-09
YCX1	RGI2	3.902454925229078e-11
CWC15	RRS1	1.5157966964308134e-11
CCT2	SLP1	2.7886141099369666e-09
NRG1	SAC7	1.3046672017443136e-10
PNC1	CMP2	5.265223513457645e-10
SMP1	NIP100	1.3345824028794798e-11
YBL100W-C	HSP30	1.5718718817451542e-10
VPS64	OAC1	9.464753528039843e-10
YIL060W	DSN1	2.989872605467749e-10
AIM17	YMR001C-A	1.2559287907613625e-10
SPT6	CCH1	2.9710385865311542e-09
GUT2	MKK2	4.55967586474982e-10
SET3	RPA43	1.2658452041196984e-09
YAT2	CWC22	1.7112711369061779e-10
YBR032W	MEK1	1.147501253148121e-09
ARP3	CHL1	2.8853832855647835e-09
RPL22B	CLB1	3.0077522179004142e-09
SDS23	ACS2	4.017177472438428e-09
APN2	ODC2	3.1161655281532975e-09
ATP16	RTT105	3.3980244875364053e-09
TAO3	COX11	3.351009037964369e-09
YPQ2	MKT1	7.887250091800892e-09
RSM10	MYO1	2.4812280257219177e-10
MEP1	NAM2	5.798962551702231e-10
YAP3	YKU70	1.042934442476602e-09
BEM2	PAU5	2.655667469706274e-10
SPT6	GVP36	1.387429734951294e-09
FUN12	NBP2	2.1717867304003244e-10
YHL037C	MAD3	2.4246136819267297e-09
STB2	CAM1	4.523475762439725e-09
YKE2	YPR170W-B	1.879080265185345e-10
ACB1	TPP1	1.1814073957401513e-09
STN1	PHO81	2.2297279086973932e-10
QRI1	BDF1	6.59424852053638e-10
ASI1	GID8	8.371663188446626e-10
HEM14	RFX1	6.767457511413105e-10
YBR032W	CFT2	6.681585843346336e-10
SDP1	RUD3	1.8485165545874023e-09
MIG1	YNL034W	9.808310706261635e-10
SOV1	ETT1	2.333613579974074e-10
TDA4	PSG1	1.1300380825821631e-11
HHF1	BIO3	6.474259216332696e-10
CDC123	HMI1	9.161829009264448e-10
RPL24A	ASC1	1.9462266931396993e-10
VMA8	FCF2	1.003727917849098e-09
BPL1	ATG13	1.6823302512897797e-09
PDA1	GEP5	4.1335077114444356e-10
KAP122	DCR2	1.6276401907387686e-10
RPL11B	VPS55	3.774453893835542e-09
GCN3	ARC18	1.393108802724245e-11
DOG2	UTP25	1.6273129569947302e-09
TOS2	MNN5	1.2428531025189463e-10
YLR108C	PRP4	6.768409117546228e-11
GIP1	SEC2	1.1524952738127463e-09
ERG11	IPL1	5.413852221516369e-09
FUB1	EFR3	3.331243722565368e-11
FUR4	ECM22	3.7567504237349563e-10
LPX2	HHO1	1.2450350127755048e-10
HBS1	YPS3	1.2720545813222686e-09
DSF2	YNL040W	7.793562821358011e-10
RIM9	SWP1	3.984427356853495e-10
RPN4	GAL80	4.318336410462884e-10
APE4	TVP18	3.823399991162107e-10
YGR201C	RAM2	3.371281451202151e-09
FLX1	BPT1	8.397841130484192e-11
YAP1801	BNI5	2.541816487276904e-10
YER084W	DMC1	2.46352503969715e-10
ASK10	AIM45	2.4031572497028104e-10
HRD1	TIF3	7.609956913512835e-09
CEG1	CIM1	3.865085614394911e-09
APD1	ACE2	4.5820456830066783e-10
HIS7	RIX7	6.054580329946522e-11
SLX5	YGR201C	4.22859079500648e-09
SOK1	MET6	1.2409526076967617e-10
UBX7	RPA190	6.501906642402085e-11
PCL2	PAN5	6.422794450846413e-09
DMA1	RPL3	4.560381672923048e-10
MNN1	ESC1	6.788294769409253e-11
PAU10	YJL163C	1.6477119805930926e-11
NEO1	SEN15	9.032442529088297e-11
VID30	YGR204C-A	2.9569060150886266e-10
GPI14	VIP1	1.428318693410341e-08
PAB1	HSP10	2.206314814052263e-11
GUD1	BNS1	2.2504053191425542e-10
VBA2	MAF1	5.6930818468308575e-12
LOC1	HOS3	2.413730331991512e-10
CBP1	YOR289W	6.855724616518598e-10
CMP2	POL2	5.762777623859984e-10
TMT1	CAB4	1.7120235567403796e-11
HAP3	MRM2	3.6285433958541216e-10
GYP7	CCT4	8.557356625895176e-10
RLI1	FLX1	6.751262265042366e-10
PES4	THI80	5.336613263105282e-11
PAL1	YMR315W	1.4763886070109343e-10
NSE1	CIN1	4.1769098002290066e-08
ZRG8	LSB3	5.717447912860478e-09
NIF3	SFL1	5.578086999722692e-10
YAR035C-A	YHR020W	1.2081329105927094e-09
RPL22B	YJR146W	5.386193098608097e-10
YIL108W	LDS2	1.3448974722584689e-09
HHF1	FRE7	4.367595457826144e-10
YCL021W-A	RPL18A	2.4292925659830874e-09
YDR476C	PIG1	8.941592248364538e-12
RIB5	CCA1	6.739743687751243e-11
FCY2	PRM1	1.2488981670698607e-11
ADA2	ETP1	4.63639085030126e-11
PSR1	MSD1	2.7791208839590887e-08
CBR1	PRE5	3.484782407569053e-11
ECM12	BCH1	1.14474824357104e-10
ATC1	SMC1	3.0823846148495223e-10
YER121W	VMA10	1.6428392512924613e-09
KTR4	PHO13	9.490879123841306e-11
SLD5	ALT1	5.375633542170187e-09
ECM1	IRC24	6.155276825172128e-10
DYN3	RPS7A	5.563386225767898e-10
NNT1	ALG11	2.6377104372037026e-09
RFC1	RPL20B	7.93244243532655e-09
VPS38	YOR062C	1.269847064899449e-09
YPT11	YOR011W-A	1.5338287401993405e-10
YKR032W	BTS1	8.700033170558164e-10
OSH3	ROM2	1.3754144477838467e-09
ART10	DBP5	7.289525226712267e-10
BCK2	GAS4	9.727008134879149e-11
ARH1	PUL4	2.1243007917385896e-11
SPP381	JAC1	1.6551953424472326e-09
DLD2	YPR172W	1.3364596769448346e-09
CCT7	DRS1	1.3729396934677767e-10
YDR246W-A	DIF1	7.257716672478862e-11
FMP25	ACF2	1.427907200343815e-09
MEF2	ERG3	1.6110081569552498e-09
CST26	TAH11	3.472971747649382e-10
SRM1	IMP4	1.1296554423927737e-08
YBL029C-A	PEF1	1.234046785814046e-10
YEL023C	BUB2	2.515696518131029e-10
SPG5	SEC8	4.9099749418319125e-09
API2	NET1	1.1742852972234007e-10
RPL27A	ATP14	3.541412223213622e-11
RPL19B	YEL068C	2.831988410431734e-10
BUB1	PDL32	1.0504790673458775e-09
NAM8	TPM1	8.938927836125542e-09
BUD6	MRPS18	1.1018191539172913e-11
PAU23	PFS2	3.008612556179985e-10
YGL039W	FET4	2.762383502951333e-09
CAD1	GTR1	1.768621369440779e-08
HAB1	ARG4	5.10030406934057e-09
VTC5	UTR2	3.7360686019887124e-11
RPB4	FRS1	1.4634482592799805e-09
KAR4	MET14	1.7285458971522352e-09
PBA1	PFS2	1.9348244362142856e-09
RDI1	ARP9	2.2266945831876456e-09
SSY5	URN1	9.855162369158648e-12
YKR041W	PSH1	2.8852238601126338e-09
SWT21	PDR10	1.7358403008999035e-08
MBA1	ASI2	1.1997889704128097e-09
SSB1	VPS51	2.754402219467221e-11
ARI1	FAS1	1.0094665305066037e-09
APL1	IZH4	4.319884431014102e-09
ALG3	YER158C	2.260477932327206e-09
VTC5	RAD23	1.2087449546834915e-10
ASG1	ALG5	1.4426764945572853e-09
REB1	HSP30	4.408208311379999e-10
DRN1	REX4	3.2607931407225412e-09
MLH2	AHC1	7.79665048085843e-10
TCM62	DDR48	8.255749828927953e-10
RCN1	ATG33	1.273802403277483e-10
TFA1	HER2	2.521004431255859e-10
FLO11	YJR154W	5.796259545384373e-09
MRPL27	ORC3	9.331227389504499e-10
YNCO0011W	HAL1	2.7194305807012924e-10
FCF1	YMR082C	7.889218342172442e-10
ARP9	MSK1	8.49928348352096e-08
TBS1	RPS15	1.0191404588631987e-10
SNF2	CUP9	4.864382162974483e-10
GYP7	INO4	8.781000542719137e-11
KRE29	NYV1	6.217702216741286e-10
ACP1	CTF13	1.0548568504474049e-09
POL5	VPR1	1.9770158636516577e-11
HXT13	COQ8	3.998363165120185e-10
KCS1	APS1	6.001008586928335e-10
RPN2	YSH1	4.599330871303375e-10
YBR196C-B	DAM1	1.1441482624371416e-11
MET8	DLS1	2.03298934482668e-11
YBL071C-B	GUK1	1.039674041745514e-09
TIP20	TSL1	4.1288863470026974e-10
CDC43	RRD2	1.8478845970439864e-10
YAT2	PML39	1.1935663092061761e-08
UNG1	PLP2	4.073043870708242e-09
DMA1	BEM4	2.2766119530482634e-09
ECM1	SNU71	2.3703366799123168e-09
HMRA2	PMD1	1.8065437096789542e-11
CDC28	NIT1	1.959272474951992e-09
YCR095W-A	SPC98	1.5044865623214005e-09
TPC1	CUS2	1.2928922534794183e-10
BEM2	DOM34	1.7556614996527644e-10
YFH1	RTN1	3.493066889917847e-10
STB6	DSS1	1.3032029721370379e-09
PDC1	ERG24	9.385548696005245e-10
CRP1	UBP16	2.104458194749896e-09
YOR289W	VIK1	1.1901014559795858e-09
PGU1	PXA2	4.970075991382633e-10
YER053C-A	UFE1	1.3251118368896063e-10
ERP4	TAH18	1.3999759612836152e-10
PIG2	SNT309	2.155620942725973e-09
RNR4	YSC83	9.655020571193744e-11
OLA1	MSN2	1.000671718380815e-09
SEC24	NCS2	4.5587685317626205e-10
TRP3	YOL085C	2.83368014035693e-09
TRL1	BIO5	6.09787962247549e-09
HAB1	RPS22B	2.890313927135516e-10
DPB11	MRL1	3.5026999121627234e-10
GIR2	DSE2	4.9404550586425606e-11
VAC8	RAD17	5.007990899907431e-10
RRP46	GTO1	2.523154823840721e-11
DOG2	PFA3	1.6490414057887472e-09
DOS2	PHM8	3.9968169736286966e-10
ZEO1	HER1	1.35581814518849e-10
AQY2	LSM3	5.4666271718299116e-11
RPL38	UTP14	4.1442043138456733e-10
YKL183C-A	NIP100	5.55951140959553e-09
TMA17	SET4	1.122181352831758e-10
DSE1	YHL005C	1.5761835934713284e-08
YDL242W	YSF3	1.6557846156816748e-09
LEU2	URB2	5.343883549750086e-10
SEC61	AAC1	1.3142550696461877e-09
SAH1	STB4	1.515554553560032e-10
RIF2	JJJ1	5.557660342233708e-10
VPS15	KDX1	1.6869363564736788e-10
YNCD0021C	SNF7	4.596337238034803e-09
FOL2	BBC1	1.3961827136768417e-09
SAL1	YNL018C	1.1893994969549939e-08
ATP14	NTO1	9.835829135460611e-11
MTE1	ELO3	1.925489708036595e-09
TNA1	MVP1	3.609587147403315e-09
QCR10	DCG1	1.0463500002289425e-09
SCC4	APL2	1.6444756598830683e-09
PUP3	YPR148C	6.027772065271785e-10
MCH2	YPR096C	3.6751487776301404e-10
PMT1	ARP6	4.475527438142122e-10
POL3	TVP23	1.183180866285447e-09
PRM9	GET3	1.575228410544743e-10
PRE1	DED1	1.2455365313126165e-10
ERG6	YNL011C	6.62958105380908e-10
SOK1	CHO1	1.9893314965274795e-09
PTA1	HAB1	2.019181677860221e-09
IOC3	CRS1	1.3414549523289366e-09
TEF2	MFA1	6.984109273539628e-11
PFD1	EMC6	1.8421211548528315e-09
LAS1	KAP120	2.1322986315725425e-10
MBA1	MTF2	2.3704066501504034e-09
UBP3	PRE3	5.489132613660623e-10
PET100	ACP1	2.083416773031981e-09
SMY2	ULP1	2.0934559783860838e-11
EHT1	GET3	1.1484164452094322e-09
GDH3	HUR1	8.186660788260002e-11
SWP82	RCK2	3.2855622193761736e-11
CWC15	YIP3	4.6483704837780417e-10
ESL1	SYT1	2.4688680664840203e-09
PFD1	NRT1	1.951330205425331e-09
NUS1	YIR016W	6.370564713359648e-10
SRB8	SLF1	1.9930905773291108e-10
MPC2	TGL3	1.269752254457074e-10
ARG56	OPI10	2.0296611617664347e-09
BAP3	SOL1	1.5282695287287608e-09
PTI1	DJP1	2.655199974893706e-09
SUS1	SEC22	7.448746724483279e-10
LCP5	SLD2	4.867250139951338e-10
SCJ1	CSL4	1.4008297579297242e-10
YKR075C	YOL085C	4.5073489671205345e-10
HSP150	SNX4	1.7471805862995597e-09
NUP2	NUP188	1.0842724046629079e-09
TNA1	CYR1	1.8072821177845007e-10
MCY1	YJR154W	8.798416494381321e-10
AIM17	UBP15	6.217533632600594e-10
MIT1	JHD1	2.377605726411425e-09
CNS1	CDC48	1.7645127740477344e-10
SAT4	CCL1	3.467730951108103e-09
YDR274C	PXP1	7.642789896071234e-10
TRM82	MIN3	9.395737696839831e-11
BCS1	NUG1	8.224969736279241e-11
DLD2	TIR3	2.55636061322645e-10
SFC1	NNK1	2.454768619322121e-10
SBP1	OAZ1	5.375889451077793e-09
STV1	FPR1	8.723534064087279e-10
UBX5	YLR412C-A	3.228612851299778e-10
MRS2	CCL1	1.995740551200999e-09
TFG2	ARG2	1.3813495738619556e-10
SHE3	JJJ1	3.0893133762056194e-10
FCY21	ENT4	4.0123744522279825e-11
BUD13	RCK2	9.625049499380486e-11
YCR095W-A	SFK1	9.252167742194301e-10
IML3	TAE1	4.613476690573517e-11
IRE1	THI7	4.703503702534658e-10
COG1	PET494	8.630598561767633e-11
STT4	YMR321C	3.088111260756235e-11
YJR128W	GCV2	1.0762136480382359e-08
TSA2	YKL222C	8.574749326636482e-11
CYC1	SMA2	1.4071976809291707e-10
RMR1	NIP100	3.8058658131671906e-09
BUD14	YER138W-A	1.226892590742158e-09
SSZ1	GTR1	1.7204499929274246e-09
KCS1	NIS1	4.110651132993321e-09
UBC8	MCR1	5.664380542995141e-12
YBR197C	QCR7	2.485587731242235e-10
YHL026C	SPE2	4.153410272067538e-10
GPP1	SNF12	2.9831321205804175e-09
RSC8	MRH4	5.703192095999121e-09
POP7	MDM1	3.2614789184104577e-10
PKC1	RPL40B	2.6548900791515384e-10
YKL070W	FCF2	4.016775192030552e-11
CDC19	SSH4	5.795582680452262e-10
MRX16	NAF1	1.6485304262089514e-11
MNP1	GRE2	4.136312743767346e-09
GTT3	YGR017W	6.111121353073859e-11
SNU114	MSN1	4.4241903720895176e-10
FYV10	AZF1	1.8421805417174903e-09
IRC20	RKI1	3.2054357133936943e-09
CDC20	TFB4	4.622791788534247e-10
ECM31	ERB1	1.6272291790963722e-09
BCH1	MED1	1.8063929300823488e-09
RPS14B	YOR283W	3.6092997392696963e-10
HOR7	TUF1	2.4232981921758884e-09
ATG12	YIR016W	5.380749346867691e-10
ACH1	EBP2	5.566384555446687e-10
STE23	RPL43A	7.926636510822559e-10
YIH1	PEX17	1.6255445281467988e-10
ZDS2	YMR321C	9.190125685055924e-10
TOS2	NAN1	4.250267771864942e-10
RAD7	SPE3	2.6410978775144178e-11
NAT2	RTP1	5.229879255992418e-10
BAT1	SRS2	2.611850214892062e-10
NPL4	CIR1	7.596235855789644e-10
BIG1	DIG1	2.324665487707818e-09
SOA1	ECI1	9.100006828663275e-11
PMT2	CEX1	2.8908281861582253e-10
PCH2	TDA10	1.6540781542476258e-10
SYF2	RTP1	5.720663711581754e-09
MUP3	HRI1	5.12228609078205e-10
ERV46	AIM34	1.5006327200813912e-10
RRT2	SAS10	9.841088051508691e-11
BMT5	SLP1	1.2187593753056526e-09
DAT1	CAF20	2.1160710339062204e-08
YBL028C	NOP8	4.295300802413573e-11
LOH1	BET2	4.4530727899236866e-10
YBR284W	MRPS12	2.912081746401219e-11
ACB1	NOP4	1.3136188289429898e-09
ELG1	KRE5	2.4718109078236183e-08
PAM1	YPS6	9.782499709847796e-11
GND2	CDC42	7.716930820877704e-11
CBT1	VMA11	1.616804562391223e-09
MIC19	DSE3	1.76653021047896e-10
ECM13	SCY1	2.464585305184872e-10
YDL124W	YPT7	8.717931430130662e-11
DED81	ADD66	2.1252178084417007e-09
HHF1	YCK2	3.339220002993779e-10
PPH3	RPL12B	4.7437403850234534e-09
FMP10	MRPL6	9.972439933069193e-12
ARO9	TOH1	8.43085775626451e-10
AVT6	PHO84	8.853743741650779e-10
RIM8	YML6	7.839049759913451e-11
GDI1	UBP11	2.787328203038517e-10
MAK21	NCE101	2.3236489421418466e-09
COX16	MCP1	4.952962275522737e-10
CDC13	UAF30	3.3070123499805093e-10
RPC53	YER053C-A	4.490563222692279e-10
POP5	MCM21	1.1817110619003732e-11
OCA4	ECM29	1.4236051343744321e-10
HIS2	STH1	1.1876538182728258e-09
MFB1	ERG2	5.32736861960397e-10
MCM21	OAC1	5.712878012826524e-10
YNR071C	SMP3	3.6480034268302964e-09
PHA2	HST1	6.538384923020713e-10
PEP7	SRV2	6.170306600337172e-11
RAM1	PCL7	1.4961287743115426e-10
YDR003W-A	DYN1	5.2544718059099814e-09
SAD1	GCN3	2.441110123860148e-10
DSD1	CDC123	3.7353651399164664e-11
RPP1	PNT1	8.650089215059969e-10
SCT1	MCH1	6.868152254122872e-10
RAD18	YCK3	5.136092785642094e-09
UTR4	SMY1	6.874565884008925e-10
RTT105	YOR032W-A	3.3716202391252997e-09
ARO2	RPB2	4.172066487882941e-10
FOX2	YNL165W	2.1013154084509707e-09
TIM12	YKL097C	1.2237596685114725e-09
EST1	MAC1	3.5305288711316835e-11
DPB4	THI20	1.8958463833742263e-09
ERV1	KAP95	1.1335377650981053e-09
BRR2	CDC55	1.3734130920017178e-09
DCP2	MRA1	7.884042817142516e-12
AIM6	TYS1	5.149137216512382e-12
PHO91	DIP5	1.6602883847049023e-09
SEC13	PPA2	2.6643719882957686e-10
STE24	SSK1	9.898902363606152e-08
YBR196C-B	SPC105	1.0871750306976466e-09
SPP381	TRS130	2.072046592203857e-11
SNC1	SPT16	6.415380056342694e-10
PLN1	ODC1	1.505756604624427e-09
HAP3	FRE8	5.863412799176155e-11
SLD2	PHO84	8.04857082102152e-10
BUD14	RAD7	6.062329012278172e-12
AHK1	YMR320W	8.466311171601222e-11
HEM13	TLG1	1.343620177452427e-08
HSP10	YNCP0016W	2.480896345680807e-10
HSP78	CET1	7.289328468446058e-10
PAC11	NVJ2	1.6497893702970673e-09
SQS1	PHO91	3.3534244661244016e-10
PDR10	MNE1	1.2458769488396112e-08
SUR2	MBR1	1.168821894516456e-10
TKL2	HAM1	2.9374196117491314e-09
YHR022C-A	ESS1	4.2982577733830445e-10
RAD52	DCS2	3.48913239966756e-11
SEC66	FMP33	1.262099262746038e-10
GLK1	ENT5	2.397253446391914e-09
RPL37B	SRS2	7.865814463601121e-10
MRPL6	AHP1	4.471867520611382e-11
EDC2	SSM4	2.374360088441856e-10
UTP11	CNA1	7.740928678319467e-11
UGX2	CIM1	5.037804393691555e-11
ENT1	SDH2	1.2512101862202992e-09
CCT3	BRE5	8.546739681321443e-10
BCK1	VAC14	1.726287876257498e-09
RKM3	TRM7	9.032738385451429e-10
YIR020C	URA1	5.628534362836831e-10
HED1	ANK1	2.3830172484054897e-09
SPG3	CKA2	1.8433559067471967e-09
VPS41	JIP5	6.257530110947958e-11
MFB1	JLP1	4.372002060644114e-09
EHD3	MNL1	3.5532582831021987e-10
AIM24	KDX1	3.7954849244177296e-11
HXT7	COS12	4.687167061451129e-10
ERV1	RPS9A	5.157409135122199e-09
STF1	SKS1	1.1922567042761631e-11
YPT10	DIE2	7.808325818806492e-11
FIS1	YJR012C	1.8248160699365122e-11
RUD3	SNU66	8.57335502304238e-09
YDL124W	TIM18	2.9879113752046366e-11
YTM1	MUK1	9.943950281040634e-11
GCD14	KRE5	9.78559434679652e-10
STN1	ALB1	8.887477601736457e-10
GDT1	YLR358C	1.5664277102315234e-10
ILV3	YML083C	5.684540095782745e-10
RAD61	MCD4	1.6543216081510357e-10
YBR292C	FLX1	1.5254796716894525e-09
YDL218W	RPL37B	5.136625541275205e-10
RAD28	CSR2	2.2722041616484965e-09
FRT2	YDR157W	4.6469724495677614e-11
DER1	KAR1	4.766156451979475e-10
ESL2	CAF120	8.495265837044565e-11
SEC61	RPB8	6.735607286579782e-10
YDR157W	SCH9	7.542316567126073e-11
MET6	SPE3	1.909190664887056e-09
NEL1	USV1	4.5050588246806027e-10
QRI1	RCN1	4.089913717070328e-10
PDA1	HAP2	1.3390807182365144e-09
YDR124W	RAD53	6.54424690145308e-10
NCL1	POL2	3.204367142600104e-10
COI1	UTP22	1.6633530385532236e-09
PUG1	ATP19	1.44570301636181e-09
EFM1	CST9	5.4549778020392435e-11
SYN8	CUE5	4.681262928949651e-09
SGA1	YPL077C	3.2372532866143987e-09
NCS6	YNL011C	2.993404523726792e-10
PXP3	RDL2	3.9332486052742797e-10
YNCC0009C	YMR001C-A	6.233939486946783e-11
YGR016W	UCC1	8.606218641681753e-11
CUP2	OST3	6.214476369974605e-11
ERG20	TOA2	7.621159291098974e-10
IZH1	GRX8	2.698710132453916e-10
MAG2	HOS1	1.6452130972849504e-09
IMA5	ALD6	1.878929340685553e-09
INM1	CSM2	9.719251240125123e-10
TRR1	YML083C	5.831381754105776e-09
APE4	PET494	3.3327016072494998e-09
AIM2	FMN1	1.8026971771741993e-11
STP3	HOS1	6.930681294960493e-10
YGL176C	GAR1	7.282227743645691e-09
UTP5	ATP4	8.839882387898188e-10
BRR6	SSN3	2.901784614508852e-10
ATP5	DOG1	2.2151528815469412e-10
YPC1	RPS18A	1.3398710634769192e-10
TOS2	FYV4	1.1778159847406321e-09
VHC1	RBS1	1.7890983502906893e-10
GUK1	PUT7	1.2739339010640266e-11
PDC6	FIS1	4.225814459083679e-09
TCP1	MSY1	6.122690303151969e-10
YAL037W	STF2	2.626930501716437e-09
EDE1	MSS116	6.6187266650701895e-09
HOM2	NGK1	7.322076966119614e-10
STT3	CAB3	2.580496601551505e-10
AFG1	INP2	1.137793386516664e-09
YDR338C	RIP1	5.04600114448841e-10
PMT4	SSL1	7.561028146419059e-08
MIM2	ATG17	1.3347250856062574e-08
CAB2	TSR3	3.0594213235218476e-10
RPB9	STO1	6.429509357972733e-09
RAD23	CKB1	3.1058050571041833e-09
GCN3	EST1	7.587405923767809e-10
SPT16	LAG1	1.245199092555341e-10
ARP5	ALG11	1.970911704338483e-09
RSM25	SDD2	8.738866517840798e-10
TAE1	IRE1	4.950439195414513e-09
FUN12	HOF1	3.7440558659571436e-10
PTC2	YMR321C	1.5704927057680974e-10
PET18	BUD5	3.3335381514615473e-10
PRM15	VHS3	8.607084719763207e-09
RPT6	ECM25	4.4929844157379334e-10
SLY1	NGK1	1.5265844853596064e-09
KRE28	IRC24	4.1621892248813415e-11
PKP1	YIL001W	2.0759285135903903e-09
UBP6	YOX1	2.8225993508501516e-12
EDE1	JJJ1	1.4278027851733275e-10
YCR085W	OST2	2.7023483732740654e-10
FUS2	CMR3	1.1183227089752115e-10
LAS21	CDC16	1.208895719551212e-09
RTS3	YMR187C	2.193813430377076e-09
DBP3	RCI37	2.521315403679527e-12
ERF2	YNL190W	1.2463947174610582e-08
NUP157	ASG1	6.292191590027621e-11
YGR117C	PGA2	1.1120203663366017e-10
MFA1	NAM7	2.154061531390627e-09
HAP3	PUP2	2.0916524710607244e-10
YLR177W	TOP2	2.398699976087572e-09
RRP46	SCD5	2.1573731775951436e-10
PAU2	ATP19	3.6893978318938595e-10
PLP1	RPL40A	2.5920874521427454e-10
ADE16	YOR032W-A	6.199579855449424e-10
FMP16	CTM1	4.93562553086793e-10
HOS4	ESC8	5.582989264202597e-10
SAG1	ADE13	6.181914914412731e-10
UGA2	TAH1	5.097429108803246e-11
SAC3	MEX67	4.872271035967355e-10
DUR3	EST3	1.8914282412909304e-10
TDA3	IRE1	3.2900715398500883e-10
RDR1	MGR2	8.174307637166561e-10
YGL258W-A	VAM3	7.093856931665182e-11
ZRG17	TMA46	1.231754271672928e-10
POP5	PMI40	2.813551602947417e-09
ECM15	COS9	4.162018505352901e-10
UFO1	SOG2	6.884983350050778e-09
MIF2	SVS1	1.1917508112601816e-09
AIM2	THO2	9.288951996463412e-10
SKI8	ARI1	6.601115836905232e-12
HMO1	IRC18	1.4850232137040301e-09
ERG7	CAT2	1.8405595631068972e-09
COX5B	RPA135	4.5554844953792255e-10
LIF1	GAS2	2.5313083983254485e-09
MF(ALPHA)1	OPT2	4.2849356505172445e-09
UTP30	YPL199C	1.3175390689969577e-09
BAP3	YLR112W	8.328031464255751e-10
PRP43	ATG2	8.682942876973025e-12
SPO13	HIR3	3.512565017449869e-09
ROT2	APL2	7.423595629814738e-10
UTP30	VPS75	8.628165232790164e-12
YHL017W	AFI1	1.4731599912138574e-10
PIR1	SIS1	5.873412171280241e-10
PDX1	ADI1	4.934326511182987e-10
RPL19B	PCL8	7.72492279502262e-10
RPC53	APC4	1.1762485860648043e-09
PLM2	POS5	1.4322370549002228e-09
AZR1	URA4	4.1073896275958515e-10
NGR1	VIR1	1.3522810093271117e-10
DIF1	TRF5	1.1372344206764977e-09
VMA1	ATG40	3.294778744234097e-10
TRS85	RRS1	5.784788322440722e-10
VPS72	ILV2	1.3478040041609705e-11
UFD1	NUP57	2.9629254924349747e-09
UTP22	YLR030W	2.9100268901853746e-09
RIB7	CDC34	7.35996578577196e-10
ILS1	ARP1	1.0298769986363415e-09
YLR406C-A	EAF3	6.469234530830702e-11
CFT1	BCY1	1.341516397771887e-10
SPG5	HTS1	4.6940490348140796e-12
GCV1	ERP6	6.251004373205151e-11
YOR1	MBR1	8.316034406469832e-10
DAS2	NSE3	1.406239419665603e-09
RPP1	PIN3	5.188422246097384e-10
YHL017W	YRM1	5.0066363334425354e-09
SDS24	WHI3	1.7613299208966138e-09
SNP1	MGM1	3.0073545969186854e-09
EFB1	CCA1	3.48931517776701e-10
GID10	COG5	3.0306790604978225e-10
FAT3	SEN1	3.7141803106008748e-09
MPS1	TFB5	1.3840741119781376e-09
RPL25	ULP1	1.83160103281968e-10
MVB12	YDC1	1.3001362137414507e-09
FLO9	YIL055C	6.003540364809137e-10
URB1	YML020W	4.141271583222076e-10
UTP30	CEF1	3.9185154782713356e-09
RTR1	FRE5	5.557145081646813e-10
BAP2	UBC5	6.186721311525401e-10
GRX7	HHO1	1.191898085382137e-09
YRB30	YIL082W-A	1.1269754870955324e-10
VHR2	RIM15	1.5092940998706013e-10
PCS60	NOP19	4.375921122387275e-10
CDC14	SCS3	3.7972733056446333e-10
MLC1	ERP6	7.03069728413332e-10
YHP1	IDS2	2.442654651399618e-10
RBK1	ATM1	2.2161252155907119e-10
RBG2	MRPS17	3.162486284488634e-10
IML3	RPL27B	1.6640976996192115e-09
TLD1	RNA15	4.8178850512499836e-12
CHS6	BPT1	2.2400721448702688e-09
YEN1	SOK2	1.229428607497949e-11
HCM1	AIM11	4.5344133523779975e-09
IOC2	POP1	1.7029654596917474e-09
KIN3	YPT1	3.981821522504427e-10
BMT2	SND2	2.089412873533574e-10
SMC1	EFT1	2.2127045831444787e-10
RSM24	YML082W	2.3919076034422158e-11
MRK1	RNR1	1.3972593215320595e-09
AIT1	THG1	3.7057795335464896e-10
GLN3	YML131W	1.1133561289248731e-09
HMO1	YNCM0020W	2.85244072010136e-09
SPT2	MVB12	3.470073208206423e-11
BNR1	PET127	1.0336695645635334e-09
AZF1	RAD17	1.0907450220725692e-09
HAL1	MRL1	7.065056448514609e-09
SDS22	ESC1	1.004599470166176e-09
ARG56	ISR1	4.875014695858597e-10
VPS17	MRX4	1.1082857664722536e-09
SPR3	SSO2	5.434182015544662e-11
HAC1	CAT2	1.200315585363317e-09
CBR1	TIF34	1.0608038793538013e-09
DNA2	CDC8	2.782573134309951e-10
GPI18	RME1	5.242750887582901e-10
PRP43	FBP1	1.9836056761170822e-11
YUR1	RFU1	6.307779364672048e-10
YNL320W	NFI1	1.6490849592637967e-09
MED2	SRL4	2.3059609280962574e-09
PRP28	RPP2B	2.323635155905408e-09
APA1	YGR210C	4.630989978553587e-11
RAD9	RUP1	4.461659258603359e-10
YGP1	HSP82	9.955418391815501e-11
RSO55	YPL039W	8.568500820703012e-12
VAC17	SNM1	2.2285366696117875e-10
SMC2	TOP1	8.942636333727541e-09
SMI1	IES4	9.700627532834518e-10
LSM6	SPO11	9.435984985528637e-10
SAF1	MPD2	1.3218350650027472e-10
GLT1	SRL1	6.700531061157062e-10
OTU2	IES4	9.422813069845567e-10
ASM4	KRE5	3.8279955211394085e-09
SEG2	YOR062C	1.2883543488286e-09
DAS2	MPC54	3.06876320725971e-12
PEX18	SPC97	1.4141000047016789e-11
LST4	TIM18	9.563794305106495e-10
IZH1	FAB1	1.8516241928182512e-09
MET8	TAF11	2.666996633535215e-10
YGL034C	YNL042W-B	1.9461969614689184e-09
YDR524C-B	YGR117C	1.0386791350158572e-10
RPN4	TOP1	1.6915078473601139e-09
GTT3	SPC24	4.8666954849029e-10
SEC31	ERV41	7.248298693894225e-12
HEM25	HEM4	1.0942259584000207e-10
RSM7	ATM1	1.6188679345806253e-10
UBP5	SEC6	2.4514070556986472e-09
PHO3	VPH2	1.3590907138998165e-10
ATG8	MRPL36	2.8717680514819475e-10
GIP1	YBR071W	5.872435940776871e-11
RXT2	LUC7	2.2299349914657166e-10
PEA2	JHD2	6.131629504527593e-10
TMA17	REC8	4.085592593586585e-10
SNU23	COX4	4.0307773907467584e-10
RRG1	YNL143C	3.7055775121586773e-09
PDL32	IES4	5.476223961017481e-11
DCC1	PAU23	1.703262668603542e-10
UBP14	NTF2	1.2427021783114693e-11
RBH2	BCH2	2.1385832995490513e-11
AMD2	SEN2	4.957188660055954e-13
CDC6	TRM11	3.3503020161310106e-11
DBP8	CPS1	8.947013174575072e-11
RXT3	PUP3	2.864826239568529e-09
NPP2	PAC1	3.928591155064085e-09
RPS9A	PRP4	2.7847079683718013e-10
DUG3	LIP5	5.636011412340282e-10
IRC24	IDH1	9.41584193061782e-10
RPN5	AKR2	4.006401910750237e-10
BIM1	SPB4	4.813671835260588e-11
PRP21	PEX11	3.487735946708299e-10
BEM1	POL32	5.833959548024248e-10
YLR108C	ERG24	3.8852679733355754e-11
YBR184W	YOL097W-A	3.349367910238981e-10
YNCM0020W	MON2	3.2497791428986484e-10
YBR062C	SDS24	4.5092517034112314e-10
TAE1	MMS1	2.1031539975013493e-09
CDC19	YHR173C	3.799868535196442e-10
YHR020W	NYV1	6.8570461276966326e-12
CYT2	DCW1	9.976100692250509e-11
MPS1	BAS1	1.1109634657296263e-09
CAB2	IFM1	1.0686097023951347e-10
TIR1	RGS2	3.109055903911942e-10
SUL2	ROM2	1.5114709043387693e-09
SWR1	PUS1	5.929557149416552e-09
HUA1	SIR3	1.463004768044794e-09
YND1	FKH1	4.3778916351155745e-09
SKI6	PRS5	2.5369156864273514e-11
YMR1	POM34	4.08413224672383e-08
SHM1	SPA2	7.87441722663595e-10
RGD2	MRX12	1.7060943536144449e-09
RGR1	GCR1	1.942947855526707e-10
YBR196C-B	YOR338W	1.1272235362492327e-09
ECM31	BNI1	4.320102014521069e-10
PRD1	IKI3	4.3865846539095344e-11
LEU1	NPR3	2.688412197987606e-10
YLR415C	BBP1	5.4190103949038805e-09
SHB17	HAS1	1.3503926837775813e-09
PIM1	VPS5	7.181676384296379e-11
CTS2	ANK1	1.4458466962149795e-10
RPS14A	EGO2	7.304716752325414e-10
YBR238C	SLN1	3.878489590965037e-10
YSP2	HAP1	1.5822365225258832e-09
NAM8	CMR2	6.737597141142962e-10
YPS7	AMF1	2.702105573915834e-09
LDS1	KTR1	2.522002998247358e-10
PEX28	FMO1	8.855653267957499e-10
YFR012W-A	RDL1	1.1855556742845445e-09
POP1	NOG2	4.0769242764924997e-11
DDE1	LAG2	1.050486251165776e-10
PEX14	IOC2	2.754235525310282e-10
YPT32	TMA46	1.6578240949414918e-10
SSK22	PEX30	1.1350014718461462e-10
STE20	SLN1	1.9775204496218254e-10
FIG2	ISD11	1.5134473259607932e-09
YDR541C	TMA10	4.1874686905004856e-10
YFL041W-A	TIM17	2.2800228682560254e-10
YOR029W	SPO19	1.3594386434655896e-10
RNR2	ART10	2.9260657623087886e-09
PTC2	ALB1	1.3266854562431e-09
HHF1	LAG1	3.437364750440472e-10
SNX41	UFO1	2.0356462618949963e-09
DNM1	TMA46	8.33152841088129e-09
BUD9	ADI1	3.3795322839400826e-09
ARO1	OST1	6.518824845798029e-11
DUN1	NMD2	1.1351804803295074e-10
NTC20	UPA2	1.0953392411790976e-10
ATG27	ARV1	2.2648717909443168e-10
CEM1	LIP2	1.6050785950336746e-10
GAP1	MNL2	1.9231677039543226e-09
KTR4	SWE1	6.81167946524877e-11
COG1	ILV5	5.4248004856651214e-11
YGR204C-A	TEN1	1.535127651117132e-09
UTP11	ENV9	8.040452560544762e-10
MDM34	FAR1	2.3022915042707855e-10
CSG2	NUP49	9.366995224455225e-11
THI3	BNI1	2.795244939116498e-10
RRN7	GAA1	1.0408602084039452e-10
NOT3	SPP382	1.5691737046510516e-10
SWE1	GSH2	2.1103435680077352e-10
INP53	ELP3	4.858219524943888e-10
YPK3	PTH4	2.7358621838165877e-10
SDH4	ATF2	4.010616400788193e-11
YHL015W-A	YLR001C	1.072207015851888e-09
FRE7	FRE3	5.305620763095219e-09
CSS2	DNL4	3.004099395484032e-10
THS1	PRS1	2.66073109971942e-10
SDC1	EMW1	2.2641772391049138e-11
MATALPHA2	UTP11	1.3639737792505693e-10
CSH1	ELO1	3.737541249478997e-10
GBP2	ATP12	1.1030078793847583e-09
YGL039W	YHL037C	5.122606223099352e-10
CDH1	SPT4	2.1374727121559446e-10
RPL9A	SHB17	2.9681356116544005e-11
RPC10	YOR072W	5.742881984513262e-10
RAD7	ATP20	7.743780926915991e-11
PEP7	PUT7	2.776435648683113e-10
IRC4	YGR130C	3.6743510249582714e-09
SLX5	TVP15	1.2977595461154049e-09
MRH1	VPS4	2.573553905904981e-09
TAF9	YOR072W	1.0699095741560764e-10
HXT7	BXI1	1.9723720585656804e-09
SPO23	SEC63	5.40630874201171e-10
SRM1	YHL017W	1.2826500345838082e-09
NHP10	SYT1	1.373013281923434e-09
VPS73	YNL011C	4.409504394351854e-10
PRP3	ROM1	2.2971407785006968e-10
YJR124C	SSQ1	1.7880701393847388e-08
SWD3	CBP4	3.079414211136854e-10
YBR138C	IKI3	2.2665645874386277e-10
COP1	YDL085C-A	1.0126600440039229e-10
MRPS12	MSN1	1.2097027951217712e-11
SRY1	TOP3	4.176381748096379e-11
KRS1	PSE1	8.428845136664275e-09
RPS29A	HPF1	1.630248019152279e-10
SGT1	YOR338W	1.4055965922049951e-08
DFP2	TEL1	5.984688096838814e-09
KAP114	COG7	1.057717675743851e-09
ECM2	IST2	2.2772762584964094e-10
RPA14	SUT2	6.976190898670861e-10
MCR1	YLR460C	1.5423411667736957e-09
EBS1	BIL1	2.2592305430494388e-10
SHE9	LOA1	6.796943312975113e-11
TOD6	RSB1	7.485136328797197e-11
RPL27A	GAA1	1.601522021194853e-10
KDX1	KEX2	6.610248508403172e-11
PPX1	MVD1	6.697719306473886e-11
AIM21	THI22	7.505357837565297e-10
MHR1	TUB3	6.968720260867385e-10
FUN12	YGR039W	2.92589022766461e-09
SPO75	YLR257W	1.834360534224225e-08
RMT2	PHD1	2.5919880924229575e-10
RER1	RPC53	1.6028944265712344e-10
TRM8	SPC1	1.2722392340679564e-09
YDR338C	GYP1	1.1107031463625878e-11
MGA2	SSU1	3.74897088698827e-09
UBC1	ULS1	1.5598522056901447e-10
ATF2	TOH1	2.1350581513168304e-11
AMA1	HRI1	7.080954467176973e-10
IPI3	YOR105W	6.110048569063807e-10
CNM1	YKL070W	2.534650347512416e-09
SPS1	YPR014C	2.1077232190119113e-10
MRF1	STE23	2.119151182671723e-09
RPS24A	OTU1	1.278522222951566e-09
SPR3	ZEO1	2.917067709664328e-09
YDL177C	NPP2	2.044330954563518e-09
SNF6	ERG2	3.312965176176075e-10
SDS3	LTV1	2.222470735723672e-10
VPH2	YML100W-A	2.987868116988988e-09
LDB17	MAF1	1.295630388875947e-09
SPP381	DMA1	1.9685308684379586e-10
HKR1	SSY5	8.302166363737371e-10
YOR011W-A	PNS1	1.206162029374485e-09
COS111	STE23	4.749638891090829e-10
GRX7	PUF3	4.956865798961629e-10
MAL13	DGR2	5.130129141431121e-10
RPS30A	HEF3	8.842756593245404e-10
MIN4	STV1	5.379787138262921e-10
PBP2	TIR4	4.336873753883736e-10
HEM13	HSP78	7.646381111243531e-11
RPB7	RPS17A	1.7442962834408396e-09
RRN6	TAF5	6.651835178777729e-11
GFD2	YIP5	1.3989513434469666e-09
SDS23	PET127	1.153309523385238e-09
PCK1	ERF2	7.956427498105139e-11
PRP9	DPA10	3.3342264690837373e-10
YBR071W	PWP1	2.953293093221937e-10
SAH1	YMR244W	1.6084826244876597e-10
RPL41A	YJR098C	1.4041958973268304e-10
PET100	TIM21	1.2348206046141486e-10
VTC2	DBF2	2.5016822785512667e-11
TRA1	YJU2	1.0860123219884802e-10
YBR292C	TRK2	5.853365357429513e-09
YMR001C-A	ATG34	7.440520688943956e-09
ZRT1	SNU66	2.3148000823913706e-11
ARG7	RNY1	3.1512964559125877e-10
UBC1	APP1	7.679521202102594e-10
PRM6	YNL095C	1.203288087081331e-07
SIT1	YPL229W	1.162909493327777e-10
EAT1	SGT1	4.669813153042422e-12
RIX1	RPS22A	1.3784014733635258e-10
YBR184W	YDR249C	4.942679488512378e-11
YHL008C	LOG1	3.6644926950343612e-09
LDS1	PRE10	2.8920052037688387e-09
MME1	OST3	1.5591005906843063e-09
NUT1	LHS1	1.448338957245114e-10
BIO2	CCT7	3.040956613089021e-10
YNL190W	SNU66	9.463604422508115e-09
ITR1	CMR2	8.707755882953887e-10
COQ21	ECM19	5.019668991024013e-10
YGR026W	CPD1	1.1384287733432039e-10
PAL1	BMT6	2.896339101614615e-09
SPB1	SPO71	2.7015565484119473e-09
SED5	PFK2	4.808202776349831e-09
RRN6	GPX2	1.6826864647464592e-09
DNM1	COQ3	2.348024280741071e-08
DDC1	MET31	5.288866467083397e-12
PTC6	MBB1	8.78652807478574e-11
INA22	FMP30	1.0461451912944213e-09
SHE1	KGD4	9.844933237372523e-10
DMA1	ESC1	5.3362047355213743e-11
BEM2	VTC3	1.348988865230199e-10
LUG1	YPR147C	2.9709410903758275e-11
CFF1	YPL113C	1.4945531665585625e-08
FMP25	BEM3	3.182748870614288e-10
URA2	RPA43	4.45959944728049e-09
GAD1	BET2	7.529990644410175e-10
CDC7	EXO1	3.313143898200494e-10
GTA1	YUR1	1.419205021542922e-09
SPA2	SLP1	2.754610935133304e-11
TAG1	OAZ1	8.298681736863625e-10
VMA10	KIP2	7.255390686946392e-10
YEL025C	CNB1	2.3823840359610645e-10
PDS1	UIP4	1.2074062227519872e-08
GRX7	INO1	9.64561879980913e-10
OST1	YNR071C	3.617200902384179e-10
RRT6	YPL150W	8.142160961737539e-10
SMC1	COX4	7.714722993374783e-11
ARG82	CSE1	9.965830387970258e-10
GPC1	INO1	2.028784978267061e-09
FDC1	MIX17	6.683002720008892e-12
STE11	CSM4	4.28932840784211e-09
YCL042W	IQG1	2.6669506204982128e-11
YBR032W	ATP10	3.3203402066823436e-09
ELA1	APM1	1.1937830632401989e-11
TPA1	CDA2	4.984571795877187e-09
YDR274C	ROY1	1.052262333773635e-10
VPS15	URA5	2.8225902530503964e-09
SMX2	YMR114C	5.373931915479179e-11
ADE6	COX16	5.279219526042117e-10
SNG1	NEW1	9.915901060932931e-10
SPT6	RTS1	2.1681056466726717e-11
BAT2	SIR1	6.2897423955643475e-09
STP2	PET127	2.520444735765049e-10
YDR514C	FAS2	3.6282776131227806e-11
POP8	YAP5	2.3573858321695993e-10
FUN12	DEF1	7.436724671817454e-10
TLD1	CCW14	5.152578902465211e-09
HPA3	CBC2	3.539585981954105e-10
CAB3	YET2	3.2094978809843323e-09
PHO3	RAX1	4.4435314453826635e-12
GEA2	CSR1	1.5171993281573665e-10
YKR075C	TFB4	2.7776846173505576e-09
YEL028W	OSW1	2.181814948621207e-09
POT1	YET2	5.036259577724906e-09
GCV1	COT1	2.51971361533331e-09
RRN5	PEX25	4.13274781880518e-10
DEF1	HRT3	2.872935657334992e-09
MRX19	VAC14	4.6205948128397003e-10
MRPL16	ART5	1.3459326164610647e-10
FYV6	CHP1	2.37992661280388e-10
RRG1	USA1	3.061272685461371e-10
CYC7	RPS26A	3.2139015230467585e-10
MLO127	ECM3	2.5546581166363635e-10
PGM1	SPO19	2.977679664068927e-09
PRO1	NMD2	1.0385447633972355e-09
SUA5	RRD1	1.473301285408469e-11
SPH1	RFC1	1.3939409585140778e-09
MNN1	AIM17	3.124261003541387e-09
SUI2	YME1	2.234314837005805e-09
COX5B	PHM7	2.280750983995207e-11
RFC5	PCH2	1.796565421873897e-11
RTR1	SKO1	8.050782958676155e-10
ACS1	CYS4	1.088082844628033e-09
VPS8	NOP12	8.418912347360705e-10
ARA2	PRP4	4.685883969355917e-09
TOP3	IRC20	1.0979173115797827e-09
ATG22	CTR86	1.748342579184911e-09
SWM1	HRD3	1.0094389252093539e-09
ALG2	MDH2	3.781298540993548e-10
CDC9	YDL109C	1.4766321196680287e-10
RCK1	RPT1	6.300496696900013e-10
MRX18	ENP1	3.778158242747625e-10
HMRA2	XYL2	1.0788785190579913e-09
BIK1	OST3	7.005845888610217e-10
HEM25	CBR1	4.913523807777372e-10
AIT1	TPK1	3.591313119382769e-11
EMC1	ABM1	9.360330327441008e-12
ATP10	ERG8	9.384523565603396e-10
MIC19	DFG16	1.9507615458968018e-10
SCS3	MET12	2.4533000935850115e-09
SPP382	EPO1	1.5985969650413793e-11
RIF1	PCM1	9.271359774036506e-10
YGR117C	YLR001C	7.936749952476664e-10
STH1	NOT3	2.3057780407926447e-10
NCL1	SNF12	1.310362184077598e-10
LAF1	ADE17	3.775393875096017e-09
HIS6	GPH1	6.482501132203598e-10
YCK3	IRC20	1.126010055810706e-08
CDC10	SSO2	2.9211560946704152e-09
YDR524C-B	ILV5	5.046870148708368e-10
HKR1	CRN1	3.3128843145969634e-09
SAM2	AXL1	1.271545503580498e-09
HTB2	OAR1	2.1351863767821194e-10
RAD57	NUD1	6.509109084041192e-09
PPN2	PUB1	9.328564038859178e-11
ISW1	RFX1	4.3299359307295885e-11
SWI4	UIP4	1.1762234526952969e-08
GUD1	YPR195C	4.807091963604782e-11
RKM3	MDM31	1.4859847249012416e-11
MET17	ETT1	1.2979513309280842e-11
KOG1	RUP1	2.4425789154725157e-10
YPD1	SEC27	1.0283896095405724e-10
LSG1	YBP2	1.728935446704938e-10
NAS6	TAF7	4.2257177197664464e-10
GPD1	YHP1	4.291190648115331e-09
POL32	BET3	2.0945175804670513e-09
ACT1	DUO1	2.287579021966299e-09
MDM35	VRP1	4.879270361722212e-10
NGG1	CLA4	5.997948724175919e-10
VCX1	HNT3	4.256516965779801e-10
TEL1	PFA3	5.303778477528678e-11
RTR1	PNC1	5.546347144516197e-09
CDC53	UBC13	1.533125424606666e-09
BDH1	PMD1	2.7549337880095795e-09
TCP1	YLR111W	1.5019726804019116e-10
VAS1	POB3	2.244318872501506e-10
DFP4	LDS2	1.79627798868118e-10
UTP6	CDC11	4.476276086329679e-09
PUS4	ZNG1	1.5039854772343357e-10
YTM1	YPL108W	1.4851194281373573e-10
ASK1	BOS1	2.5106724954288633e-11
HIM1	COX4	3.777549678881975e-09
CTT1	MME1	8.24146569725791e-09
UGA3	RBL2	2.847616549623931e-10
PBS2	MAD2	7.235734474290761e-10
SET5	SRP54	1.272176400644188e-09
YPT10	ISC10	9.023313566113207e-10
YJR124C	SUR1	6.62724194082303e-09
RRT2	HSP31	3.009653902775314e-10
SSY5	MEC3	4.21676962750019e-12
LDH1	THP1	7.900082956965833e-10
MRH1	CLU1	9.073494060810904e-11
THS1	YAP5	6.156351375765541e-10
KRR1	SCW4	4.431290757283877e-11
PNC1	HFA1	5.0306241884606715e-11
UBC13	GIC1	3.752987377707048e-10
ATG39	LTO1	1.670385337759758e-10
ARG82	PNO1	5.02077166900583e-10
YEL073C	ADH6	4.349309868333645e-10
PUL4	PSK2	7.439031309907304e-11
FMP32	EDC1	2.588445679833292e-10
COR1	ENT1	4.419036251249531e-10
MAF1	SPR6	2.3594183930616793e-09
YNL034W	TIF5	4.402265824861763e-09
IRC7	YOR161C-C	9.243930339674615e-12
ARX1	ARI1	2.1929257840824217e-11
ATG7	TIR2	3.595972086668127e-10
RPO41	AIM33	1.5694934475658457e-09
YTM1	HOS3	4.459217948578658e-10
YKL097C	NCE103	8.195060089177098e-11
SOL4	VPS20	1.8886007692688116e-11
OTO1	USA1	1.3719951153384524e-09
RPL14B	THI72	7.087144875438905e-10
YDR239C	YAP7	4.798777281781249e-12
MIC19	ENV9	1.791652091456e-10
EAF6	SKI2	9.450527360844986e-10
AAC3	KTI12	3.757906943156198e-10
ADE3	IDI1	7.037073351649244e-10
RPL4A	GCV2	1.6713635047239148e-10
IDP3	SRO7	9.599741840871754e-09
MIN4	TRE2	4.188719275946316e-12
RTT103	NIT3	2.7820385464800483e-09
UBP8	FMP41	2.807222394822414e-11
ELO2	ORM2	1.852138662769542e-12
EFG1	EGO4	1.785076525368923e-11
ARC18	PHO80	6.817125302641587e-10
STU1	BUD16	1.0901122868440207e-09
ERV46	RRT7	2.104068131025205e-09
SIC1	NOC2	2.106264081543649e-09
RPL13A	PCM1	2.1961393848332185e-10
FET5	RSC8	9.246995378578074e-10
CHO2	CCE1	2.394888543972675e-09
PUP3	YRA2	1.9489710857929745e-09
PSA1	SEC22	1.496579099452355e-10
URA7	HIF1	1.1798677761241603e-10
RPC25	SPR1	8.967812402272804e-12
RGP1	PAH1	6.024856153901964e-10
YHR210C	SSQ1	7.786486035179405e-10
HEM14	PRP46	1.8205958024933825e-10
MRX19	GLO4	3.032092263912588e-09
RPL41A	YFL015C	9.653455479864713e-11
EMI2	MKK2	2.6191824502720313e-10
COS9	MLH3	5.079974255227434e-10
DPA10	YMR253C	1.8397016703578464e-09
EHT1	COG4	1.200526515522423e-09
YPL264C	JID1	6.562202148814779e-11
AXL2	PNO1	2.7644605076781373e-09
TNA1	AIM34	2.8111413387344948e-09
NCE101	DSC3	3.0141421384897338e-09
YBL029W	HEM4	1.1970169802321028e-09
NKP1	SBH1	1.1226698706729688e-09
YSY6	MTR2	1.672197286114802e-10
SHE3	YGR210C	1.8269618588457498e-09
EIS1	MCP1	4.423720478572808e-10
SSF1	URN1	4.6106317977554843e-10
SWI3	COQ3	2.710730833505428e-09
RAD30	ASF1	2.72802817906213e-10
VPH2	YOL057W	1.6390947857530862e-10
OCA4	MNE1	7.946135335409588e-09
NDE2	MPH1	4.834927899414046e-10
IXR1	ERG12	1.2840970224344324e-09
HMI1	PAC1	6.188822702601606e-10
RTC2	PPA2	4.0594305888721753e-10
NTH1	MYO5	7.894756470296086e-10
HIS2	KTR2	6.527720288995056e-10
APL6	TUM1	3.4966105712957563e-09
FKS1	MLH1	4.882233734847067e-10
CDD1	RHO5	7.103596932958613e-09
MET13	ULS1	1.324519558962607e-09
TRM7	EDC1	1.2023487704103482e-09
KTR7	YMR209C	2.539863588611864e-10
RPL35B	CLF1	1.324060596191472e-10
SED4	SCW10	4.4001896117625463e-11
RCF2	IAH1	1.2640740704172277e-09
RFX1	SPO1	1.4774084466422205e-09
TIR1	RPB8	7.356920684518587e-11
AEP1	EEB1	9.445163158483996e-10
COQ2	ZEO1	2.858361672989603e-10
STE14	YEN1	8.339557806347291e-09
YJR096W	DIS3	6.650741601142767e-10
MON1	GCR1	3.644030461009779e-09
UBS1	ATG3	6.233216633436545e-12
AIM24	IAH1	5.6897463066925136e-11
CNE1	NOB1	3.2846377595648843e-09
MTC3	SPH1	1.4363483907429812e-10
IMA1	SSL1	1.2937994055117442e-10
BSD2	CSM2	1.5379489059311864e-09
TIM12	SRL3	1.1202423982126399e-10
YPS3	ARV1	3.8795350115009105e-09
COY1	MLO1	5.727481727636866e-09
TYR1	YPL152W-A	5.558982457457886e-10
VPS15	TRP4	2.1877920007319178e-10
TMT1	APQ12	7.449876040705833e-10
LOC1	DSC3	1.0268624358850805e-11
LHS1	SND2	4.437080839819896e-09
ERG7	CCT2	5.37560884814228e-10
YFR057W	STD1	2.498009753094895e-09
PDR8	PRC1	3.8301634951926983e-10
SMD2	LEC1	4.2994804451869253e-10
QCR7	MON1	3.0932096751263784e-11
FBP26	DBP7	4.212542142903369e-11
SAP4	RPN1	7.290253653832157e-10
NHX1	ORT1	1.9064750173267593e-10
RPL16A	SEN54	9.783455712682317e-12
CBF2	NDL1	8.121538165998269e-10
TIP20	TPO4	8.124463322575959e-11
TMA64	HOS3	4.222532892944724e-10
YKL097C	MDM30	3.3175528930463344e-09
COX15	MTG2	1.8366324147849996e-09
YDL124W	OXP1	2.625119369271706e-10
COG1	EFT1	9.403651647304545e-11
SBA1	NCS2	1.1089544058257608e-09
AIP5	NUP100	3.9596236715350846e-10
RAD24	BNA5	6.366592661296207e-10
RPL22B	YPL088W	1.3116355698375386e-10
YLR358C	PUF2	2.7089292862620465e-09
UTP8	CBF2	1.9891388763766034e-10
NUP100	PIN2	2.4449145670169164e-11
TVP15	SDO1	2.068871869397303e-09
GTO1	RPL18A	7.908437284783233e-10
KGD2	IQG1	4.2016247468557023e-10
YLR012C	SYM1	1.56509723236722e-08
MUM2	SSA2	3.768292309486724e-10
YNL050C	SGT2	7.108997867830079e-10
IKI1	PWP1	4.331913688208858e-09
TTI2	YAH1	4.759524211772753e-09
HEK2	VPS25	7.809222468010763e-10
HYR1	TOM7	1.1093347014303779e-10
NSR1	FMO1	1.0097811596916126e-09
KIN3	ARO2	1.4587771760137522e-09
ATP5	TAD2	3.6853819719179254e-10
GPM3	YTA6	1.4208028993701492e-10
SFA1	RAD9	1.2610538115326763e-10
SRV2	TIF3	2.464633358841954e-09
SCC4	CYB5	1.5946685504561895e-10
YBR238C	SPC105	1.3112878271730838e-09
PIR3	CIN5	5.927478159253003e-10
YGR273C	ERG10	2.6607020972057e-10
TOS1	FLX1	1.462448998691893e-09
USO1	ENT4	1.6086855617443267e-10
STF2	YLR278C	1.763980236478636e-09
SLM3	RNR2	1.3624500908175104e-09
HSP150	MGM101	1.8860606678297467e-11
CWC15	MRE11	8.356849148639974e-11
AAD10	OXP1	9.589138120923984e-10
SSY1	PUS2	3.4464754311869497e-11
PAU5	ART5	1.009365486988325e-09
TFC4	SPA2	1.4484597687590033e-09
RPM2	GCR2	3.393623949535604e-09
TGL2	SGT1	5.212530043336388e-10
ECM34	YOX1	3.475936055076514e-10
NPA3	PAH1	2.817608179965586e-11
YBL029C-A	ROT2	2.7451164601459705e-10
NTF2	SUC2	1.7719686030093215e-09
CSN9	MPH1	7.030247527106647e-10
MAK5	NPC2	6.428372372209302e-10
DCV1	SPO14	8.639728328136452e-11
GID11	MLO1	7.20439774025251e-11
MRPL35	KTR1	2.5444008120977915e-10
RAT1	MRL1	6.945662199020366e-10
PDR16	CET1	2.4727272052311055e-10
NPP1	APT2	9.809739786857545e-10
NUP60	NOP13	3.0370519471315425e-09
SDP1	PCC1	1.6904566026450108e-10
RPL12B	RAD2	7.224378435911497e-11
YOL038C-A	SKI7	1.013875177023356e-10
MCO12	FUM1	2.3256691560199736e-09
LCP5	YLR345W	8.470506954438912e-11
RPL37B	MTR2	1.1313996196363255e-09
RAD33	DIP5	2.7882704622181846e-11
YCP4	YML119W	1.6874926059973538e-09
TTI2	CIP1	1.3996867507876588e-08
TUB3	NDJ1	2.5628799123423476e-09
SGS1	MSB1	3.0540047072973947e-09
GVP36	ASC1	1.6529777025934393e-10
BRR2	UTP10	1.4298301497147501e-09
EMI1	PYP1	1.004866755243796e-09
SBA1	DSC2	5.475028159659721e-11
APQ12	SRP21	1.368029451402885e-10
YKL102C	RUD3	1.2999111622689208e-09
POB3	CSR2	1.3058529190761077e-09
NPA3	ATG10	1.1650622482345224e-09
GSY1	OPT1	1.1033228581904293e-09
RPB7	RRP40	6.601239320721587e-09
INM2	TDH1	9.534335769036391e-12
PMT5	RAD33	6.064355670043524e-10
MRX18	TPO5	1.0686637510910137e-09
SSA1	IZH1	1.367147761930648e-10
ECM31	COS111	2.0692480367058434e-09
FCY2	HCA4	1.755764671803294e-09
SER2	FRE8	2.091492379752526e-09
NAS6	MRA1	2.60324022418291e-10
RPL41A	CWC22	8.978157897511409e-10
YDR249C	GPI19	5.0252278931880066e-11
NPA3	DAN1	9.797198204332278e-10
PRR2	BRP1	1.1500882745026841e-10
CYS3	XPT1	3.306282496902382e-11
UTP11	ALF1	4.870017847949411e-11
OPY1	DFG16	8.942131919664903e-11
RIM8	NDC1	3.418092581086195e-11
HXK1	GDH1	7.94454873931918e-10
STN1	PAN1	6.371289551252404e-10
SQT1	NUP82	1.3089339830065388e-09
YOR012W	SLD7	9.150031172312132e-11
YLR152C	ATG26	2.507106150313778e-11
BOP3	CMR3	1.2718081196015466e-10
RPL12A	PUL3	4.7693291245252255e-09
TPO2	NTE1	7.684760811495736e-12
SPG4	SSO2	2.774863067958801e-09
ERG20	GMC2	5.849328171711279e-11
EFB1	NTF2	1.6864227145137343e-09
YDR415C	KNS1	3.947346269259159e-09
RAD24	YAP7	5.534087998883049e-10
YJL213W	SSK1	1.2074220294813774e-10
YDL211C	ERG26	9.473124561104817e-10
UTP22	VPS5	3.4004633189884435e-10
BST1	DGA1	1.3948992359526395e-10
TAF12	STP1	7.42091962170117e-10
TAH1	COX4	2.1370602915904838e-09
ARH1	GUP1	2.3300948030367153e-09
RFA1	PRB1	2.8686575760721297e-11
GAL3	CHM7	1.3965765051484485e-10
CTO1	CSF1	1.2956778685998223e-09
UIP3	NOP1	8.428125140316228e-11
VPS29	AUS1	2.6029089454254767e-09
RGD3	MSC1	9.964525202547421e-09
RPS8B	COG5	9.26985604913429e-09
ALG13	RPA190	1.2576883538725365e-10
SFK1	ADH6	6.3216702351103455e-09
GIP1	AFI1	1.1407903741614592e-09
SPI1	SUI1	4.019684772812267e-09
DCR2	DNL4	4.547829127899026e-10
NPC2	RKR1	3.3962040758940713e-10
GCN20	OSW7	3.343452854350745e-11
RPL14A	GIM3	3.196190148147775e-09
ADO1	PFA3	2.8812894259454093e-11
PRP8	COF1	1.7242312073978647e-09
YIL163C	GRE1	3.9583320438612505e-10
VPS72	YNL115C	1.6571123362986904e-09
CAJ1	CDC45	1.3629697700699305e-10
TEF2	COX11	2.197908239766754e-10
YEL067C	RPS4A	1.224868134945127e-10
GRX6	RTG1	2.7675538250698236e-09
RRN5	UBP8	7.664966117862546e-10
YHL017W	TFB6	6.676203454245317e-09
TVP15	TMA7	1.923875320468178e-11
PRD1	YOR302W	7.144123165689647e-10
RMD8	NPL6	5.82938282052082e-11
GIC2	POP3	3.7649717928111655e-10
HCM1	MSH4	3.1029418628419147e-09
MCO32	ROY1	6.974725227316148e-10
SEH1	YMR122C	3.6590718234078457e-09
YGR079W	DDC1	5.036452938528289e-09
OST5	RAD1	3.7020652033059965e-10
YBR085C-A	YJR149W	1.0286399929356322e-10
CAF16	KGD4	1.5207705584419372e-09
JHD1	ATP4	8.135074305968204e-10
MTE1	COX10	1.0986531519496962e-09
ACT1	ATG23	4.972706971955508e-10
AFR1	YML020W	1.554463057608967e-11
YKL222C	PDH1	7.405008753153348e-10
YDL159W-A	LAS21	2.3401600812365956e-09
CAB4	REV1	3.052408621484519e-11
HAT2	COT1	4.5110522565887685e-10
CHD1	SCW4	6.567690320768473e-10
PMT4	ATG10	8.086008030003281e-09
DIA4	HTC1	1.214942550847342e-09
SDS23	MRM1	1.0299652376873933e-09
JJJ3	RDR1	2.511347225654563e-10
GUT2	BBC1	5.634237347589679e-10
PEP7	MDM1	2.0032312174704892e-11
YMR317W	YNL058C	5.5894773048751755e-09
VAS1	SIS1	3.228382196959362e-10
RPL23B	PDR8	4.905585498414707e-09
RRM3	CDC6	2.5723280686683132e-11
ECM15	ODC1	4.933051216332941e-10
ATG7	EBP2	3.893789922134137e-11
SFB3	HTC1	8.749045229497091e-10
HSP78	LYS9	1.2621339227584177e-10
RSC8	HLJ1	7.424214178716768e-11
YMR085W	SKS1	3.4909846320841913e-10
CDC19	NIF3	2.4763198454230342e-09
HSP12	ODC1	3.9071034497349115e-09
CWC2	MTG1	2.9456326737341534e-11
GRX1	YER121W	9.685818669904472e-11
VMA16	SPE1	1.2472834949146643e-09
MRPL10	MRI1	5.350642745209848e-09
TRM112	BUD21	3.522629441374414e-09
GCD6	TAM41	2.269815809808326e-09
PAU16	LAP2	3.9795184283373547e-10
EMI1	DIG1	1.9990006476754037e-09
SGT2	BBP1	2.343555030332927e-10
BNA7	RPL14B	9.021828814157364e-10
ECM33	YND1	3.435066337380878e-10
DOS2	PRP3	4.47232933428256e-10
PRP19	YLR302C	1.666249124328727e-10
POF1	SNF2	1.9138158928286512e-09
FRS2	YGL204C	4.746277759514652e-10
TOS1	ATG12	2.7518971675143397e-11
SOA1	CIR2	2.2106633111689344e-10
EMW1	ARP5	7.419934696692302e-10
VPS68	YSP3	3.294358175649407e-12
INO4	PEP4	2.674885741623752e-11
CCE1	YMR082C	1.0089446532837036e-10
SNU71	STU2	1.5533201454682102e-09
OAF3	PRE6	1.1434431002307318e-09
TAD1	YOR1	7.006014859122533e-09
YSH1	ATG40	5.604699738447939e-10
MBA1	BPH1	3.272219529313291e-11
APN2	SGF73	1.5020571626875386e-09
MMF1	APQ13	1.2294424530619248e-09
CAB4	CDC123	1.2601418778730141e-10
QRI1	BEM3	3.164801008736396e-10
SOD1	SYH1	1.3929184257825671e-09
SAS4	HER2	1.4581936912311481e-09
YDL241W	MAE1	1.9651041049498461e-10
SAK1	ECT1	2.449543711244612e-10
DAS2	FRK1	1.1829455265814792e-11
RPL4A	YND1	2.9443882670556157e-11
RAD3	YPL071C	8.996131040468485e-10
RAM2	TIF6	2.3718767321367043e-09
QDR3	TRP1	2.0181045698120656e-09
TOS8	UTP18	5.707209149014747e-11
YIL060W	NOP13	1.656741723883953e-09
SUT1	CRT10	1.2008027063961304e-10
KCC4	COQ8	8.355123186323931e-11
LDS1	ATP4	1.0766049565733108e-09
PHO84	IST1	1.9108560157368528e-09
RPN6	NMA2	2.744417140046623e-10
YNR065C	YPR096C	3.941589388786308e-11
RAD61	AMD2	6.793582652723258e-09
GTA1	CDA1	2.7741412268681283e-10
RIB5	ISC1	1.9958876745359934e-11
YDR246W-A	GCD11	1.9069841523857502e-09
ARG56	BIL2	1.726176305703409e-11
MTH1	GSR1	8.518190988652665e-09
PUN1	YPT11	4.430834742164344e-09
PBN1	YDR524W-C	1.087139921243859e-09
GPM2	AMD2	1.7161620391033034e-08
UPC2	PAM1	1.8459197932315457e-09
ACF2	ORM2	1.125031631965934e-10
MRX16	STE14	4.779995288212548e-09
YBR196C-A	OSW7	1.689241791556923e-09
YSA1	GIC2	1.4053269089970853e-09
PKH1	YMR158C-A	2.8424869911126636e-11
YKL070W	NUP1	1.6584314405179321e-10
DOG2	YMR075C-A	1.717680221879118e-10
VPS73	MTE1	1.851768869160579e-10
ICS2	HSP150	2.1364805468024506e-10
CUP2	NAN1	1.1543039023470126e-10
MSL5	SNR73	4.056826045156008e-09
YGL006W-A	SRP21	2.4738618248087115e-10
PIN4	YOR161C-C	1.5008870584690224e-09
LSB3	YMR242W-A	3.320819685547053e-10
PRY1	DDL1	9.03847577499642e-10
DPB4	SEC3	1.5389146242188595e-09
NIC96	BAR1	2.209769218547657e-11
YDL012C	STN1	2.6356640825003286e-10
RKM3	YIR016W	9.655464511120088e-10
ECI1	HFI1	1.16066314936365e-09
CAB1	SLD7	1.4062959671072724e-11
YAR035C-A	RRN3	3.252984214139716e-09
YJR154W	RPL21B	3.670134195576817e-11
TRS31	PRE1	1.2966424102599897e-09
DAL3	CTR1	1.231781569206617e-11
RPB7	RFU1	1.1971321714433714e-09
HAP3	TKL1	2.84971714304493e-10
CDC43	EMC6	2.027873723188176e-10
SFT1	TML25	2.248336323197029e-10
OAF1	OCA4	1.1901285137663027e-08
SCM4	PEP4	1.0197981330399711e-09
ANR2	AXL1	5.0388097663461265e-11
UTP5	HST2	9.644821849295e-10
PIM1	EGO4	6.189987639580673e-10
YOS9	YCH1	1.1062558305257292e-10
GCN2	MRE11	1.0121551799057707e-09
RMD6	THS1	2.253114457658667e-09
GTS1	YML053C	6.973137306215239e-11
MTD1	BIL1	1.0569033956443593e-09
YJR154W	PEX27	1.8047630611167192e-10
BPT1	PNP1	2.983086172553666e-09
SIP1	BET4	2.1896083345919754e-09
TAT1	YGR026W	8.991061362554583e-11
CDC36	LIN1	1.9112735207134453e-11
MUM2	HMF1	1.100574697026645e-10
HSP31	FYV6	4.099542974952074e-10
APA1	ORC1	1.816911077311908e-10
MSN5	FLO10	2.894155750605297e-09
SCS2	YGP1	1.5386526857265249e-09
MRPL9	YPL264C	6.917621487134177e-10
GPP1	TIM23	4.435335559519002e-09
FEN2	RAD4	8.528716300432754e-11
BUD5	TIF3	6.210709590174328e-09
YET3	NCW1	4.112746287438756e-10
YOX1	CLU1	2.260719496754501e-09
ETR1	HOS1	2.5048896994827076e-09
YPP1	ECM30	1.977187471742435e-10
ARO10	RAD30	5.804651903069449e-09
TIM44	TRS33	2.4546271434712605e-09
HOM2	PSG1	8.93662288344097e-11
ATG7	JSN1	2.0048431082309083e-10
KIN3	PTC2	4.313994055291292e-09
YGR130C	SEC11	9.951173762796442e-10
LYS2	CPR2	8.575201082583273e-11
DFP3	TRR1	5.3160025967401054e-11
MCM2	COF1	1.484647831425936e-09
STP3	SOL1	1.42932070198756e-09
PFK2	APL5	2.1751070166740382e-10
THI73	SML1	2.307291042367512e-09
PTC6	TPH3	2.450861438879594e-10
YLR030W	RPL15B	4.266152191543407e-10
SPT23	NHP6A	8.781332860356368e-11
YIR020C	TRX1	8.611288190028724e-10
CAK1	YMD8	1.0247842814662069e-10
MYO1	NOP10	2.766920163422194e-11
NUM1	PGA1	1.908736506410437e-09
RPL37B	ERG7	2.5249614750062245e-09
YET2	PSE1	5.728002753368352e-09
CDC19	HST4	9.813414264943254e-11
SDS24	RAD17	1.1167967670227348e-09
YNCC0009C	PHM6	1.324226513064975e-09
UBX5	YOL038C-A	1.5166832574817922e-09
NPL4	BIL2	8.213332737538122e-11
NRG2	CAR2	6.394640784580179e-10
YGR210C	SOG2	8.530378728650926e-10
STN1	RTP1	2.035522793775425e-09
HOP1	SPH1	6.139283756683054e-10
SLX5	ARP5	1.3425969087816525e-09
SCS2	YML054C-A	4.576781638393182e-09
MIN7	TOS7	1.5239422412066103e-09
TOD6	SEC63	4.3264115658968645e-10
UBC5	YOL014W	3.8725113964309265e-09
KNS1	ALD3	8.396722933844315e-10
NBP2	UBC8	1.0070032463052189e-09
YBR096W	YPR089W	7.89537495722203e-10
SUP35	STB6	2.3844069363878305e-09
BPH1	YMR320W	2.3226652668565612e-10
RPL13A	PCL10	7.080468059504824e-11
BEM1	MPD2	5.01441515984026e-09
DUS3	TRS130	2.1830992477097902e-09
UBC13	VMA16	6.598695244587676e-10
YCL049C	UPA2	6.221869548571424e-09
TDA10	LST4	5.596364317302145e-10
RRT2	YDL124W	8.117978541035459e-11
HXT8	ESL2	4.697621363495813e-10
RCI37	CEX1	3.207937915307311e-11
SRS2	YNCN0015W	1.6363729382885903e-09
LIF1	JIP3	2.719149023334026e-09
RTN1	CDC4	2.0962664026139254e-10
REG2	ARO5	2.6516699030056146e-10
APN2	POS5	3.244026196337723e-10
RMD8	FAR3	4.124052945531289e-09
URB1	PFY1	1.0154507371907074e-10
YKR045C	VPS21	1.3105629387812934e-10
USA1	HLJ1	4.399209522291284e-10
YPT7	THI22	2.420298876082625e-10
PAL2	PPG1	1.7106662531576727e-10
YBR090C	HEM2	5.839816615425502e-11
CPR5	USV1	2.9979837604010004e-09
DEP1	KDX1	3.1473256074094705e-11
VPS45	YGL082W	1.8759724336103998e-11
FCY21	DIC1	3.4918782688915643e-10
KIC1	NPL6	4.432794296602141e-09
CMG1	SDD2	1.2153115335205092e-10
YEA6	UBX4	1.0231424884160384e-09
RPP1B	GCN3	2.4248884345490878e-09
RSA4	PDH1	1.745891709539938e-09
SPO11	ASE1	8.693322809246724e-10
EMI1	SSB2	1.5358084791012564e-09
LDB7	SUS1	1.2503525611161315e-09
GBP2	POT1	3.2253346502507882e-12
BUD8	GAB1	4.964909604427204e-10
VPS41	RAD52	1.9227969985150477e-09
POL31	CNB1	2.123337312767481e-11
RFS1	RPL43A	8.465086254393838e-10
SSB1	HSP78	3.844697134176064e-09
DPB3	DNF3	5.914571510407727e-10
NST1	SRO7	3.858503784849452e-10
ATP22	MON2	1.8557100674974665e-16
IFA38	SAE3	8.951015581722966e-11
ECM15	PFS1	1.2072545388018377e-09
EFG1	AIM45	1.6294734950651793e-11
CLP1	MRS2	3.0584148339969606e-10
GCS1	THI6	1.1380327741169292e-10
ASG1	ELP4	3.120150311914514e-10
RBG1	ISY1	3.140046798605329e-09
CDC39	YHK8	1.2674519841233272e-09
HAC1	ARP3	8.319367043621266e-11
KTR4	SET1	2.781823068162659e-10
EXO5	RIB4	1.5736545689189837e-11
RPE1	MSF1	3.994318014915151e-11
DBP6	YPR148C	5.965983921019916e-09
NNT1	KTR1	7.339420533595688e-10
CYS4	IDP3	2.061315042366568e-11
TUP1	SRM1	1.3604407832455857e-10
ADH6	SMK1	4.312054791365588e-09
CFT1	PDL32	7.050965655554622e-12
NHA1	YLR456W	1.246862653176106e-10
ERG20	PHR1	1.9680022192945223e-09
BMH2	RPN13	1.7711251008018231e-09
RAD55	TIS11	1.1276876286893458e-09
GCN4	VHT1	6.292867252257562e-11
DAL3	POL1	2.3703799631959503e-10
YPT10	MIC27	5.847946164632097e-09
YCK2	ODC1	1.2099276988846252e-09
VMA10	BNR1	5.983116147740889e-11
YFL015C	YAP1802	5.885966483770473e-11
ILM1	AVO2	8.653913304952108e-09
VEL1	EAT1	5.821755922636497e-11
MDM38	MED1	4.836377442639591e-10
ECM25	MRD1	2.319611970763959e-09
AIM44	ULP1	9.988789712857736e-10
COX20	TPP1	5.069686959169756e-09
MIN6	AIM6	1.3676452168735712e-10
SPI1	RPS4B	3.2211345250182884e-09
YDR524W-C	ADI1	6.735057030161927e-11
YBR062C	TAM41	2.8471128699576806e-10
MRPL27	CLA4	7.872959950745735e-10
DYN3	MIM1	1.789151556010524e-09
RPO41	NOC2	1.4004113203469081e-10
DIA3	SAN1	2.3046587195915083e-09
GLK1	URA4	6.900059721937498e-10
HSP26	SBH1	2.6221461768901285e-09
ARO3	REC104	2.4910233968247297e-09
LUC7	PAC1	1.1791294756478692e-09
TNA1	PPR1	1.1200027297945523e-09
GSH2	TAF14	6.997919244524538e-10
RPL18A	RGC1	4.209795495056939e-09
MMT1	ULA1	1.2655077064468827e-09
EBS1	BUD16	1.2054199972490801e-09
ASM4	PSO2	8.245266692258237e-11
ETR1	MPC54	7.644906215924534e-10
YGK3	CCL1	1.3933445937633341e-10
ELO1	HAL9	8.918277080211129e-10
VPS15	ACK1	6.275939315031759e-11
TAD3	CAF20	1.7897237513896377e-10
SOL3	TIM54	1.3458188397690276e-10
EMI1	PDR5	2.4741394991062737e-10
CFT1	GLE2	5.3602622218347075e-09
MRS4	ERG2	4.204875205317441e-09
RRT8	HMS1	1.0174183886273519e-10
PFK1	RDS2	3.1497427117166262e-09
YMR099C	PKH2	1.0480900088514536e-10
SHM2	YMR075C-A	1.0084793236172435e-10
ATG8	SPR1	1.0371547337047603e-08
YCR041W	CAF16	1.4574145302644252e-09
MUM2	REC104	5.827450538086643e-10
PRP5	MCA1	8.142570461565088e-12
VPS9	RAP1	2.4773610132551265e-09
JJJ3	CNM67	4.139761566593349e-10
FAL1	RPL2A	2.892102529295697e-10
EMP24	MSL5	2.1309429092408554e-09
BRE1	RKM1	9.532168678716208e-09
MEF2	RRG8	2.549165423985152e-11
RMD1	ILV5	8.405407870030402e-10
NDE2	PTP3	4.0113934783541203e-10
PUL4	RTG1	2.5775460818336997e-09
SIM1	SEC8	1.738667380777596e-10
PET122	VPS4	1.624779878077661e-10
SPC2	HUT1	6.140209649159606e-11
FAA2	YOL118C	1.2037941439666797e-08
LCB5	FET4	6.150923285578329e-09
SWT21	GRX5	4.099397370344093e-09
HSM3	VPR1	2.383029349657475e-09
KTR3	ARP7	1.8061280487587746e-09
MVB12	GAP1	6.074955319946298e-11
TLD1	PEX28	7.622400847738247e-10
PRP9	EGD1	3.1060760349237066e-09
GCD6	SPC2	5.094044411010934e-10
KAE1	OST6	1.8620724419752655e-10
MET8	PHO91	8.453481576248768e-12
MSC7	MIP1	5.358329682826592e-09
UBP6	MSK1	3.298769660843141e-10
PRI1	REV1	2.5631496718726617e-11
NSR1	CLN2	7.012409462754678e-10
MCD4	ALT1	1.7833652900592788e-11
HOM2	DAL80	7.810203411757358e-11
HER2	EGD1	2.0143192773182087e-09
RMD8	IMH1	8.93674748980878e-11
PCS60	HAL5	6.320203189398287e-11
URM1	COG8	5.971831170567199e-10
EMP46	UPS2	3.4870774477139622e-09
NCP1	RFM1	2.6602309967620644e-10
CRG1	YML003W	7.559073470188e-09
MNC1	YIL163C	1.5902136076870156e-09
ESC1	PRS5	9.531761454501404e-10
YAT2	LSM8	8.259479182631231e-10
PAT1	JLP2	1.0708651100560605e-09
ILS1	YER034W	2.2057074242891675e-09
APN1	NSL1	1.3404253156308847e-09
TVP15	MMR1	5.936258961511968e-11
YEL067C	UBC6	5.562884265364235e-11
NAP1	VPS16	7.631165649550266e-10
OSH7	IKI3	2.1783197337290812e-10
YIL082W-A	IRC13	3.019390200158787e-09
CNL1	HEM4	6.048025601970444e-09
BDH2	RTC1	1.86870931401465e-10
FHN1	MSD1	7.337001627544191e-09
SMU2	SMP3	2.205063412626199e-10
TMA10	ORT1	2.767922944319925e-10
FYV8	NOP8	6.252342651033799e-10
RPL21A	SEN15	7.014494100776162e-10
PSP1	SKG6	8.607904679795647e-11
CTS1	PGA1	3.0397794805931046e-11
RPN3	ATX2	8.274539601528618e-10
TIF34	ELP3	1.3225052108629647e-11
WHI4	CAT2	2.0069119274298125e-10
POA1	RAD18	7.765959313853413e-11
GPD1	BCK1	9.394672276242328e-10
DLD1	TFC4	2.3091811707325766e-10
YDR215C	CMR3	1.4802021186178063e-09
VMA10	GPT2	1.300706470144139e-10
RPS26B	YPR170W-B	3.74526146475885e-09
HEM2	ECM19	2.2275684184819114e-09
SEC7	SPG1	6.577041058670398e-09
CAX4	YNL208W	1.998877811579305e-10
BDH1	ART10	7.532550473756177e-10
COG1	MDH1	1.4290856075577859e-11
AME1	NCP1	7.702261599108167e-11
GRE3	YJR107C-A	6.276734055433514e-12
RIB2	FRE5	7.30216513366335e-11
PST2	JIP3	4.2355366941855094e-11
FUR4	SNU114	7.78663535451226e-10
BEM2	PXL1	1.1553783521259879e-09
DFG10	APQ13	1.4939912537010523e-09
RML2	SEC12	2.2755806740063864e-09
YPQ2	YHR180W	5.801033078385461e-11
TGL2	GIS4	1.7641053248826862e-10
AIM3	MIR1	2.356345877857601e-11
RCK1	ECM25	3.4678508492825906e-11
RPG1	BMT5	4.7086169298297453e-11
ATR1	MEX67	1.5134276604713676e-10
BUD31	RPL26A	2.7960901484350008e-11
PIK1	CYB5	1.370610659056093e-09
CSM1	YOL024W	1.7806581360103065e-11
RPP2B	MTC6	4.721237793798502e-10
FYV12	RPN7	3.1198867255198603e-10
CAF20	GDE1	1.4645115755215006e-09
YBR196C-A	HEM4	2.3395548124329523e-10
YAL037W	MGM1	1.0645951164677607e-09
MID2	PSE1	2.0169288737046085e-11
YEF1	PRO2	4.178684619098526e-10
CDC34	POR2	4.7543403880318674e-11
YDL124W	RPL15B	4.362259180410623e-11
QDR1	FPR4	1.78321101332255e-10
MRX16	YNCO0011W	1.9849821964761583e-09
QCR9	PGU1	3.625220354811314e-10
ANK1	YLR278C	1.7326831820568015e-09
FLO5	SRL2	4.690426630669705e-10
ERV41	FSF1	1.1391029354547647e-11
DDE1	SER1	1.6518057664481802e-09
COQ11	TRM44	1.359446439101579e-10
YMR099C	CPA1	1.2158779180675307e-09
GPI14	IZH4	2.0173629046310094e-09
APC2	MEX67	1.3346979549999326e-09
GRX6	REC107	8.211646244587707e-10
COS9	CWP2	8.304700683169404e-10
SPC97	CSR2	9.886697201440963e-11
TSC10	HUL4	1.936856636726892e-09
NUP42	PAL1	2.483825843798224e-08
JIP4	TIF3	6.239031998964589e-11
YCR006C	IRC5	3.215480349298692e-10
PCK1	MRPL22	1.5039293498528175e-09
THR1	USB1	4.140429186784522e-12
ATG12	RSC4	3.8149803712926667e-10
HEM3	MFB1	8.753342823586912e-10
CDC53	IES2	4.023895149242567e-09
TAF2	ORC1	1.007997825562664e-09
BUB1	CLB5	2.2101614251849005e-10
SYC1	GPB1	2.522130614978741e-11
KAP122	ECI1	2.0230442571983485e-10
SSC1	HMG1	2.158851907684578e-11
NCP1	RPN13	1.5487013792018006e-10
TFB5	CTS2	3.583378870984135e-09
MSE1	OAZ1	1.6494318477844246e-11
MPC2	URA1	2.631505880312961e-09
YLR046C	JIP5	3.3924800975324726e-09
HIS4	CDC45	9.767941601276677e-09
KIN3	YPT53	1.1979357499557866e-09
REB1	YPT10	9.90594406681821e-11
IDI1	COG4	6.746100932309005e-12
SLD5	IML2	2.8605873916368655e-10
PRM10	INP53	8.676023835915947e-11
GIC1	MRX11	1.149528120274053e-09
YBR238C	LSB3	9.047202933986416e-12
JJJ2	EMP46	2.2975083054244215e-10
YIL092W	MEF1	1.7252119120442583e-09
CSM3	PBI1	4.584894543959633e-10
SEC59	AGA1	4.558062312115779e-11
HSM3	CDC73	3.711004778068421e-10
PAU16	SEN15	1.2439011478524114e-09
AVT6	YHR180W	3.1541919190579486e-10
FUI1	SUI2	8.03523485300374e-11
CYC1	CYB2	1.1152937768814719e-10
ENT4	SLM2	8.933352366801336e-10
UTP11	NCW1	3.6850242367570045e-09
YBR085C-A	MPC54	8.438987228574848e-10
VTI1	COX11	9.808312915594397e-11
MAD3	STE18	1.3570082685610506e-11
PMR1	NUP57	1.9195802908111488e-10
MIS1	NDJ1	1.0324710204195725e-10
GPI17	YMD8	2.6286453353077373e-09
YHL005C	POM34	1.5434450598885318e-10
CRP1	GRX8	1.2432911020696382e-09
GPI17	DIP2	1.3502538227947862e-10
PDE1	VPS9	6.056920652885817e-12
ACO2	SHE2	8.829992743347173e-11
SPS22	HMO1	8.948859493879939e-10
RCN1	YLR297W	2.5149690290389585e-09
ADE3	TFA1	4.1349522816785343e-10
PKC1	LRE1	1.0775782648658804e-08
SSA4	SRC1	5.268294679314285e-11
PHM6	EDC1	1.797515105118576e-09
MIG3	WWM1	2.6778041002544805e-11
KEG1	FBP26	2.309192615076287e-10
RAD33	YMR209C	6.079053771757738e-10
ALG9	FMP41	7.316761311492784e-09
POL31	SGD1	1.7962894668146856e-10
UGO1	PTK2	3.339478501724951e-09
GYP7	ARV1	3.265366604152007e-10
PFF1	KIN1	4.625887280650965e-11
YDL129W	FAR7	1.6938395499659804e-10
PET100	EMC5	1.2589805862930055e-09
SOK1	FRE8	1.5639804901129339e-09
ERG7	ALR1	3.38195021957652e-09
YNCO0011W	SIA1	1.2841563749894532e-09
YCR022C	RSA3	1.6492317236611216e-10
ERP2	LCB4	3.342379937999709e-10
MRPL16	ARG82	2.5070635503611463e-11
PEX17	ARP7	6.451120638647762e-09
SEC72	TOS7	8.21408464097114e-10
YSF3	SMM1	3.6655665547434233e-09
SHE9	ATG41	2.9034509614521057e-09
VCX1	SCS3	1.5039252770694355e-10
BST1	VPS28	6.760428103789746e-11
SIS2	RGC1	4.571766197721392e-10
MOH1	ERG29	2.6047935176749876e-09
SGA1	TPP1	3.458083873088191e-10
YDR476C	BDF1	4.438391834364519e-11
YER138W-A	PTH1	3.0804035629727076e-09
SAS10	VPS71	4.835006895128092e-10
YDR194W-A	GEA2	5.337488136923171e-09
PBN1	UBP5	8.696269130330512e-10
ALG13	RKI1	2.2520627686149983e-10
YCH1	NOP10	1.5588663613673139e-13
SMY1	YNL165W	2.744723375660848e-09
FYV8	MVP1	7.373760261322339e-12
PHD1	HTS1	8.428557651487257e-10
MMR1	RGA1	6.749215940867955e-10
HIS7	UBP15	1.3894745784710585e-09
DID4	GDS1	7.174859927799553e-12
SLO1	NOC3	4.701303167826076e-09
BAT1	RPP2A	7.14043269624299e-10
WWM1	PRE3	2.7776245234994145e-09
FCF1	SHE9	1.6517779465300336e-10
SPG1	DIP5	1.5061652869988538e-09
MCM22	VPS68	1.2957407903969014e-09
HXT4	AYT1	4.690032187301469e-10
VVS1	CCT2	1.1439870547898968e-10
IML3	YML003W	2.0086471633737134e-11
GRE3	SDH9	8.89409075330811e-10
MRS1	COX17	3.721127158051646e-11
HAP4	CLA4	7.302871425785659e-10
CYC7	SNF4	5.560946556808794e-09
LDB17	VPS64	2.906515502275614e-09
SNA2	AMS1	7.490183981754126e-10
ERG28	MME1	2.8004225988189756e-09
SEC11	ALE1	4.507985490618326e-10
VAM6	NCE103	3.056083657163735e-11
YMR082C	CIK1	1.9305910397107897e-09
PIB2	IMH1	9.440315782733691e-11
HSE1	PIR5	8.113456042520871e-11
RAD4	POR1	3.995198666264005e-09
MMS4	YFL051C	2.465795323264213e-10
XRN1	MRS6	1.7420213648275398e-11
YLR108C	MSB1	6.4296823929147e-10
MRX19	YFL051C	2.3602920516093247e-10
SET3	MRX7	2.6387079686206815e-10
YEL1	HES1	1.5895973861162016e-11
RPS14A	GYP7	1.546441089852762e-09
YHI9	ENT2	3.838873585509008e-10
PGI1	APE4	7.454294239816351e-10
RRT6	LOS1	8.505834600242214e-09
MRPL36	YKE2	2.9008428706378425e-12
SER2	YJR142W	1.8000179508948839e-10
HRT1	PNT1	1.3248842314284027e-09
TCA17	GUT2	3.2760198299866724e-09
CIR1	ASH1	5.2593179038594066e-11
SER2	GYP6	1.3528885278627456e-09
SSA3	MRPS9	4.693958992229932e-10
YDR124W	MSE1	2.628516150886823e-10
GDH2	ATP14	1.3154168768504735e-10
MUB1	PPN2	3.087119448517822e-10
DAL7	PTH4	6.656183717976929e-10
AIM6	YOL038C-A	1.7560442879458381e-09
DCW1	VPS71	1.11864491806531e-09
AGX1	MET30	7.822710126258955e-10
BIG1	SBE22	8.319167400278899e-11
FMO1	DAD2	1.5948228171163384e-10
STB5	PPZ1	1.2692887350088473e-10
PBN1	PFY1	2.518621950875315e-10
SEC9	PDR5	5.4885340317708075e-11
OCA4	SKG1	2.614822072976926e-09
SLX9	YNL208W	2.833850451588148e-10
CMC4	TEA1	7.215729584738539e-09
RIB1	SAC3	1.2191669429138912e-09
APM2	VPS25	1.0243256423479751e-10
FCF1	HOB2	4.138434641336128e-10
RIP1	SEY1	2.2051938869818271e-10
HOR7	CDC33	3.8061378262169225e-09
ORC6	PSH1	4.466797606911547e-10
PEX13	MSB1	1.4146847874672813e-12
SVS1	OAZ1	1.832055777232977e-10
RAD52	MRA1	2.064896197184321e-10
YOL036W	LPX1	5.039913460621014e-10
TPA1	GPH1	4.1769899283096414e-11
SNT1	NUP192	1.1447087865244426e-10
TAH11	SRV2	6.749017709203145e-11
TSA2	SUR1	5.684442477017174e-11
CCW22	YGP1	2.446230579216605e-10
ICE2	YMR187C	9.261865122302552e-11
PSP1	SFB3	3.4530062790553476e-09
SPG1	ARP6	4.885276604674349e-11
SPP381	OSH2	5.56477297975633e-10
GEP3	URN1	5.6118317675998385e-09
SAM35	DIP2	6.124239266351832e-10
CDC4	SLN1	4.95882128955038e-10
ECM11	TIF4632	9.75510174782226e-10
TIM13	PBI1	1.5190943465122792e-11
MRPS17	ASA1	5.451256843800462e-11
LCP5	STI1	5.23888094456737e-10
SAY1	YHL042W	5.2974259745389235e-11
APC4	YPL162C	1.6652163456185503e-09
UPC2	ISC1	2.49277126625321e-10
YNR066C	BIL1	5.415160323258453e-10
PHO5	GSY2	7.077202944169016e-11
RRT13	NIP100	2.11800919750387e-09
CAK1	STF2	6.487762569804432e-10
MSE1	YNCO0011W	1.864074941021605e-09
REI1	TIM50	2.752598530242251e-09
RPS25A	PLC1	4.565446019104321e-10
CYC7	GRX4	2.0846165290953864e-09
YBR219C	OMS1	1.6223030613974862e-10
MRPL16	YDR262W	1.4406694957380975e-10
HAP2	SLI1	2.0044223444480272e-11
PTA1	SPB4	1.9590104756627805e-09
YBL028C	TVS1	1.7375320993565829e-09
MMR1	YOR032W-A	1.2473508353772686e-10
SUB1	SCW10	6.950680116212062e-09
FMN1	YLR108C	1.0463153623098905e-09
TIM12	TDP1	1.8036086216244644e-10
YPQ1	MSS18	4.281531492862846e-10
MEP2	CLN2	2.5174268675507023e-10
SWA2	PWP1	6.17598913045018e-10
YBL081W	MPD1	1.7848405686298769e-10
ASM4	RPB4	1.970982874311209e-11
GCN1	RPS0B	2.833642574755826e-10
RAD61	UPS2	3.2655938782132965e-10
YCR041W	NCE101	3.029249732667055e-10
APL6	YNCO0031W	1.5432281255045715e-10
MBB1	GRR1	2.468363876993559e-10
RXT3	STP2	1.7491817721414593e-11
THP1	MSF1	1.3575978105976455e-10
ALG7	SPC98	1.0005992080795462e-09
SEC6	WAR1	3.8165891190370857e-10
EMI1	RPL20B	2.489737565156893e-09
YGL140C	UTR1	4.4677629748621677e-10
SYS1	DUS3	6.2558141092342525e-09
NTA1	HTS1	3.6282719572309083e-10
ATG42	YDR061W	1.4529795877350078e-11
GIP4	USE1	5.802060223178946e-12
MCM2	PET111	6.5276581200926745e-09
IRC7	STE11	1.889074349215045e-09
